[2026-09-30T23:39:02.474] [DEBUG] debug-file - File: 'E:\BiliMusic\HarmonyOS-Phone\entry\build\default\intermediates\preload\default\preload.json' from 'preloadSoJsonPath' is not exists, just ignore.
[2026-09-30T23:39:02.474] [DEBUG] debug-file - Error occurs while handling @Input 'shouldDeduplicateHar': The "data" argument must be of type string or an instance of Buffer, TypedArray, or DataView. Received undefined
[2026-09-30T23:39:02.474] [DEBUG] debug-file - Task 'entry:default@GeneratePkgModuleJson' cost while wrapping incremental declarations: 1 ms 
[2026-09-30T23:39:02.474] [DEBUG] debug-file - entry:default@GeneratePkgModuleJson is not up-to-date, since the input file 'E:\BiliMusic\HarmonyOS-Phone\entry\build\default\intermediates\res\default\module.json' has been changed.
[2026-09-30T23:39:02.474] [DEBUG] debug-file - Incremental task entry:default@GeneratePkgModuleJson pre-execution cost: 1 ms .
[2026-09-30T23:39:02.476] [DEBUG] debug-file - entry : default@GeneratePkgModuleJson cost memory 0.15100860595703125
[2026-09-30T23:39:02.476] [DEBUG] debug-file - runTaskFromQueue task cost before running: 10 s 379 ms 
[2026-09-30T23:39:02.476] [INFO] debug-file - Finished :entry:default@GeneratePkgModuleJson... after 3 ms 
[2026-09-30T23:39:02.477] [DEBUG] debug-file - Executing task :entry:default@ProcessCompiledResources
[2026-09-30T23:39:02.477] [DEBUG] debug-file - File: 'E:\BiliMusic\HarmonyOS-Phone\entry\build\default\intermediates\preload\default\preload.json' from 'preloadSoJsonPath' is not exists, just ignore.
[2026-09-30T23:39:02.477] [DEBUG] debug-file - Task 'entry:default@ProcessCompiledResources' cost while wrapping incremental declarations: 1 ms 
[2026-09-30T23:39:02.477] [DEBUG] debug-file - entry : default@ProcessCompiledResources cost memory 0.04837799072265625
[2026-09-30T23:39:02.477] [DEBUG] debug-file - runTaskFromQueue task cost before running: 10 s 380 ms 
[2026-09-30T23:39:02.477] [INFO] debug-file - Finished :entry:default@ProcessCompiledResources... after 1 ms 
[2026-09-30T23:39:02.478] [DEBUG] debug-file - Executing task :entry:default@PackageHap
[2026-09-30T23:39:02.479] [DEBUG] debug-file - entry:default@PackageHap is not up-to-date, since the input file 'E:\BiliMusic\HarmonyOS-Phone\entry\build\default\outputs\default\pack.info' has been changed.
[2026-09-30T23:39:02.479] [DEBUG] debug-file - Incremental task entry:default@PackageHap pre-execution cost: 1 ms .
[2026-09-30T23:39:02.480] [DEBUG] debug-file - Use tool [E:\Program Files\Huawei\DevEco Studio\sdk\default\openharmony\toolchains\lib\app_packing_tool.jar]
 [
  'java',
  '-Dfile.encoding=GBK',
  '-jar',
  'E:\\Program Files\\Huawei\\DevEco Studio\\sdk\\default\\openharmony\\toolchains\\lib\\app_packing_tool.jar',
  '--mode',
  'hap',
  '--force',
  'true',
  '--lib-path',
  'E:\\BiliMusic\\HarmonyOS-Phone\\entry\\build\\default\\intermediates\\stripped_native_libs\\default',
  '--json-path',
  'E:\\BiliMusic\\HarmonyOS-Phone\\entry\\build\\default\\intermediates\\package\\default\\module.json',
  '--resources-path',
  'E:\\BiliMusic\\HarmonyOS-Phone\\entry\\build\\default\\intermediates\\res\\default\\resources',
  '--index-path',
  'E:\\BiliMusic\\HarmonyOS-Phone\\entry\\build\\default\\intermediates\\res\\default\\resources.index',
  '--pack-info-path',
  'E:\\BiliMusic\\HarmonyOS-Phone\\entry\\build\\default\\outputs\\default\\pack.info',
  '--out-path',
  'E:\\BiliMusic\\HarmonyOS-Phone\\entry\\build\\default\\outputs\\default\\entry-default-unsigned.hap',
  '--ets-path',
  'E:\\BiliMusic\\HarmonyOS-Phone\\entry\\build\\default\\intermediates\\loader_out\\default\\ets',
  '--pkg-context-path',
  'E:\\BiliMusic\\HarmonyOS-Phone\\entry\\build\\default\\intermediates\\loader\\default\\pkgContextInfo.json'
]
[2026-09-30T23:39:02.480] [DEBUG] debug-file - default@PackageHap work[60] is submitted.
[2026-09-30T23:39:02.480] [DEBUG] debug-file - default@PackageHap work[60] is pushed to ready queue.
[2026-09-30T23:39:02.480] [DEBUG] debug-file - A work dispatched to worker[11] failed because unable to get work from ready queue.
[2026-09-30T23:39:02.480] [DEBUG] debug-file - default@PackageHap work[60] has been dispatched to worker[10].
[2026-09-30T23:39:02.480] [DEBUG] debug-file - default@PackageHap work[60] is dispatched.
[2026-09-30T23:39:02.483] [DEBUG] debug-file - entry : default@PackageHap cost memory 0.2241973876953125
[2026-09-30T23:39:02.594] [DEBUG] debug-file - current process  memoryUsage: {
  rss: 772177920,
  heapTotal: 57360384,
  heapUsed: 50533680,
  external: 3958577,
  arrayBuffers: 18671
} os memoryUsage :9.916034698486328
[2026-09-30T23:39:03.013] [DEBUG] debug-file - worker[10] has one work done.
[2026-09-30T23:39:03.013] [DEBUG] debug-file - default@PackageHap work[60] done.
[2026-09-30T23:39:03.014] [DEBUG] debug-file - A work dispatched to worker[10] failed because unable to get work from ready queue.
[2026-09-30T23:39:03.014] [INFO] debug-file - Finished :entry:default@PackageHap... after 427 ms 
[2026-09-30T23:39:03.014] [DEBUG] debug-file - Executing task :entry:default@PackingCheck
[2026-09-30T23:39:03.017] [DEBUG] debug-file - entry : default@PackingCheck cost memory 0.23105621337890625
[2026-09-30T23:39:03.017] [DEBUG] debug-file - runTaskFromQueue task cost before running: 10 s 920 ms 
[2026-09-30T23:39:03.018] [INFO] debug-file - Finished :entry:default@PackingCheck... after 3 ms 
[2026-09-30T23:39:03.018] [DEBUG] debug-file - Executing task :entry:default@SignHap
[2026-09-30T23:39:03.018] [WARN] debug-file - No signingConfig found for product default
[2026-09-30T23:39:03.018] [DEBUG] debug-file - entry:default@SignHap is not up-to-date, since the input file 'E:\BiliMusic\HarmonyOS-Phone\entry\build\default\outputs\default\entry-default-unsigned.hap' has been changed.
[2026-09-30T23:39:03.019] [DEBUG] debug-file - Incremental task entry:default@SignHap pre-execution cost: 1 ms .
[2026-09-30T23:39:03.019] [DEBUG] debug-file - entry : default@SignHap cost memory 0.06284332275390625
[2026-09-30T23:39:03.019] [DEBUG] debug-file - runTaskFromQueue task cost before running: 10 s 921 ms 
[2026-09-30T23:39:03.019] [INFO] debug-file - Finished :entry:default@SignHap... after 1 ms 
[2026-09-30T23:39:03.019] [DEBUG] debug-file - Executing task :entry:default@CollectDebugSymbol
[2026-09-30T23:39:03.020] [DEBUG] debug-file - entry : default@CollectDebugSymbol cost memory 0.07514190673828125
[2026-09-30T23:39:03.020] [DEBUG] debug-file - runTaskFromQueue task cost before running: 10 s 922 ms 
[2026-09-30T23:39:03.020] [INFO] debug-file - Finished :entry:default@CollectDebugSymbol... after 1 ms 
[2026-09-30T23:39:03.020] [DEBUG] debug-file - Executing task :entry:assembleHap
[2026-09-30T23:39:03.020] [DEBUG] debug-file - entry : assembleHap cost memory 0.011627197265625
[2026-09-30T23:39:03.021] [DEBUG] debug-file - runTaskFromQueue task cost before running: 10 s 923 ms 
[2026-09-30T23:39:03.021] [INFO] debug-file - Finished :entry:assembleHap... after 2 ms 
[2026-09-30T23:39:03.022] [INFO] debug-file - BUILD SUCCESSFUL in 10 s 924 ms 
[2026-09-30T23:39:03.022] [DEBUG] debug-file - There is no need to refresh cache, since the incremental task entry:default@PreBuild is up-to-date.
[2026-09-30T23:39:03.022] [DEBUG] debug-file - Update task entry:default@CreateModuleInfo output file:E:\BiliMusic\HarmonyOS-Phone\entry\build\default\generated\profile\default\ModuleInfo.ts cache.
[2026-09-30T23:39:03.022] [DEBUG] debug-file - Incremental task entry:default@CreateModuleInfo post-execution cost:1 ms .
[2026-09-30T23:39:03.022] [DEBUG] debug-file - Update task entry:default@GenerateMetadata input file:E:\BiliMusic\HarmonyOS-Phone\entry\src\main\module.json5 cache by regenerate.
[2026-09-30T23:39:03.023] [DEBUG] debug-file - Update task entry:default@GenerateMetadata output file:E:\BiliMusic\HarmonyOS-Phone\entry\build\default\intermediates\hap_metadata\default\output_metadata.json cache.
[2026-09-30T23:39:03.023] [DEBUG] debug-file - Incremental task entry:default@GenerateMetadata post-execution cost:1 ms .
[2026-09-30T23:39:03.023] [DEBUG] debug-file - Update task entry:default@MergeProfile input file:E:\BiliMusic\HarmonyOS-Phone\AppScope\app.json5 cache by regenerate.
[2026-09-30T23:39:03.023] [DEBUG] debug-file - Update task entry:default@MergeProfile input file:E:\BiliMusic\HarmonyOS-Phone\build-profile.json5 cache by regenerate.
[2026-09-30T23:39:03.023] [DEBUG] debug-file - Update task entry:default@MergeProfile input file:E:\BiliMusic\HarmonyOS-Phone\entry\src\main\module.json5 cache by regenerate.
[2026-09-30T23:39:03.023] [DEBUG] debug-file - Update task entry:default@MergeProfile output file:E:\BiliMusic\HarmonyOS-Phone\entry\build\default\intermediates\merge_profile\default\module.json cache.
[2026-09-30T23:39:03.023] [DEBUG] debug-file - Incremental task entry:default@MergeProfile post-execution cost:1 ms .
[2026-09-30T23:39:03.023] [DEBUG] debug-file - Update task entry:default@CreateBuildProfile input file:E:\BiliMusic\HarmonyOS-Phone\AppScope\app.json5 cache by regenerate.
[2026-09-30T23:39:03.023] [DEBUG] debug-file - Update task entry:default@CreateBuildProfile input file:E:\BiliMusic\HarmonyOS-Phone\build-profile.json5 cache by regenerate.
[2026-09-30T23:39:03.023] [DEBUG] debug-file - Update task entry:default@CreateBuildProfile output file:E:\BiliMusic\HarmonyOS-Phone\entry\build\default\generated\profile\default\BuildProfile.ets cache.
[2026-09-30T23:39:03.023] [DEBUG] debug-file - Incremental task entry:default@CreateBuildProfile post-execution cost:1 ms .
[2026-09-30T23:39:03.024] [DEBUG] debug-file - Update task entry:default@GeneratePkgContextInfo output file:E:\BiliMusic\HarmonyOS-Phone\entry\build\default\intermediates\loader\default\pkgContextInfo.json cache.
[2026-09-30T23:39:03.024] [DEBUG] debug-file - Incremental task entry:default@GeneratePkgContextInfo post-execution cost:1 ms .
[2026-09-30T23:39:03.024] [DEBUG] debug-file - Update task entry:default@GeneratePkgSdkInfo output file:E:\BiliMusic\HarmonyOS-Phone\entry\build\default\intermediates\loader\default\pkgSdkInfo.json cache.
[2026-09-30T23:39:03.024] [DEBUG] debug-file - Incremental task entry:default@GeneratePkgSdkInfo post-execution cost:1 ms .
[2026-09-30T23:39:03.024] [DEBUG] debug-file - Update task entry:default@ProcessIntegratedHsp output file:E:\BiliMusic\HarmonyOS-Phone\build\cache\default\integrated_hsp\integratedHspCache.json cache.
[2026-09-30T23:39:03.024] [DEBUG] debug-file - Incremental task entry:default@ProcessIntegratedHsp post-execution cost:1 ms .
[2026-09-30T23:39:03.024] [DEBUG] debug-file - Update task entry:default@MakePackInfo input file:E:\BiliMusic\HarmonyOS-Phone\AppScope\app.json5 cache by regenerate.
[2026-09-30T23:39:03.024] [DEBUG] debug-file - Update task entry:default@MakePackInfo input file:E:\BiliMusic\HarmonyOS-Phone\entry\src\main\module.json5 cache by regenerate.
[2026-09-30T23:39:03.024] [DEBUG] debug-file - Update task entry:default@MakePackInfo input file:E:\BiliMusic\HarmonyOS-Phone\build-profile.json5 cache by regenerate.
[2026-09-30T23:39:03.024] [DEBUG] debug-file - Update task entry:default@MakePackInfo output file:E:\BiliMusic\HarmonyOS-Phone\entry\build\default\outputs\default\pack.info cache.
[2026-09-30T23:39:03.024] [DEBUG] debug-file - Incremental task entry:default@MakePackInfo post-execution cost:1 ms .
[2026-09-30T23:39:03.024] [DEBUG] debug-file - Update task entry:default@SyscapTransform input file:E:\Program Files\Huawei\DevEco Studio\sdk\default\openharmony\toolchains\syscap_tool.exe cache by regenerate.
[2026-09-30T23:39:03.024] [DEBUG] debug-file - Update task entry:default@SyscapTransform input file:E:\Program Files\Huawei\DevEco Studio\sdk\default\openharmony\ets\api\device-define cache by regenerate.
[2026-09-30T23:39:03.025] [DEBUG] debug-file - Update task entry:default@SyscapTransform output file:E:\BiliMusic\HarmonyOS-Phone\entry\build\default\intermediates\syscap\default\rpcid.sc cache.
[2026-09-30T23:39:03.025] [DEBUG] debug-file - Incremental task entry:default@SyscapTransform post-execution cost:1 ms .
[2026-09-30T23:39:03.025] [DEBUG] debug-file - Update task entry:default@ProcessProfile input file:E:\BiliMusic\HarmonyOS-Phone\entry\build\default\intermediates\merge_profile\default\module.json cache from map.
[2026-09-30T23:39:03.025] [DEBUG] debug-file - Update task entry:default@ProcessProfile output file:E:\BiliMusic\HarmonyOS-Phone\entry\build\default\intermediates\process_profile\default\module.json cache.
[2026-09-30T23:39:03.025] [DEBUG] debug-file - Incremental task entry:default@ProcessProfile post-execution cost:1 ms .
[2026-09-30T23:39:03.025] [DEBUG] debug-file - Update task entry:default@ProcessRouterMap input file:E:\BiliMusic\HarmonyOS-Phone\entry\oh-package.json5 cache by regenerate.
[2026-09-30T23:39:03.025] [DEBUG] debug-file - Update task entry:default@ProcessRouterMap input file:E:\BiliMusic\HarmonyOS-Phone\oh-package.json5 cache by regenerate.
[2026-09-30T23:39:03.025] [DEBUG] debug-file - Update task entry:default@ProcessRouterMap input file:E:\BiliMusic\HarmonyOS-Phone\entry\src\main\module.json5 cache by regenerate.
[2026-09-30T23:39:03.025] [DEBUG] debug-file - Update task entry:default@ProcessRouterMap input file:E:\BiliMusic\HarmonyOS-Phone\entry\build\default\intermediates\loader\default\pkgContextInfo.json cache from map.
[2026-09-30T23:39:03.025] [DEBUG] debug-file - Update task entry:default@ProcessRouterMap output file:E:\BiliMusic\HarmonyOS-Phone\entry\build\default\intermediates\router_map\default\temp-router-map.json cache.
[2026-09-30T23:39:03.026] [DEBUG] debug-file - Update task entry:default@ProcessRouterMap output file:E:\BiliMusic\HarmonyOS-Phone\entry\build\default\intermediates\router_map\default\loader-router-map.json cache.
[2026-09-30T23:39:03.026] [DEBUG] debug-file - Incremental task entry:default@ProcessRouterMap post-execution cost:1 ms .
[2026-09-30T23:39:03.026] [DEBUG] debug-file - Update task entry:default@ProcessShareConfig input file:E:\BiliMusic\HarmonyOS-Phone\entry\oh-package.json5 cache by regenerate.
[2026-09-30T23:39:03.026] [DEBUG] debug-file - Update task entry:default@ProcessShareConfig input file:E:\BiliMusic\HarmonyOS-Phone\oh-package.json5 cache by regenerate.
[2026-09-30T23:39:03.026] [DEBUG] debug-file - Update task entry:default@ProcessShareConfig input file:E:\BiliMusic\HarmonyOS-Phone\entry\src\main\module.json5 cache by regenerate.
[2026-09-30T23:39:03.026] [DEBUG] debug-file - Update task entry:default@ProcessShareConfig input file:E:\BiliMusic\HarmonyOS-Phone\entry\build\default\intermediates\loader\default\pkgContextInfo.json cache from map.
[2026-09-30T23:39:03.026] [DEBUG] debug-file - Update task entry:default@ProcessShareConfig output file:E:\BiliMusic\HarmonyOS-Phone\entry\build\default\intermediates\share_config\default\temp-share-config.json cache.
[2026-09-30T23:39:03.026] [DEBUG] debug-file - Incremental task entry:default@ProcessShareConfig post-execution cost:1 ms .
[2026-09-30T23:39:03.026] [DEBUG] debug-file - Update task entry:default@ProcessStartupConfig input file:E:\BiliMusic\HarmonyOS-Phone\entry\build\default\intermediates\loader\default\pkgContextInfo.json cache from map.
[2026-09-30T23:39:03.026] [DEBUG] debug-file - Update task entry:default@ProcessStartupConfig output file:E:\BiliMusic\HarmonyOS-Phone\entry\build\default\intermediates\startup\default\startup_config.json cache.
[2026-09-30T23:39:03.026] [DEBUG] debug-file - Incremental task entry:default@ProcessStartupConfig post-execution cost:1 ms .
[2026-09-30T23:39:03.026] [DEBUG] debug-file - Update task entry:default@ProcessResource output file:E:\BiliMusic\HarmonyOS-Phone\entry\build\default\intermediates\res\default\resConfig.json cache.
[2026-09-30T23:39:03.027] [DEBUG] debug-file - Update task entry:default@ProcessResource output file:E:\BiliMusic\HarmonyOS-Phone\entry\build\default\intermediates\res\default\opt-compression.json cache.
[2026-09-30T23:39:03.027] [DEBUG] debug-file - Incremental task entry:default@ProcessResource post-execution cost:1 ms .
[2026-09-30T23:39:03.027] [DEBUG] debug-file - Update task entry:default@GenerateLoaderJson input file:E:\BiliMusic\HarmonyOS-Phone\entry\build\default\intermediates\loader\default\pkgContextInfo.json cache from map.
[2026-09-30T23:39:03.027] [DEBUG] debug-file - Update task entry:default@GenerateLoaderJson input file:E:\BiliMusic\HarmonyOS-Phone\entry\build\default\intermediates\router_map\default\temp-router-map.json cache by regenerate.
[2026-09-30T23:39:03.027] [DEBUG] debug-file - Update task entry:default@GenerateLoaderJson output file:E:\BiliMusic\HarmonyOS-Phone\entry\build\default\intermediates\loader\default\loader.json cache.
[2026-09-30T23:39:03.027] [DEBUG] debug-file - Incremental task entry:default@GenerateLoaderJson post-execution cost:1 ms .
[2026-09-30T23:39:03.027] [DEBUG] debug-file - Update task entry:default@ProcessLibs input file:E:\BiliMusic\HarmonyOS-Phone\build-profile.json5 cache by regenerate.
[2026-09-30T23:39:03.027] [DEBUG] debug-file - Update task entry:default@ProcessLibs input file:E:\BiliMusic\HarmonyOS-Phone\entry\build-profile.json5 cache by regenerate.
[2026-09-30T23:39:03.028] [DEBUG] debug-file - Update task entry:default@ProcessLibs output file:E:\BiliMusic\HarmonyOS-Phone\entry\build\default\intermediates\libs\default cache.
[2026-09-30T23:39:03.028] [DEBUG] debug-file - Incremental task entry:default@ProcessLibs post-execution cost:1 ms .
[2026-09-30T23:39:03.028] [DEBUG] debug-file - Update task entry:default@CompileResource input file:E:\BiliMusic\HarmonyOS-Phone\entry\src\main\resources cache by regenerate.
[2026-09-30T23:39:03.029] [DEBUG] debug-file - Update task entry:default@CompileResource input file:E:\BiliMusic\HarmonyOS-Phone\AppScope\resources cache by regenerate.
[2026-09-30T23:39:03.030] [DEBUG] debug-file - Update task entry:default@CompileResource input file:E:\BiliMusic\HarmonyOS-Phone\entry\build\default\intermediates\process_profile\default\module.json cache from map.
[2026-09-30T23:39:03.030] [DEBUG] debug-file - Update task entry:default@CompileResource input file:E:\BiliMusic\HarmonyOS-Phone\entry\build\default\intermediates\res\default\resConfig.json cache by regenerate.
[2026-09-30T23:39:03.030] [DEBUG] debug-file - Update task entry:default@CompileResource output file:E:\BiliMusic\HarmonyOS-Phone\entry\build\default\intermediates\res\default cache.
[2026-09-30T23:39:03.032] [DEBUG] debug-file - Update task entry:default@CompileResource output file:E:\BiliMusic\HarmonyOS-Phone\entry\build\default\generated\r\default\ResourceTable.h cache.
[2026-09-30T23:39:03.032] [DEBUG] debug-file - Update task entry:default@CompileResource output file:E:\BiliMusic\HarmonyOS-Phone\entry\build\default\generated\r\default\ResourceTable.ts cache.
[2026-09-30T23:39:03.032] [DEBUG] debug-file - Update task entry:default@CompileResource output file:E:\BiliMusic\HarmonyOS-Phone\entry\build\default\generated\r\default cache.
[2026-09-30T23:39:03.033] [DEBUG] debug-file - Incremental task entry:default@CompileResource post-execution cost:6 ms .
[2026-09-30T23:39:03.033] [DEBUG] debug-file - Update task entry:default@DoNativeStrip input file:E:\BiliMusic\HarmonyOS-Phone\entry\build\default\intermediates\libs\default cache by regenerate.
[2026-09-30T23:39:03.034] [DEBUG] debug-file - Update task entry:default@DoNativeStrip output file:E:\BiliMusic\HarmonyOS-Phone\entry\build\default\intermediates\stripped_native_libs\default cache.
[2026-09-30T23:39:03.034] [DEBUG] debug-file - Incremental task entry:default@DoNativeStrip post-execution cost:1 ms .
[2026-09-30T23:39:03.035] [DEBUG] debug-file - Update task entry:default@CompileArkTS input file:E:\BiliMusic\HarmonyOS-Phone\entry\build\default\intermediates\loader\default cache from map.
[2026-09-30T23:39:03.035] [DEBUG] debug-file - Update task entry:default@CompileArkTS input file:E:\BiliMusic\HarmonyOS-Phone\entry\build\default\intermediates\res\default\ResourceTable.txt cache by regenerate.
[2026-09-30T23:39:03.035] [DEBUG] debug-file - Update task entry:default@CompileArkTS input file:E:\BiliMusic\HarmonyOS-Phone\entry\build\default\intermediates\res\default\ark_module.json cache by regenerate.
[2026-09-30T23:39:03.035] [DEBUG] debug-file - Update task entry:default@CompileArkTS input file:E:\BiliMusic\HarmonyOS-Phone\entry\build\default\intermediates\res\default\resources\base\profile cache by regenerate.
[2026-09-30T23:39:03.035] [DEBUG] debug-file - Update task entry:default@CompileArkTS input file:E:\BiliMusic\HarmonyOS-Phone\entry\src\main\ets cache by regenerate.
[2026-09-30T23:39:03.040] [DEBUG] debug-file - Update task entry:default@CompileArkTS input file:E:\BiliMusic\HarmonyOS-Phone\entry\build\default\intermediates\loader\default\pkgContextInfo.json cache by regenerate.
[2026-09-30T23:39:03.041] [DEBUG] debug-file - Update task entry:default@CompileArkTS input file:E:\BiliMusic\HarmonyOS-Phone\entry\build\default\generated\profile\default\BuildProfile.ets cache by regenerate.
[2026-09-30T23:39:03.041] [DEBUG] debug-file - Update task entry:default@CompileArkTS output file:E:\BiliMusic\HarmonyOS-Phone\entry\build\default\intermediates\loader_out\default\ets cache.
[2026-09-30T23:39:03.041] [DEBUG] debug-file - Incremental task entry:default@CompileArkTS post-execution cost:8 ms .
[2026-09-30T23:39:03.042] [DEBUG] debug-file - Update task entry:default@BuildJS input file:E:\BiliMusic\HarmonyOS-Phone\entry\build\default\intermediates\loader\default cache by regenerate.
[2026-09-30T23:39:03.042] [DEBUG] debug-file - Update task entry:default@BuildJS input file:E:\BiliMusic\HarmonyOS-Phone\entry\build\default\intermediates\res\default\ResourceTable.txt cache by regenerate.
[2026-09-30T23:39:03.042] [DEBUG] debug-file - Update task entry:default@BuildJS input file:E:\BiliMusic\HarmonyOS-Phone\entry\build\default\intermediates\res\default\ark_module.json cache by regenerate.
[2026-09-30T23:39:03.042] [DEBUG] debug-file - Update task entry:default@BuildJS input file:E:\BiliMusic\HarmonyOS-Phone\entry\build\default\intermediates\res\default\resources\base\profile cache by regenerate.
[2026-09-30T23:39:03.043] [DEBUG] debug-file - Update task entry:default@BuildJS input file:E:\BiliMusic\HarmonyOS-Phone\entry\build\default\intermediates\loader\default\pkgContextInfo.json cache by regenerate.
[2026-09-30T23:39:03.043] [DEBUG] debug-file - Update task entry:default@BuildJS output file:E:\BiliMusic\HarmonyOS-Phone\entry\build\default\intermediates\loader_out\default\js cache.
[2026-09-30T23:39:03.043] [DEBUG] debug-file - Incremental task entry:default@BuildJS post-execution cost:2 ms .
[2026-09-30T23:39:03.043] [DEBUG] debug-file - Update task entry:default@CacheNativeLibs input file:E:\BiliMusic\HarmonyOS-Phone\entry\build\default\intermediates\stripped_native_libs\default cache by regenerate.
[2026-09-30T23:39:03.044] [DEBUG] debug-file - Update task entry:default@CacheNativeLibs input file:E:\BiliMusic\HarmonyOS-Phone\entry\build\default\intermediates\libs\default cache by regenerate.
[2026-09-30T23:39:03.044] [DEBUG] debug-file - Update task entry:default@CacheNativeLibs output file:E:\BiliMusic\HarmonyOS-Phone\entry\build\default\intermediates\patch\default\base_native_libs.json cache.
[2026-09-30T23:39:03.044] [DEBUG] debug-file - Update task entry:default@CacheNativeLibs output file:E:\BiliMusic\HarmonyOS-Phone\entry\build\default\intermediates\patch\default\binxo_native_libs.json cache.
[2026-09-30T23:39:03.044] [DEBUG] debug-file - Incremental task entry:default@CacheNativeLibs post-execution cost:2 ms .
[2026-09-30T23:39:03.044] [DEBUG] debug-file - Update task entry:default@GeneratePkgModuleJson input file:E:\BiliMusic\HarmonyOS-Phone\entry\build\default\intermediates\res\default\module.json cache from map.
[2026-09-30T23:39:03.045] [DEBUG] debug-file - Update task entry:default@GeneratePkgModuleJson output file:E:\BiliMusic\HarmonyOS-Phone\entry\build\default\intermediates\package\default\module.json cache.
[2026-09-30T23:39:03.045] [DEBUG] debug-file - Incremental task entry:default@GeneratePkgModuleJson post-execution cost:1 ms .
[2026-09-30T23:39:03.045] [DEBUG] debug-file - Incremental task entry:default@ProcessCompiledResources post-execution cost:1 ms .
[2026-09-30T23:39:03.045] [DEBUG] debug-file - Update task entry:default@PackageHap input file:E:\BiliMusic\HarmonyOS-Phone\entry\build\default\outputs\default\pack.info cache from map.
[2026-09-30T23:39:03.045] [DEBUG] debug-file - Update task entry:default@PackageHap input file:E:\BiliMusic\HarmonyOS-Phone\entry\build\default\intermediates\stripped_native_libs\default cache by regenerate.
[2026-09-30T23:39:03.045] [DEBUG] debug-file - Update task entry:default@PackageHap input file:E:\BiliMusic\HarmonyOS-Phone\entry\build\default\intermediates\res\default\module.json cache by regenerate.
[2026-09-30T23:39:03.046] [DEBUG] debug-file - Update task entry:default@PackageHap input file:E:\BiliMusic\HarmonyOS-Phone\entry\build\default\intermediates\res\default\resources cache by regenerate.
[2026-09-30T23:39:03.047] [DEBUG] debug-file - Update task entry:default@PackageHap input file:E:\BiliMusic\HarmonyOS-Phone\entry\build\default\intermediates\res\default\resources.index cache by regenerate.
[2026-09-30T23:39:03.047] [DEBUG] debug-file - Update task entry:default@PackageHap input file:E:\BiliMusic\HarmonyOS-Phone\entry\build\default\intermediates\loader_out\default\ets cache by regenerate.
[2026-09-30T23:39:03.047] [DEBUG] debug-file - Update task entry:default@PackageHap input file:E:\BiliMusic\HarmonyOS-Phone\entry\build\default\intermediates\loader\default\pkgContextInfo.json cache by regenerate.
[2026-09-30T23:39:03.047] [DEBUG] debug-file - Update task entry:default@PackageHap input file:E:\BiliMusic\HarmonyOS-Phone\entry\build\default\intermediates\package\default\module.json cache by regenerate.
[2026-09-30T23:39:03.048] [DEBUG] debug-file - Update task entry:default@PackageHap input file:E:\BiliMusic\HarmonyOS-Phone\entry\build\default\intermediates\loader_out\default\ets\sourceMaps.map cache by regenerate.
[2026-09-30T23:39:03.048] [DEBUG] debug-file - Update task entry:default@PackageHap input file:E:\BiliMusic\HarmonyOS-Phone\entry\build\default\generated\profile\default\BuildProfile.ets cache by regenerate.
[2026-09-30T23:39:03.048] [DEBUG] debug-file - Update task entry:default@PackageHap output file:E:\BiliMusic\HarmonyOS-Phone\entry\build\default\outputs\default\entry-default-unsigned.hap cache.
[2026-09-30T23:39:03.048] [DEBUG] debug-file - Update task entry:default@PackageHap output file:E:\BiliMusic\HarmonyOS-Phone\entry\build\default\intermediates\source_map\default\sourceMaps.map cache.
[2026-09-30T23:39:03.048] [DEBUG] debug-file - Update task entry:default@PackageHap output file:E:\BiliMusic\HarmonyOS-Phone\entry\build\default\outputs\default\mapping\sourceMaps.map cache.
[2026-09-30T23:39:03.048] [DEBUG] debug-file - Incremental task entry:default@PackageHap post-execution cost:4 ms .
[2026-09-30T23:39:03.048] [DEBUG] debug-file - Update task entry:default@SignHap input file:E:\BiliMusic\HarmonyOS-Phone\entry\build\default\outputs\default\entry-default-unsigned.hap cache from map.
[2026-09-30T23:39:03.048] [DEBUG] debug-file - Update task entry:default@SignHap output file:E:\BiliMusic\HarmonyOS-Phone\entry\build\default\outputs\default\entry-default-signed.hap cache.
[2026-09-30T23:39:03.048] [DEBUG] debug-file - Incremental task entry:default@SignHap post-execution cost:1 ms .
[2026-09-30T23:39:03.049] [DEBUG] debug-file - Update task entry:default@CollectDebugSymbol input file:E:\BiliMusic\HarmonyOS-Phone\entry\build\default\intermediates\loader_out\default\ets\sourceMaps.map cache by regenerate.
[2026-09-30T23:39:03.049] [DEBUG] debug-file - Update task entry:default@CollectDebugSymbol input file:E:\BiliMusic\HarmonyOS-Phone\entry\build\default\intermediates\libs\default cache by regenerate.
[2026-09-30T23:39:03.049] [DEBUG] debug-file - Update task entry:default@CollectDebugSymbol output file:E:\BiliMusic\HarmonyOS-Phone\entry\build\default\outputs\default\symbol cache.
[2026-09-30T23:39:03.049] [DEBUG] debug-file - Incremental task entry:default@CollectDebugSymbol post-execution cost:1 ms .
[2026-09-30T23:39:03.057] [DEBUG] debug-file - Cleanup worker 0.
[2026-09-30T23:39:03.057] [DEBUG] debug-file - Cleanup worker 1.
[2026-09-30T23:39:03.057] [DEBUG] debug-file - Cleanup worker 9.
[2026-09-30T23:39:03.057] [DEBUG] debug-file - Cleanup worker 10.
[2026-09-30T23:39:03.057] [DEBUG] debug-file - hvigor build process will be closed.
[2026-09-30T23:39:03.059] [DEBUG] debug-file - worker[0] exits with exit code 1.
[2026-09-30T23:39:03.060] [DEBUG] debug-file - Worker 0 has been cleaned up.
[2026-09-30T23:39:03.060] [DEBUG] debug-file - Current idle worker size: 1.
[2026-09-30T23:39:03.060] [DEBUG] debug-file - Current resident worker size: 4.
[2026-09-30T23:39:03.060] [DEBUG] debug-file - worker[1] exits with exit code 1.
[2026-09-30T23:39:03.060] [DEBUG] debug-file - Worker 1 has been cleaned up.
[2026-09-30T23:39:03.060] [DEBUG] debug-file - Current idle worker size: 1.
[2026-09-30T23:39:03.060] [DEBUG] debug-file - Current resident worker size: 3.
[2026-09-30T23:39:03.061] [DEBUG] debug-file - worker[9] exits with exit code 1.
[2026-09-30T23:39:03.061] [DEBUG] debug-file - Worker 9 has been cleaned up.
[2026-09-30T23:39:03.061] [DEBUG] debug-file - Current idle worker size: 1.
[2026-09-30T23:39:03.061] [DEBUG] debug-file - Current resident worker size: 2.
[2026-09-30T23:39:03.061] [DEBUG] debug-file - worker[10] exits with exit code 1.
[2026-09-30T23:39:03.061] [DEBUG] debug-file - Worker 10 has been cleaned up.
[2026-09-30T23:39:03.062] [DEBUG] debug-file - Current idle worker size: 1.
[2026-09-30T23:39:03.062] [DEBUG] debug-file - Current resident worker size: 1.
[2026-09-30T23:39:03.070] [DEBUG] debug-file - session manager: send message to worker process. WorkerThreadId: 0, data: {"type":"hvigor_failed","reason":"Server has disconnected."}
[2026-09-30T23:39:03.071] [DEBUG] debug-file - session manager: send message to worker process. WorkerThreadId: 0, data: {"type":"CloseWatch","reason":"Server has disconnected."}
[2026-09-30T23:39:03.071] [DEBUG] debug-file - watch worker: worker id should be larger than 0. Nothing will be sent to any worker thread.
[2026-09-30T23:39:03.071] [DEBUG] debug-file - ABORT_WORK sent to workers.
[2026-09-30T23:39:03.071] [DEBUG] debug-file - watch worker: worker id should be larger than 0. Nothing will be sent to any worker thread.
[2026-09-30T23:51:38.190] [DEBUG] debug-file - env: nodejsVersion=v24.14.1
[2026-09-30T23:51:38.204] [DEBUG] debug-file - env: daemon=true
[2026-09-30T23:51:38.191] [DEBUG] debug-file - env: hvigor-config.json5 content = {
  modelVersion: '26.0.0',
  dependencies: {},
  execution: {},
  logging: {},
  debugging: {},
  nodeOptions: {}
}
[2026-09-30T23:51:38.525] [DEBUG] debug-file - session manager: set active socket. socketId=rJNEMo8ci9lG94AEAAAv
[2026-09-30T23:51:38.530] [DEBUG] debug-file - watch worker: worker id should be larger than 0. Nothing will be sent to any worker thread.
[2026-09-30T23:51:38.531] [DEBUG] debug-file - Workers' log level updated to INFO
[2026-09-30T23:51:38.532] [DEBUG] debug-file - Hvigor init with startParameters:{
  hvigorfileTypeCheck: false,
  parallelExecution: true,
  incrementalExecution: true,
  printStackTrace: false,
  daemon: true,
  analyze: 0,
  logLevel: Level { level: 20000, levelStr: 'INFO', colour: 'green' },
  optimizationStrategy: 'memory',
  hotCompile: undefined,
  hotReloadBuild: undefined,
  customizedParam: undefined
}
[2026-09-30T23:51:38.537] [DEBUG] debug-file - Cache service initialization finished in 5 ms 
[2026-09-30T23:51:38.537] [DEBUG] debug-file - hvigorfile, resolving E:\BiliMusic\HarmonyOS-Phone\hvigorfile.ts
[2026-09-30T23:51:38.539] [DEBUG] debug-file - hvigorfile, require result:  { default: { plugins: [] } }
[2026-09-30T23:51:38.539] [DEBUG] debug-file - hvigorfile, binding system plugins null
[2026-09-30T23:51:38.539] [DEBUG] debug-file - Starting plugin build process
[2026-09-30T23:51:38.539] [DEBUG] debug-file - App plugin prepare start...
[2026-09-30T23:51:38.539] [DEBUG] debug-file - App plugin prepare end...
[2026-09-30T23:51:38.539] [DEBUG] debug-file - App plugin creating...
[2026-09-30T23:51:38.696] [DEBUG] debug-file - App plugin register hook start...
[2026-09-30T23:51:38.696] [DEBUG] debug-file - App plugin register hook end...
[2026-09-30T23:51:38.696] [DEBUG] debug-file - Plugin build process completed
[2026-09-30T23:51:38.697] [DEBUG] debug-file - Start initialize project's product build option map with build mode debug.
[2026-09-30T23:51:38.697] [DEBUG] debug-file - Picking option from product 'default' with build mode 'debug'.
[2026-09-30T23:51:38.697] [DEBUG] debug-file - Product 'default' build option initialized
[2026-09-30T23:51:38.697] [DEBUG] debug-file - End initialize project's product build option map with build mode 'debug'.
[2026-09-30T23:51:38.697] [DEBUG] debug-file - Obtain build option for product 'default'in this build.
[2026-09-30T23:51:38.697] [DEBUG] debug-file - No signingConfig found, initRemoteHspCache failed.
[2026-09-30T23:51:38.698] [DEBUG] debug-file - Start recording SDK configuration permission data.
[2026-09-30T23:51:38.716] [DEBUG] debug-file - Sdk init in 19 ms 
[2026-09-30T23:51:38.718] [DEBUG] debug-file - Project task initialization takes 2 ms 
[2026-09-30T23:51:38.718] [DEBUG] debug-file - hvigorfile, begin to bind custom plugins...
[2026-09-30T23:51:38.718] [DEBUG] debug-file - hvigorfile, no custom plugins were found in E:\BiliMusic\HarmonyOS-Phone\hvigorfile.ts
[2026-09-30T23:51:38.718] [DEBUG] debug-file - hvigorfile, resolve finished E:\BiliMusic\HarmonyOS-Phone\hvigorfile.ts
[2026-09-30T23:51:38.719] [DEBUG] debug-file - hvigorfile, resolving E:\BiliMusic\HarmonyOS-Phone\entry\hvigorfile.ts
[2026-09-30T23:51:38.722] [DEBUG] debug-file - hvigorfile, require result:  { default: { plugins: [] } }
[2026-09-30T23:51:38.722] [DEBUG] debug-file - hvigorfile, binding system plugins null
[2026-09-30T23:51:38.722] [DEBUG] debug-file - Starting plugin build process
[2026-09-30T23:51:38.722] [DEBUG] debug-file - Hap plugin creating...
[2026-09-30T23:51:38.723] [DEBUG] debug-file - failed to load cangjie to dynamically generate schemas: Error: Cannot find module '@ohos/cangjie-build-support/index'
Require stack:
- E:\Program Files\Huawei\DevEco Studio\tools\hvigor\hvigor-ohos-plugin\src\plugin\hooks\cangjie-register.js
- E:\Program Files\Huawei\DevEco Studio\tools\hvigor\hvigor-ohos-plugin\src\plugin\strategy\stage-init-strategy.js
- E:\Program Files\Huawei\DevEco Studio\tools\hvigor\hvigor-ohos-plugin\src\plugin\builder\abstract-plugin-builder.js
- E:\Program Files\Huawei\DevEco Studio\tools\hvigor\hvigor-ohos-plugin\src\plugin\builder\app-plugin-builder.js
- E:\Program Files\Huawei\DevEco Studio\tools\hvigor\hvigor-ohos-plugin\src\plugin\factory\plugin-factory.js
- E:\Program Files\Huawei\DevEco Studio\tools\hvigor\hvigor-ohos-plugin\index.js
- E:\BiliMusic\HarmonyOS-Phone\hvigorfile.ts
- E:\Program Files\Huawei\DevEco Studio\tools\hvigor\hvigor\src\base\internal\lifecycle\configuration.js
- E:\Program Files\Huawei\DevEco Studio\tools\hvigor\hvigor\src\base\boot\index.js
- E:\Program Files\Huawei\DevEco Studio\tools\hvigor\hvigor\src\base\daemon\cluster\worker-process-lifecycle.js
- E:\Program Files\Huawei\DevEco Studio\tools\hvigor\hvigor\src\base\daemon\process\daemon-process-boot-script.js
[2026-09-30T23:51:38.730] [DEBUG] debug-file - Start initialize module-target build option map, moduleName=entry, buildMode=debug
[2026-09-30T23:51:38.730] [DEBUG] debug-file - Target 'default' config initialized
[2026-09-30T23:51:38.730] [DEBUG] debug-file - Module 'entry' target 'default' build option initialized
[2026-09-30T23:51:38.731] [DEBUG] debug-file - End initialize module-target build option map, moduleName=entry
[2026-09-30T23:51:38.731] [DEBUG] debug-file - Start initialize module-target build option map, moduleName=entry, buildMode=release
[2026-09-30T23:51:38.731] [DEBUG] debug-file - Target 'default' config initialized
[2026-09-30T23:51:38.731] [DEBUG] debug-file - Module 'entry' target 'default' build option initialized
[2026-09-30T23:51:38.731] [DEBUG] debug-file - End initialize module-target build option map, moduleName=entry
[2026-09-30T23:51:38.731] [DEBUG] debug-file - Start initialize module-target build option map, moduleName=entry, buildMode=debug
[2026-09-30T23:51:38.731] [DEBUG] debug-file - Target 'default' config initialized
[2026-09-30T23:51:38.731] [DEBUG] debug-file - Module 'entry' target 'default' build option initialized
[2026-09-30T23:51:38.731] [DEBUG] debug-file - End initialize module-target build option map, moduleName=entry
[2026-09-30T23:51:38.731] [DEBUG] debug-file - Obtain build option for module 'entry' target 'default'in this build.
[2026-09-30T23:51:38.734] [DEBUG] debug-file - Module entry task initialization takes 3 ms 
[2026-09-30T23:51:38.734] [DEBUG] debug-file - Hap plugin register hook start...
[2026-09-30T23:51:38.734] [DEBUG] debug-file - Hap plugin register hook end...
[2026-09-30T23:51:38.734] [DEBUG] debug-file - Plugin build process completed
[2026-09-30T23:51:38.734] [DEBUG] debug-file - hvigorfile, begin to bind custom plugins...
[2026-09-30T23:51:38.734] [DEBUG] debug-file - hvigorfile, no custom plugins were found in E:\BiliMusic\HarmonyOS-Phone\entry\hvigorfile.ts
[2026-09-30T23:51:38.734] [DEBUG] debug-file - hvigorfile, resolve finished E:\BiliMusic\HarmonyOS-Phone\entry\hvigorfile.ts
[2026-09-30T23:51:38.755] [DEBUG] debug-file - hvigorfile, resolve hvigorfile dependencies in 21 ms 
[2026-09-30T23:51:38.755] [DEBUG] debug-file - project has submodules:entry
[2026-09-30T23:51:38.756] [DEBUG] debug-file - start to load updatedOhPackageInfo to the disk
[2026-09-30T23:51:38.757] [DEBUG] debug-file - load to the disk finished
[2026-09-30T23:51:38.757] [DEBUG] debug-file - Start to initialize dependency information.
[2026-09-30T23:51:38.760] [DEBUG] debug-file - Module HarmonyOS-Phone Collected Dependency: 
[2026-09-30T23:51:38.760] [DEBUG] debug-file - Module HarmonyOS-Phone's total dependency: 0
[2026-09-30T23:51:38.761] [DEBUG] debug-file - Start to initialize dependency information.
[2026-09-30T23:51:38.761] [DEBUG] debug-file - Module entry Collected Dependency: 
[2026-09-30T23:51:38.761] [DEBUG] debug-file - Module entry's total dependency: 0
[2026-09-30T23:51:38.762] [DEBUG] debug-file - Configuration phase cost:226 ms 
[2026-09-30T23:51:38.763] [DEBUG] debug-file - Configuration task cost before running: 233 ms 
[2026-09-30T23:51:38.765] [DEBUG] debug-file - Executing task :entry:default@PreBuild
[2026-09-30T23:51:38.768] [DEBUG] debug-file - Task 'entry:default@PreBuild' cost while wrapping incremental declarations: 1 ms 
[2026-09-30T23:51:38.771] [DEBUG] debug-file - Incremental task entry:default@PreBuild pre-execution cost: 2 ms .
[2026-09-30T23:51:38.771] [DEBUG] debug-file - entry : default@PreBuild cost memory 0.5665206909179688
[2026-09-30T23:51:38.772] [INFO] debug-file - UP-TO-DATE :entry:default@PreBuild...  
[2026-09-30T23:51:38.773] [DEBUG] debug-file - Executing task :entry:default@CreateModuleInfo
[2026-09-30T23:51:38.773] [DEBUG] debug-file - Task 'entry:default@CreateModuleInfo' cost while wrapping incremental declarations: 1 ms 
[2026-09-30T23:51:38.773] [DEBUG] debug-file - entry : default@CreateModuleInfo cost memory 0.05481719970703125
[2026-09-30T23:51:38.773] [DEBUG] debug-file - runTaskFromQueue task cost before running: 243 ms 
[2026-09-30T23:51:38.774] [INFO] debug-file - Finished :entry:default@CreateModuleInfo... after 1 ms 
[2026-09-30T23:51:38.774] [DEBUG] debug-file - Executing task :entry:default@GenerateMetadata
[2026-09-30T23:51:38.774] [DEBUG] debug-file - Task 'entry:default@GenerateMetadata' cost while wrapping incremental declarations: 1 ms 
[2026-09-30T23:51:38.775] [DEBUG] debug-file - Incremental task entry:default@GenerateMetadata pre-execution cost: 1 ms .
[2026-09-30T23:51:38.775] [DEBUG] debug-file - entry : default@GenerateMetadata cost memory 0.0843658447265625
[2026-09-30T23:51:38.775] [INFO] debug-file - UP-TO-DATE :entry:default@GenerateMetadata...  
[2026-09-30T23:51:38.776] [DEBUG] debug-file - Executing task :entry:default@ConfigureCmake
[2026-09-30T23:51:38.776] [DEBUG] debug-file - entry : default@ConfigureCmake cost memory 0.0190277099609375
[2026-09-30T23:51:38.776] [DEBUG] debug-file - runTaskFromQueue task cost before running: 246 ms 
[2026-09-30T23:51:38.776] [INFO] debug-file - Finished :entry:default@ConfigureCmake... after 1 ms 
[2026-09-30T23:51:38.777] [DEBUG] debug-file - Executing task :entry:default@MergeProfile
[2026-09-30T23:51:38.777] [DEBUG] debug-file - Task 'entry:default@MergeProfile' cost while wrapping incremental declarations: 1 ms 
[2026-09-30T23:51:38.778] [DEBUG] debug-file - Incremental task entry:default@MergeProfile pre-execution cost: 1 ms .
[2026-09-30T23:51:38.778] [DEBUG] debug-file - entry : default@MergeProfile cost memory 0.12291717529296875
[2026-09-30T23:51:38.778] [INFO] debug-file - UP-TO-DATE :entry:default@MergeProfile...  
[2026-09-30T23:51:38.779] [DEBUG] debug-file - Executing task :entry:default@CreateBuildProfile
[2026-09-30T23:51:38.779] [DEBUG] debug-file - Task 'entry:default@CreateBuildProfile' cost while wrapping incremental declarations: 1 ms 
[2026-09-30T23:51:38.780] [DEBUG] debug-file - Incremental task entry:default@CreateBuildProfile pre-execution cost: 1 ms .
[2026-09-30T23:51:38.780] [DEBUG] debug-file - entry : default@CreateBuildProfile cost memory 0.10189056396484375
[2026-09-30T23:51:38.780] [INFO] debug-file - UP-TO-DATE :entry:default@CreateBuildProfile...  
[2026-09-30T23:51:38.781] [DEBUG] debug-file - Executing task :entry:default@PreCheckSyscap
[2026-09-30T23:51:38.781] [DEBUG] debug-file - entry : default@PreCheckSyscap cost memory 0.01932525634765625
[2026-09-30T23:51:38.781] [DEBUG] debug-file - runTaskFromQueue task cost before running: 251 ms 
[2026-09-30T23:51:38.782] [INFO] debug-file - Finished :entry:default@PreCheckSyscap... after 1 ms 
[2026-09-30T23:51:38.782] [DEBUG] debug-file - Executing task :entry:default@GeneratePkgContextInfo
[2026-09-30T23:51:38.785] [DEBUG] debug-file - Task 'entry:default@GeneratePkgContextInfo' cost while wrapping incremental declarations: 1 ms 
[2026-09-30T23:51:38.785] [DEBUG] debug-file - Incremental task entry:default@GeneratePkgContextInfo pre-execution cost: 1 ms .
[2026-09-30T23:51:38.785] [DEBUG] debug-file - entry : default@GeneratePkgContextInfo cost memory 0.253326416015625
[2026-09-30T23:51:38.785] [INFO] debug-file - UP-TO-DATE :entry:default@GeneratePkgContextInfo...  
[2026-09-30T23:51:38.786] [DEBUG] debug-file - Executing task :entry:default@GeneratePkgSdkInfo
[2026-09-30T23:51:38.786] [DEBUG] debug-file - Task 'entry:default@GeneratePkgSdkInfo' cost while wrapping incremental declarations: 1 ms 
[2026-09-30T23:51:38.787] [DEBUG] debug-file - entry : default@GeneratePkgSdkInfo cost memory 0.116851806640625
[2026-09-30T23:51:38.787] [DEBUG] debug-file - runTaskFromQueue task cost before running: 256 ms 
[2026-09-30T23:51:38.787] [INFO] debug-file - Finished :entry:default@GeneratePkgSdkInfo... after 2 ms 
[2026-09-30T23:51:38.788] [DEBUG] debug-file - Executing task :entry:default@ProcessIntegratedHsp
[2026-09-30T23:51:38.788] [DEBUG] debug-file - entry:default@ProcessIntegratedHsp is not up-to-date, since the output file 'E:\BiliMusic\HarmonyOS-Phone\build\cache\default\integrated_hsp\integratedHspCache.json' does not exist.
[2026-09-30T23:51:38.788] [DEBUG] debug-file - Incremental task entry:default@ProcessIntegratedHsp pre-execution cost: 1 ms .
[2026-09-30T23:51:38.788] [DEBUG] debug-file - entry : default@ProcessIntegratedHsp cost memory 0.0729217529296875
[2026-09-30T23:51:38.788] [DEBUG] debug-file - runTaskFromQueue task cost before running: 258 ms 
[2026-09-30T23:51:38.788] [INFO] debug-file - Finished :entry:default@ProcessIntegratedHsp... after 1 ms 
[2026-09-30T23:51:38.789] [DEBUG] debug-file - Executing task :entry:default@BuildNativeWithCmake
[2026-09-30T23:51:38.789] [DEBUG] debug-file - entry : default@BuildNativeWithCmake cost memory 0.01906585693359375
[2026-09-30T23:51:38.789] [DEBUG] debug-file - runTaskFromQueue task cost before running: 259 ms 
[2026-09-30T23:51:38.789] [INFO] debug-file - Finished :entry:default@BuildNativeWithCmake... after 1 ms 
[2026-09-30T23:51:38.790] [DEBUG] debug-file - Executing task :entry:default@MakePackInfo
[2026-09-30T23:51:38.791] [DEBUG] debug-file - Incremental task entry:default@MakePackInfo pre-execution cost: 1 ms .
[2026-09-30T23:51:38.791] [DEBUG] debug-file - entry : default@MakePackInfo cost memory 0.09806060791015625
[2026-09-30T23:51:38.791] [INFO] debug-file - UP-TO-DATE :entry:default@MakePackInfo...  
[2026-09-30T23:51:38.792] [DEBUG] debug-file - Executing task :entry:default@SyscapTransform
[2026-09-30T23:51:38.792] [DEBUG] debug-file - File: 'E:\BiliMusic\HarmonyOS-Phone\entry\src\main\syscap.json' from 'sysCapJsonPath' is not exists, just ignore.
[2026-09-30T23:51:38.792] [DEBUG] debug-file - Task 'entry:default@SyscapTransform' cost while wrapping incremental declarations: 1 ms 
[2026-09-30T23:51:38.793] [DEBUG] debug-file - entry:default@SyscapTransform is not up-to-date, since the output file 'E:\BiliMusic\HarmonyOS-Phone\entry\build\default\intermediates\syscap\default\rpcid.sc' does not exist.
[2026-09-30T23:51:38.793] [DEBUG] debug-file - Incremental task entry:default@SyscapTransform pre-execution cost: 1 ms .
[2026-09-30T23:51:38.793] [DEBUG] debug-file - entry : default@SyscapTransform cost memory 0.12830352783203125
[2026-09-30T23:51:38.793] [DEBUG] debug-file - runTaskFromQueue task cost before running: 263 ms 
[2026-09-30T23:51:38.794] [INFO] debug-file - Finished :entry:default@SyscapTransform... after 2 ms 
[2026-09-30T23:51:38.794] [DEBUG] debug-file - Executing task :entry:default@ProcessProfile
[2026-09-30T23:51:38.795] [DEBUG] debug-file - Task 'entry:default@ProcessProfile' cost while wrapping incremental declarations: 1 ms 
[2026-09-30T23:51:38.796] [DEBUG] debug-file - Incremental task entry:default@ProcessProfile pre-execution cost: 1 ms .
[2026-09-30T23:51:38.796] [DEBUG] debug-file - entry : default@ProcessProfile cost memory 0.1384124755859375
[2026-09-30T23:51:38.796] [INFO] debug-file - UP-TO-DATE :entry:default@ProcessProfile...  
[2026-09-30T23:51:38.797] [DEBUG] debug-file - Executing task :entry:default@ProcessRouterMap
[2026-09-30T23:51:38.798] [DEBUG] debug-file - Incremental task entry:default@ProcessRouterMap pre-execution cost: 1 ms .
[2026-09-30T23:51:38.798] [DEBUG] debug-file - entry : default@ProcessRouterMap cost memory 0.12781524658203125
[2026-09-30T23:51:38.798] [INFO] debug-file - UP-TO-DATE :entry:default@ProcessRouterMap...  
[2026-09-30T23:51:38.799] [DEBUG] debug-file - Executing task :entry:default@ProcessShareConfig
[2026-09-30T23:51:38.800] [DEBUG] debug-file - Incremental task entry:default@ProcessShareConfig pre-execution cost: 1 ms .
[2026-09-30T23:51:38.801] [DEBUG] debug-file - entry : default@ProcessShareConfig cost memory 0.1088409423828125
[2026-09-30T23:51:38.801] [INFO] debug-file - UP-TO-DATE :entry:default@ProcessShareConfig...  
[2026-09-30T23:51:38.801] [DEBUG] debug-file - Executing task :entry:default@ProcessStartupConfig
[2026-09-30T23:51:38.802] [DEBUG] debug-file - Task 'entry:default@ProcessStartupConfig' cost while wrapping incremental declarations: 1 ms 
[2026-09-30T23:51:38.802] [DEBUG] debug-file - entry:default@ProcessStartupConfig is not up-to-date, since the output file 'E:\BiliMusic\HarmonyOS-Phone\entry\build\default\intermediates\startup\default\startup_config.json' does not exist.
[2026-09-30T23:51:38.802] [DEBUG] debug-file - Incremental task entry:default@ProcessStartupConfig pre-execution cost: 1 ms .
[2026-09-30T23:51:38.802] [DEBUG] debug-file - entry : default@ProcessStartupConfig cost memory 0.12128448486328125
[2026-09-30T23:51:38.802] [DEBUG] debug-file - runTaskFromQueue task cost before running: 272 ms 
[2026-09-30T23:51:38.803] [INFO] debug-file - Finished :entry:default@ProcessStartupConfig... after 2 ms 
[2026-09-30T23:51:38.803] [DEBUG] debug-file - Executing task :entry:default@BuildNativeWithNinja
[2026-09-30T23:51:38.803] [DEBUG] debug-file - entry : default@BuildNativeWithNinja cost memory 0.023681640625
[2026-09-30T23:51:38.803] [DEBUG] debug-file - runTaskFromQueue task cost before running: 273 ms 
[2026-09-30T23:51:38.804] [INFO] debug-file - Finished :entry:default@BuildNativeWithNinja... after 1 ms 
[2026-09-30T23:51:38.804] [DEBUG] debug-file - restool module names: entry; moduleName=entry, taskName=default@ProcessResource
[2026-09-30T23:51:38.805] [DEBUG] debug-file - Executing task :entry:default@ProcessResource
[2026-09-30T23:51:38.805] [DEBUG] debug-file - Task 'entry:default@ProcessResource' cost while wrapping incremental declarations: 1 ms 
[2026-09-30T23:51:38.805] [DEBUG] debug-file - Incremental task entry:default@ProcessResource pre-execution cost: 1 ms .
[2026-09-30T23:51:38.805] [DEBUG] debug-file - entry : default@ProcessResource cost memory 0.11821746826171875
[2026-09-30T23:51:38.806] [INFO] debug-file - UP-TO-DATE :entry:default@ProcessResource...  
[2026-09-30T23:51:38.807] [DEBUG] debug-file - Executing task :entry:default@GenerateLoaderJson
[2026-09-30T23:51:38.808] [DEBUG] debug-file - Task 'entry:default@GenerateLoaderJson' cost while wrapping incremental declarations: 1 ms 
[2026-09-30T23:51:38.810] [DEBUG] debug-file - Incremental task entry:default@GenerateLoaderJson pre-execution cost: 2 ms .
[2026-09-30T23:51:38.810] [DEBUG] debug-file - entry : default@GenerateLoaderJson cost memory 0.3243408203125
[2026-09-30T23:51:38.811] [INFO] debug-file - UP-TO-DATE :entry:default@GenerateLoaderJson...  
[2026-09-30T23:51:38.812] [DEBUG] debug-file - Executing task :entry:default@ProcessLibs
[2026-09-30T23:51:38.812] [DEBUG] debug-file - Task 'entry:default@ProcessLibs' cost while wrapping incremental declarations: 1 ms 
[2026-09-30T23:51:38.813] [DEBUG] debug-file - Incremental task entry:default@ProcessLibs pre-execution cost: 1 ms .
[2026-09-30T23:51:38.813] [DEBUG] debug-file - entry : default@ProcessLibs cost memory 0.100860595703125
[2026-09-30T23:51:38.813] [INFO] debug-file - UP-TO-DATE :entry:default@ProcessLibs...  
[2026-09-30T23:51:38.813] [DEBUG] debug-file - restool module names: entry; moduleName=entry, taskName=default@CompileResource
[2026-09-30T23:51:38.814] [DEBUG] debug-file - Executing task :entry:default@CompileResource
[2026-09-30T23:51:38.818] [DEBUG] debug-file - Incremental task entry:default@CompileResource pre-execution cost: 4 ms .
[2026-09-30T23:51:38.818] [DEBUG] debug-file - entry : default@CompileResource cost memory 0.38857269287109375
[2026-09-30T23:51:38.818] [INFO] debug-file - UP-TO-DATE :entry:default@CompileResource...  
[2026-09-30T23:51:38.819] [DEBUG] debug-file - Executing task :entry:default@DoNativeStrip
[2026-09-30T23:51:38.819] [DEBUG] debug-file - File: 'E:\BiliMusic\HarmonyOS-Phone\entry\build\default\intermediates\binxo\default' from 'doBinxoNativeLibs' is not exists, just ignore.
[2026-09-30T23:51:38.819] [DEBUG] debug-file - Task 'entry:default@DoNativeStrip' cost while wrapping incremental declarations: 1 ms 
[2026-09-30T23:51:38.820] [DEBUG] debug-file - Incremental task entry:default@DoNativeStrip pre-execution cost: 1 ms .
[2026-09-30T23:51:38.820] [DEBUG] debug-file - entry : default@DoNativeStrip cost memory 0.0849151611328125
[2026-09-30T23:51:38.820] [INFO] debug-file - UP-TO-DATE :entry:default@DoNativeStrip...  
[2026-09-30T23:51:38.821] [DEBUG] debug-file - Executing task :entry:default@CompileArkTS
[2026-09-30T23:51:38.821] [DEBUG] debug-file - obfuscationOptions: undefined
[2026-09-30T23:51:38.822] [DEBUG] debug-file - Task 'entry:default@CompileArkTS' cost while wrapping incremental declarations: 1 ms 
[2026-09-30T23:51:38.828] [DEBUG] debug-file - entry:default@CompileArkTS is not up-to-date, since the input file 'E:\BiliMusic\HarmonyOS-Phone\entry\src\main\ets' has been changed.
[2026-09-30T23:51:38.828] [DEBUG] debug-file - Incremental task entry:default@CompileArkTS pre-execution cost: 6 ms .
[2026-09-30T23:51:38.834] [DEBUG] debug-file - build config:
[2026-09-30T23:51:38.834] [DEBUG] debug-file - {
  moduleType: 'entry',
  perf: 0,
  targetName: '.default',
  packageManagerType: 'ohpm',
  localPropertiesPath: 'E:\\BiliMusic\\HarmonyOS-Phone\\local.properties',
  isPreview: false,
  isOhosTest: false,
  isLocalTest: false,
  buildMode: 'Debug',
  hotReloadBuild: undefined,
  watchMode: 'false',
  aceProfilePath: 'E:\\BiliMusic\\HarmonyOS-Phone\\entry\\build\\default\\intermediates\\res\\default\\resources\\base\\profile',
  etsLoaderPath: 'E:\\Program Files\\Huawei\\DevEco Studio\\sdk\\default\\openharmony\\ets\\build-tools\\ets-loader',
  modulePath: 'E:\\BiliMusic\\HarmonyOS-Phone\\entry',
  testFrameworkPar: {
    testMode: undefined,
    coveragePathFilter: undefined,
    coverageMode: undefined
  },
  needCoverageInsert: false,
  debugLine: false,
  projectTopDir: 'E:\\BiliMusic\\HarmonyOS-Phone',
  compileSdkVersion: 26,
  compatibleSdkVersion: 23,
  originCompatibleSdkVersion: '6.1.0(23)',
  compatibleSdkVersionStage: undefined,
  bundleName: 'c***c',
  etsLoaderVersion: '26.0.0.105',
  etsLoaderReleaseType: 'Release',
  aotCompileMode: 'type',
  apPath: 'E:\\BiliMusic\\HarmonyOS-Phone\\entry\\modules.ap',
  entryModuleName: 'entry',
  entryModuleVersion: '1.0.0',
  entryPackageName: 'entry',
  allModuleNameHash: '1fb86d416fab12e52c2c8a33b6437b4d1df774ceea39dccf98e38fe553734155',
  externalApiPaths: [
    'E:\\Program Files\\Huawei\\DevEco Studio\\sdk\\default\\hms\\ets'
  ],
  compilerTypes: [],
  isCrossplatform: false,
  hvigorPluginFile: undefined,
  compilePluginPath: undefined,
  buildGeneratedProfilePath: 'E:\\BiliMusic\\HarmonyOS-Phone\\entry\\build\\default\\generated\\profile\\default',
  bundleType: 'app',
  arkTSVersion: undefined,
  apiVersion: 26,
  needCompleteSourcesMap: false,
  isFaMode: false,
  buildDir: 'E:\\BiliMusic\\HarmonyOS-Phone\\entry\\build',
  buildCacheProjectDir: 'E:\\BiliMusic\\HarmonyOS-Phone',
  deviceTypes: [ 'phone' ],
  pkgContextInfo: {
    '@ohos/hypium': {
      packageName: '@ohos/hypium',
      bundleName: '*****',
      moduleName: '',
      version: '1.0.19',
      entryPath: 'index.js',
      isSO: false,
      dependencyAlias: ''
    },
    '@ohos/hamock': {
      packageName: '@ohos/hamock',
      bundleName: '*****',
      moduleName: '',
      version: '1.0.0',
      entryPath: 'index.ets',
      isSO: false,
      dependencyAlias: ''
    },
    entry: {
      packageName: 'entry',
      bundleName: '*****',
      moduleName: '',
      version: '',
      entryPath: 'src/main/',
      isSO: false,
      dependencyAlias: ''
    }
  },
  ohPackagePathMap: {},
  dependencyAliasMap: {},
  permission: {
    requestPermissions: [ [Object], [Object], [Object] ],
    definePermissions: undefined
  },
  useGetCurrentBundleName: false,
  projectArkOption: undefined,
  sourceMapDir: undefined,
  branchElimination: false,
  transformLib: undefined,
  tsImportSendable: false,
  resolveConflictMode: true,
  depName2RootPath: {},
  depName2DepInfo: {},
  depName2OhExports: {},
  rootPathSet: [ 'E:\\BiliMusic\\HarmonyOS-Phone' ],
  useNativeResolver: true,
  shouldEmitJs: true,
  useUnifiedAst: false,
  useTscResolve: false,
  singleFileEmit: false,
  userProjectConfig: {
    autoLazyImport: false,
    allowEmptyBundleName: false,
    reExportCheckMode: 'noCheck',
    executionMode: 'memory',
    usePathPlaceholder: false,
    writeRollupCache: true,
    isExpandImportEnabled: false,
    expandImportExclude: '',
    lazyImportExclude: '',
    lazyImportInclude: '',
    ignoreCrossplatformCheck: false,
    isHarDeduplicateEnabled: false,
    skipOhModulesLint: false,
    enableStrictCheckOHModule: false,
    disableSendableCheckRules: [],
    useDeclarationFileSignature: false,
    customizedOptions: undefined,
    integratedHsp: false,
    tsImportSoCheck: false,
    isPreloadSoEnabled: false
  },
  executionMode: 'memory',
  arkCompileCachePath: 'E:\\BiliMusic\\HarmonyOS-Phone\\entry\\build\\default\\cache\\default\\default@CompileArkTS\\esmodule',
  autoLazyFilter: undefined,
  isHarDeduplicateEnabled: false,
  intermediateHarDuplicateDirPath: 'E:\\BiliMusic\\HarmonyOS-Phone\\entry\\build\\default\\intermediates\\har_duplicate\\default',
  autoLazyImport: false,
  allowEmptyBundleName: false,
  reExportCheckMode: 'noCheck',
  usePathPlaceholder: false,
  writeRollupCache: true,
  isExpandImportEnabled: false,
  expandImportExclude: '',
  lazyImportExclude: '',
  lazyImportInclude: '',
  ignoreCrossplatformCheck: false,
  skipOhModulesLint: false,
  enableStrictCheckOHModule: false,
  disableSendableCheckRules: [],
  useDeclarationFileSignature: false,
  customizedOptions: undefined,
  integratedHsp: false,
  tsImportSoCheck: false,
  isPreloadSoEnabled: false,
  strictMode: {
    caseSensitiveCheck: true,
    useNormalizedOHMUrl: true,
    noExternalImportByPath: true
  },
  useNormalizedOHMUrl: true,
  caseSensitiveCheck: true,
  strictCheckerOnly: false,
  aceModuleJsonPath: 'E:\\BiliMusic\\HarmonyOS-Phone\\entry\\build\\default\\intermediates\\res\\default\\ark_module.json',
  appResource: 'E:\\BiliMusic\\HarmonyOS-Phone\\entry\\build\\default\\intermediates\\res\\default\\ResourceTable.txt',
  rawFileResource: 'E:\\BiliMusic\\HarmonyOS-Phone\\entry\\build\\default\\intermediates\\res\\default\\resources\\rawfile',
  resourceTableHash: '8f134415846e377d5cadd7a2693be7ac2a5a63ab945d35995ecb6ce59641afff',
  runtimeOS: 'HarmonyOS',
  sdkInfo: 'false:26:26.0.0.105:Release',
  aceModuleRoot: 'E:\\BiliMusic\\HarmonyOS-Phone\\entry\\src\\main\\ets',
  compileMode: 'esmodule',
  aceSuperVisualPath: 'E:\\BiliMusic\\HarmonyOS-Phone\\entry\\src\\main\\supervisual',
  aceBuildJson: 'E:\\BiliMusic\\HarmonyOS-Phone\\entry\\build\\default\\intermediates\\loader\\default\\loader.json',
  cachePath: 'E:\\BiliMusic\\HarmonyOS-Phone\\entry\\build\\default\\cache\\default\\default@CompileArkTS\\esmodule\\debug',
  aceModuleBuild: 'E:\\BiliMusic\\HarmonyOS-Phone\\entry\\build\\default\\intermediates\\loader_out\\default\\ets',
  supportChunks: true,
  declaredFilesPath: undefined,
  shouldCollectDirectImportees: false,
  isByteCodeHarOptimize: false,
  expandImportPath: undefined,
  resourceTableTs: 'E:\\BiliMusic\\HarmonyOS-Phone\\entry\\build\\default\\generated\\r\\default\\ResourceTable.ts',
  moduleMetaInfoFiles: [
    {
      filePath: 'E:\\BiliMusic\\HarmonyOS-Phone\\entry\\build\\default\\generated\\r\\default\\ResourceTable.ts',
      ohmurl: '&entry/build/generated/r/ResourceTable&'
    }
  ],
  pkgNameToPkgBriefInfo: {
    entry: {
      pkgRoot: 'E:\\BiliMusic\\HarmonyOS-Phone\\entry',
      originalSourceRoots: undefined,
      sourceRoots: [Array],
      pkgName: 'entry'
    }
  },
  projectModel: {
    'E:\\BiliMusic\\HarmonyOS-Phone\\entry\\src\\main': {
      moduleName: 'entry',
      modulePkgPath: 'E:\\BiliMusic\\HarmonyOS-Phone\\entry',
      belongProjectPath: 'E:\\BiliMusic\\HarmonyOS-Phone'
    },
    'E:\\BiliMusic\\HarmonyOS-Phone\\entry': {
      moduleName: 'entry',
      modulePkgPath: 'E:\\BiliMusic\\HarmonyOS-Phone\\entry',
      belongProjectPath: 'E:\\BiliMusic\\HarmonyOS-Phone'
    },
    'E:\\BiliMusic\\HarmonyOS-Phone': {
      moduleName: 'HarmonyOS-Phone',
      modulePkgPath: 'E:\\BiliMusic\\HarmonyOS-Phone',
      belongProjectPath: 'E:\\BiliMusic\\HarmonyOS-Phone'
    }
  },
  pkgJsonFileHash: 'a3d462a761ea7d0350a74ef0a1754da6bd9797b955aaf1e19b1dcad95c0dbc08',
  allModulePaths: [ 'E:\\BiliMusic\\HarmonyOS-Phone\\entry' ],
  routerMap: {},
  obfuscationOptions: undefined,
  byteCodeHarToDependencyKeys: undefined,
  compileBlockPkg: [],
  mockParams: {
    decorator: '@MockSetup',
    packageName: '@ohos/hamock',
    etsSourceRootPath: 'src/main/ets',
    mockConfigPath: undefined,
    mockConfigKey2ModuleInfo: {},
    source2ModuleIdMap: {}
  },
  copyCodeResourceEnable: true,
  copyCodeResourceExcludes: [],
  copyCodeResourceIncludes: undefined,
  uiTransformOptimization: false,
  sdkPath: 'E:/Program Files/Huawei/DevEco Studio/sdk',
  needPreloadSoFileSet: {},
  preloadSoFilePath: 'E:\\BiliMusic\\HarmonyOS-Phone\\entry\\build\\default\\intermediates\\preload\\default\\preload.json',
  useSourceHash: false,
  localModuleParamMap: {},
  otherPaths: {
    'entry/*': [
      '..\\*',
      '..\\..\\..\\build\\default\\generated\\profile\\default\\*'
    ]
  },
  collectImportersConfig: undefined
}
[2026-09-30T23:51:38.834] [DEBUG] debug-file - Compile arkts with external api path: E:\Program Files\Huawei\DevEco Studio\sdk\default\hms\ets
[2026-09-30T23:51:38.835] [DEBUG] debug-file - before submitting ArkTS compile task to worker pool, config.buildDir: E:\BiliMusic\HarmonyOS-Phone\entry\build
[2026-09-30T23:51:38.835] [DEBUG] debug-file - default@CompileArkTS work[61] is submitted.
[2026-09-30T23:51:38.835] [DEBUG] debug-file - default@CompileArkTS work[61] is pushed to ready queue.
[2026-09-30T23:51:38.835] [DEBUG] debug-file - A work dispatched to worker[11] failed because unable to get work from ready queue.
[2026-09-30T23:51:38.835] [DEBUG] debug-file - A work dispatched to worker[10] failed because unable to get work from ready queue.
[2026-09-30T23:51:38.835] [DEBUG] debug-file - A work dispatched to worker[9] failed because unable to get work from ready queue.
[2026-09-30T23:51:38.835] [DEBUG] debug-file - A work dispatched to worker[8] failed because unable to get work from ready queue.
[2026-09-30T23:51:38.835] [DEBUG] debug-file - A work dispatched to worker[7] failed because unable to get work from ready queue.
[2026-09-30T23:51:38.835] [DEBUG] debug-file - A work dispatched to worker[6] failed because unable to get work from ready queue.
[2026-09-30T23:51:38.835] [DEBUG] debug-file - A work dispatched to worker[5] failed because unable to get work from ready queue.
[2026-09-30T23:51:38.836] [DEBUG] debug-file - default@CompileArkTS work[61] has been dispatched to worker[4].
[2026-09-30T23:51:38.836] [DEBUG] debug-file - default@CompileArkTS work[61] is dispatched.
[2026-09-30T23:51:38.836] [DEBUG] debug-file - CopyResources startTime: 16097744930700
[2026-09-30T23:51:38.836] [DEBUG] debug-file - default@CompileArkTS work[62] is submitted.
[2026-09-30T23:51:38.836] [DEBUG] debug-file - default@CompileArkTS work[62] is pushed to ready queue.
[2026-09-30T23:51:38.836] [DEBUG] debug-file - A work dispatched to worker[11] failed because unable to get work from ready queue.
[2026-09-30T23:51:38.836] [DEBUG] debug-file - Create  resident worker with id: 10.
[2026-09-30T23:51:38.837] [DEBUG] debug-file - default@CompileArkTS work[62] has been dispatched to worker[10].
[2026-09-30T23:51:38.837] [DEBUG] debug-file - default@CompileArkTS work[62] is dispatched.
[2026-09-30T23:51:38.837] [DEBUG] debug-file - entry : default@CompileArkTS cost memory 1.6304779052734375
[2026-09-30T23:51:38.838] [DEBUG] debug-file - Executing task :entry:default@BuildJS
[2026-09-30T23:51:38.838] [DEBUG] debug-file - Task 'entry:default@BuildJS' cost while wrapping incremental declarations: 1 ms 
[2026-09-30T23:51:38.840] [DEBUG] debug-file - entry : default@BuildJS cost memory 0.15277099609375
[2026-09-30T23:51:38.840] [DEBUG] debug-file - runTaskFromQueue task cost before running: 309 ms 
[2026-09-30T23:51:38.840] [INFO] debug-file - Finished :entry:default@BuildJS... after 2 ms 
[2026-09-30T23:51:38.841] [DEBUG] debug-file - Executing task :entry:default@CacheNativeLibs
[2026-09-30T23:51:38.841] [DEBUG] debug-file - File: 'E:\BiliMusic\HarmonyOS-Phone\entry\build\default\intermediates\binxo\default' from 'cacheBinxoNativeLibs' is not exists, just ignore.
[2026-09-30T23:51:38.841] [DEBUG] debug-file - Task 'entry:default@CacheNativeLibs' cost while wrapping incremental declarations: 1 ms 
[2026-09-30T23:51:38.842] [DEBUG] debug-file - Incremental task entry:default@CacheNativeLibs pre-execution cost: 1 ms .
[2026-09-30T23:51:38.842] [DEBUG] debug-file - entry : default@CacheNativeLibs cost memory 0.09597015380859375
[2026-09-30T23:51:38.843] [INFO] debug-file - UP-TO-DATE :entry:default@CacheNativeLibs...  
[2026-09-30T23:51:39.574] [DEBUG] debug-file - worker[10] has one work done.
[2026-09-30T23:51:39.574] [DEBUG] debug-file - CopyResources is end, endTime: 16098483282700
[2026-09-30T23:51:39.575] [DEBUG] debug-file - default@CompileArkTS work[62] done.
[2026-09-30T23:51:40.120] [DEBUG] debug-file - A work dispatched to worker[10] failed because unable to get work from ready queue.
[2026-09-30T23:51:42.175] [WARN] debug-file - [33mWARN: [33m[33mArkTS:WARN File: E:/BiliMusic/HarmonyOS-Phone/entry/src/main/ets/utils/MaterialCompat.ets:123:29
 Classes cannot be used as objects (arkts-no-classes-as-obj)
[39m[39m
[33mWARN: [33m[33mArkTS:WARN File: E:/BiliMusic/HarmonyOS-Phone/entry/src/main/ets/pages/Index.ets:380:31
 Classes cannot be used as objects (arkts-no-classes-as-obj)
[39m[39m
[33mWARN: [33m[33mArkTS:WARN: For details about ArkTS syntax errors, see FAQs[39m[39m
[33mWARN: [33m[33mArkTS:WARN File: E:/BiliMusic/HarmonyOS-Phone/entry/src/main/ets/preferences/AppPreferences.ts:32:39
 Function may throw exceptions. Special handling is required.
[39m[39m
[33mWARN: [33m[33mArkTS:WARN File: E:/BiliMusic/HarmonyOS-Phone/entry/src/main/ets/preferences/AppPreferences.ts:44:11
 Function may throw exceptions. Special handling is required.
[39m[39m
[33mWARN: [33m[33mArkTS:WARN File: E:/BiliMusic/HarmonyOS-Phone/entry/src/main/ets/preferences/AppPreferences.ts:45:11
 Function may throw exceptions. Special handling is required.
[39m[39m
[33mWARN: [33m[33mArkTS:WARN File: E:/BiliMusic/HarmonyOS-Phone/entry/src/main/ets/preferences/AppPreferences.ts:50:11
 Function may throw exceptions. Special handling is required.
[39m[39m
[33mWARN: [33m[33mArkTS:WARN File: E:/BiliMusic/HarmonyOS-Phone/entry/src/main/ets/preferences/AppPreferences.ts:51:11
 Function may throw exceptions. Special handling is required.
[39m[39m
[33mWARN: [33m[33mArkTS:WARN File: E:/BiliMusic/HarmonyOS-Phone/entry/src/main/ets/preferences/AppPreferences.ts:56:11
 Function may throw exceptions. Special handling is required.
[39m[39m
[33mWARN: [33m[33mArkTS:WARN File: E:/BiliMusic/HarmonyOS-Phone/entry/src/main/ets/preferences/AppPreferences.ts:57:11
 Function may throw exceptions. Special handling is required.
[39m[39m
[33mWARN: [33m[33mArkTS:WARN File: E:/BiliMusic/HarmonyOS-Phone/entry/src/main/ets/preferences/AppPreferences.ts:61:19
 Function may throw exceptions. Special handling is required.
[39m[39m
[33mWARN: [33m[33mArkTS:WARN File: E:/BiliMusic/HarmonyOS-Phone/entry/src/main/ets/preferences/AppPreferences.ts:65:19
 Function may throw exceptions. Special handling is required.
[39m[39m
[33mWARN: [33m[33mArkTS:WARN File: E:/BiliMusic/HarmonyOS-Phone/entry/src/main/ets/preferences/AppPreferences.ts:69:32
 Function may throw exceptions. Special handling is required.
[39m[39m
[33mWARN: [33m[33mArkTS:WARN File: E:/BiliMusic/HarmonyOS-Phone/entry/src/main/ets/preferences/AppPreferences.ts:82:11
 Function may throw exceptions. Special handling is required.
[39m[39m
[33mWARN: [33m[33mArkTS:WARN File: E:/BiliMusic/HarmonyOS-Phone/entry/src/main/ets/preferences/AppPreferences.ts:83:11
 Function may throw exceptions. Special handling is required.
[39m[39m
[33mWARN: [33m[33mArkTS:WARN File: E:/BiliMusic/HarmonyOS-Phone/entry/src/main/ets/preferences/AppPreferences.ts:150:25
 Function may throw exceptions. Special handling is required.
[39m[39m
[33mWARN: [33m[33mArkTS:WARN File: E:/BiliMusic/HarmonyOS-Phone/entry/src/main/ets/preferences/AppPreferences.ts:151:11
 Function may throw exceptions. Special handling is required.
[39m[39m
[33mWARN: [33m[33mArkTS:WARN File: E:/BiliMusic/HarmonyOS-Phone/entry/src/main/ets/preferences/AppPreferences.ts:152:11
 Function may throw exceptions. Special handling is required.
[39m[39m
[33mWARN: [33m[33mArkTS:WARN File: E:/BiliMusic/HarmonyOS-Phone/entry/src/main/ets/database/RdbHelper.ts:24:33
 Function may throw exceptions. Special handling is required.
[39m[39m
[33mWARN: [33m[33mArkTS:WARN File: E:/BiliMusic/HarmonyOS-Phone/entry/src/main/ets/database/RdbHelper.ts:26:17
 Function may throw exceptions. Special handling is required.
[39m[39m
[33mWARN: [33m[33mArkTS:WARN File: E:/BiliMusic/HarmonyOS-Phone/entry/src/main/ets/database/RdbHelper.ts:28:17
 Function may throw exceptions. Special handling is required.
[39m[39m
[33mWARN: [33m[33mArkTS:WARN File: E:/BiliMusic/HarmonyOS-Phone/entry/src/main/ets/utils/HttpUtil.ts:73:49
 Function may throw exceptions. Special handling is required.
[39m[39m
[33mWARN: [33m[33mArkTS:WARN File: E:/BiliMusic/HarmonyOS-Phone/entry/src/main/ets/player/MusicPlayer.ts:122:54
 Function may throw exceptions. Special handling is required.
[39m[39m
[33mWARN: [33m[33mArkTS:WARN File: E:/BiliMusic/HarmonyOS-Phone/entry/src/main/ets/player/MusicPlayer.ts:771:29
 The system capacity of this api 'audio' is not supported on all devices
[39m[39m
[33mWARN: [33m[33mArkTS:WARN File: E:/BiliMusic/HarmonyOS-Phone/entry/src/main/ets/player/MusicPlayer.ts:773:14
 The system capacity of this api 'audio' is not supported on all devices
[39m[39m
[33mWARN: [33m[33mArkTS:WARN File: E:/BiliMusic/HarmonyOS-Phone/entry/src/main/ets/player/MusicPlayer.ts:780:14
 The system capacity of this api 'audio' is not supported on all devices
[39m[39m
[33mWARN: [33m[33mArkTS:WARN File: E:/BiliMusic/HarmonyOS-Phone/entry/src/main/ets/player/MusicPlayer.ts:787:14
 The system capacity of this api 'audio' is not supported on all devices
[39m[39m
[33mWARN: [33m[33mArkTS:WARN File: E:/BiliMusic/HarmonyOS-Phone/entry/src/main/ets/player/MusicPlayer.ts:792:36
 The system capacity of this api 'audio' is not supported on all devices
[39m[39m
[33mWARN: [33m[33mArkTS:WARN File: E:/BiliMusic/HarmonyOS-Phone/entry/src/main/ets/player/MusicPlayer.ts:794:14
 The system capacity of this api 'audio' is not supported on all devices
[39m[39m
[33mWARN: [33m[33mArkTS:WARN File: E:/BiliMusic/HarmonyOS-Phone/entry/src/main/ets/player/MusicPlayer.ts:800:14
 The system capacity of this api 'audio' is not supported on all devices
[39m[39m
[33mWARN: [33m[33mArkTS:WARN File: E:/BiliMusic/HarmonyOS-Phone/entry/src/main/ets/player/MusicPlayer.ts:999:16
 The system capacity of this api 'media' is not supported on all devices
[39m[39m
[33mWARN: [33m[33mArkTS:WARN File: E:/BiliMusic/HarmonyOS-Phone/entry/src/main/ets/player/MusicPlayer.ts:1152:18
 The system capacity of this api 'audio' is not supported on all devices
[39m[39m
[33mWARN: [33m[33mArkTS:WARN File: E:/BiliMusic/HarmonyOS-Phone/entry/src/main/ets/player/MusicPlayer.ts:1152:24
 'ContentType' has been deprecated.
[39m[39m
[33mWARN: [33m[33mArkTS:WARN File: E:/BiliMusic/HarmonyOS-Phone/entry/src/main/ets/player/MusicPlayer.ts:1152:36
 'CONTENT_TYPE_MUSIC' has been deprecated.
[39m[39m
[33mWARN: [33m[33mArkTS:WARN File: E:/BiliMusic/HarmonyOS-Phone/entry/src/main/ets/player/MusicPlayer.ts:1153:16
 The system capacity of this api 'audio' is not supported on all devices
[39m[39m
[33mWARN: [33m[33mArkTS:WARN File: E:/BiliMusic/HarmonyOS-Phone/entry/src/main/ets/pages/Index.ets:380:31
 The 'HdsBarLayoutMode' API is supported since SDK version 6.1.1(24). However, the current compatible SDK version is 6.1.0(23).
 It is recommended to use apiAvailable to safeguard API compatibility.
[39m[39m
[33mWARN: [33m[33mArkTS:WARN File: E:/BiliMusic/HarmonyOS-Phone/entry/src/main/ets/pages/Index.ets:380:66
 The 'HdsBarLayoutMode' API is supported since SDK version 6.1.1(24). However, the current compatible SDK version is 6.1.0(23).
 It is recommended to use apiAvailable to safeguard API compatibility.
[39m[39m
[33mWARN: [33m[33mArkTS:WARN File: E:/BiliMusic/HarmonyOS-Phone/entry/src/main/ets/pages/Index.ets:380:83
 The 'HORIZONTAL' API is supported since SDK version 6.1.1(24). However, the current compatible SDK version is 6.1.0(23).
 It is recommended to use apiAvailable to safeguard API compatibility.
[39m[39m

[2026-09-30T23:51:42.175] [DEBUG] debug-file - Ark compile task finished.finished time is 16101084472900
[2026-09-30T23:51:42.180] [DEBUG] debug-file - worker[4] has one work done.
[2026-09-30T23:51:42.182] [DEBUG] debug-file - default@CompileArkTS work[61] done.
[2026-09-30T23:51:42.186] [INFO] debug-file - Finished :entry:default@CompileArkTS... after 3 s 355 ms 
[2026-09-30T23:51:42.186] [DEBUG] debug-file - Executing task :entry:default@GeneratePkgModuleJson
[2026-09-30T23:51:42.187] [DEBUG] debug-file - File: 'E:\BiliMusic\HarmonyOS-Phone\entry\build\default\intermediates\preload\default\preload.json' from 'preloadSoJsonPath' is not exists, just ignore.
[2026-09-30T23:51:42.187] [DEBUG] debug-file - Error occurs while handling @Input 'shouldDeduplicateHar': The "data" argument must be of type string or an instance of Buffer, TypedArray, or DataView. Received undefined
[2026-09-30T23:51:42.187] [DEBUG] debug-file - Task 'entry:default@GeneratePkgModuleJson' cost while wrapping incremental declarations: 1 ms 
[2026-09-30T23:51:42.190] [DEBUG] debug-file - Incremental task entry:default@GeneratePkgModuleJson pre-execution cost: 1 ms .
[2026-09-30T23:51:42.190] [DEBUG] debug-file - entry : default@GeneratePkgModuleJson cost memory 0.0974273681640625
[2026-09-30T23:51:42.191] [INFO] debug-file - UP-TO-DATE :entry:default@GeneratePkgModuleJson...  
[2026-09-30T23:51:42.192] [DEBUG] debug-file - Executing task :entry:default@ProcessCompiledResources
[2026-09-30T23:51:42.192] [DEBUG] debug-file - File: 'E:\BiliMusic\HarmonyOS-Phone\entry\build\default\intermediates\preload\default\preload.json' from 'preloadSoJsonPath' is not exists, just ignore.
[2026-09-30T23:51:42.192] [DEBUG] debug-file - Task 'entry:default@ProcessCompiledResources' cost while wrapping incremental declarations: 1 ms 
[2026-09-30T23:51:42.193] [DEBUG] debug-file - entry : default@ProcessCompiledResources cost memory 0.0611724853515625
[2026-09-30T23:51:42.193] [DEBUG] debug-file - runTaskFromQueue task cost before running: 3 s 662 ms 
[2026-09-30T23:51:42.193] [INFO] debug-file - Finished :entry:default@ProcessCompiledResources... after 1 ms 
[2026-09-30T23:51:42.195] [DEBUG] debug-file - Executing task :entry:default@PackageHap
[2026-09-30T23:51:42.200] [DEBUG] debug-file - entry:default@PackageHap is not up-to-date, since the input file 'E:\BiliMusic\HarmonyOS-Phone\entry\build\default\intermediates\loader_out\default\ets' has been changed.
[2026-09-30T23:51:42.200] [DEBUG] debug-file - Incremental task entry:default@PackageHap pre-execution cost: 4 ms .
[2026-09-30T23:51:42.201] [DEBUG] debug-file - Use tool [E:\Program Files\Huawei\DevEco Studio\sdk\default\openharmony\toolchains\lib\app_packing_tool.jar]
 [
  'java',
  '-Dfile.encoding=GBK',
  '-jar',
  'E:\\Program Files\\Huawei\\DevEco Studio\\sdk\\default\\openharmony\\toolchains\\lib\\app_packing_tool.jar',
  '--mode',
  'hap',
  '--force',
  'true',
  '--lib-path',
  'E:\\BiliMusic\\HarmonyOS-Phone\\entry\\build\\default\\intermediates\\stripped_native_libs\\default',
  '--json-path',
  'E:\\BiliMusic\\HarmonyOS-Phone\\entry\\build\\default\\intermediates\\package\\default\\module.json',
  '--resources-path',
  'E:\\BiliMusic\\HarmonyOS-Phone\\entry\\build\\default\\intermediates\\res\\default\\resources',
  '--index-path',
  'E:\\BiliMusic\\HarmonyOS-Phone\\entry\\build\\default\\intermediates\\res\\default\\resources.index',
  '--pack-info-path',
  'E:\\BiliMusic\\HarmonyOS-Phone\\entry\\build\\default\\outputs\\default\\pack.info',
  '--out-path',
  'E:\\BiliMusic\\HarmonyOS-Phone\\entry\\build\\default\\outputs\\default\\entry-default-unsigned.hap',
  '--ets-path',
  'E:\\BiliMusic\\HarmonyOS-Phone\\entry\\build\\default\\intermediates\\loader_out\\default\\ets',
  '--pkg-context-path',
  'E:\\BiliMusic\\HarmonyOS-Phone\\entry\\build\\default\\intermediates\\loader\\default\\pkgContextInfo.json'
]
[2026-09-30T23:51:42.202] [DEBUG] debug-file - default@PackageHap work[63] is submitted.
[2026-09-30T23:51:42.202] [DEBUG] debug-file - default@PackageHap work[63] is pushed to ready queue.
[2026-09-30T23:51:42.204] [DEBUG] debug-file - default@PackageHap work[63] is not dispatched.
[2026-09-30T23:51:42.213] [DEBUG] debug-file - entry : default@PackageHap cost memory 0.32047271728515625
[2026-09-30T23:51:42.435] [DEBUG] debug-file - A work dispatched to worker[11] failed because unable to get work from ready queue.
[2026-09-30T23:51:42.436] [DEBUG] debug-file - default@PackageHap work[63] has been dispatched to worker[10].
[2026-09-30T23:51:42.674] [DEBUG] debug-file - current process  memoryUsage: {
  rss: 680939520,
  heapTotal: 83836928,
  heapUsed: 48041752,
  external: 3958577,
  arrayBuffers: 18671
} os memoryUsage :10.648445129394531
[2026-09-30T23:51:43.081] [DEBUG] debug-file - A work dispatched to worker[4] failed because unable to get work from ready queue.
[2026-09-30T23:51:43.579] [DEBUG] debug-file - worker[10] has one work done.
[2026-09-30T23:51:43.580] [DEBUG] debug-file - default@PackageHap work[63] done.
[2026-09-30T23:51:43.582] [INFO] debug-file - Finished :entry:default@PackageHap... after 902 ms 
[2026-09-30T23:51:43.585] [DEBUG] debug-file - Executing task :entry:default@PackingCheck
[2026-09-30T23:51:43.589] [DEBUG] debug-file - entry : default@PackingCheck cost memory 0.24930572509765625
[2026-09-30T23:51:43.589] [DEBUG] debug-file - runTaskFromQueue task cost before running: 5 s 58 ms 
[2026-09-30T23:51:43.589] [INFO] debug-file - Finished :entry:default@PackingCheck... after 4 ms 
[2026-09-30T23:51:43.590] [DEBUG] debug-file - Executing task :entry:default@SignHap
[2026-09-30T23:51:43.590] [WARN] debug-file - No signingConfig found for product default
[2026-09-30T23:51:43.591] [DEBUG] debug-file - entry:default@SignHap is not up-to-date, since the input file 'E:\BiliMusic\HarmonyOS-Phone\entry\build\default\outputs\default\entry-default-unsigned.hap' has been changed.
[2026-09-30T23:51:43.591] [DEBUG] debug-file - Incremental task entry:default@SignHap pre-execution cost: 1 ms .
[2026-09-30T23:51:43.592] [DEBUG] debug-file - entry : default@SignHap cost memory 0.09002685546875
[2026-09-30T23:51:43.592] [DEBUG] debug-file - runTaskFromQueue task cost before running: 5 s 61 ms 
[2026-09-30T23:51:43.593] [INFO] debug-file - Finished :entry:default@SignHap... after 3 ms 
[2026-09-30T23:51:43.594] [DEBUG] debug-file - Executing task :entry:default@CollectDebugSymbol
[2026-09-30T23:51:43.596] [DEBUG] debug-file - entry : default@CollectDebugSymbol cost memory 0.085662841796875
[2026-09-30T23:51:43.596] [DEBUG] debug-file - runTaskFromQueue task cost before running: 5 s 65 ms 
[2026-09-30T23:51:43.596] [INFO] debug-file - Finished :entry:default@CollectDebugSymbol... after 2 ms 
[2026-09-30T23:51:43.596] [DEBUG] debug-file - Executing task :entry:assembleHap
[2026-09-30T23:51:43.597] [DEBUG] debug-file - entry : assembleHap cost memory 0.0186614990234375
[2026-09-30T23:51:43.597] [DEBUG] debug-file - runTaskFromQueue task cost before running: 5 s 66 ms 
[2026-09-30T23:51:43.597] [INFO] debug-file - Finished :entry:assembleHap... after 1 ms 
[2026-09-30T23:51:43.598] [INFO] debug-file - BUILD SUCCESSFUL in 5 s 67 ms 
[2026-09-30T23:51:43.599] [DEBUG] debug-file - There is no need to refresh cache, since the incremental task entry:default@PreBuild is up-to-date.
[2026-09-30T23:51:43.599] [DEBUG] debug-file - Update task entry:default@CreateModuleInfo output file:E:\BiliMusic\HarmonyOS-Phone\entry\build\default\generated\profile\default\ModuleInfo.ts cache.
[2026-09-30T23:51:43.599] [DEBUG] debug-file - Incremental task entry:default@CreateModuleInfo post-execution cost:1 ms .
[2026-09-30T23:51:43.599] [DEBUG] debug-file - There is no need to refresh cache, since the incremental task entry:default@GenerateMetadata is up-to-date.
[2026-09-30T23:51:43.600] [DEBUG] debug-file - There is no need to refresh cache, since the incremental task entry:default@MergeProfile is up-to-date.
[2026-09-30T23:51:43.600] [DEBUG] debug-file - There is no need to refresh cache, since the incremental task entry:default@CreateBuildProfile is up-to-date.
[2026-09-30T23:51:43.600] [DEBUG] debug-file - There is no need to refresh cache, since the incremental task entry:default@GeneratePkgContextInfo is up-to-date.
[2026-09-30T23:51:43.600] [DEBUG] debug-file - Update task entry:default@GeneratePkgSdkInfo output file:E:\BiliMusic\HarmonyOS-Phone\entry\build\default\intermediates\loader\default\pkgSdkInfo.json cache.
[2026-09-30T23:51:43.600] [DEBUG] debug-file - Incremental task entry:default@GeneratePkgSdkInfo post-execution cost:1 ms .
[2026-09-30T23:51:43.600] [DEBUG] debug-file - Update task entry:default@ProcessIntegratedHsp output file:E:\BiliMusic\HarmonyOS-Phone\build\cache\default\integrated_hsp\integratedHspCache.json cache.
[2026-09-30T23:51:43.601] [DEBUG] debug-file - Incremental task entry:default@ProcessIntegratedHsp post-execution cost:1 ms .
[2026-09-30T23:51:43.601] [DEBUG] debug-file - There is no need to refresh cache, since the incremental task entry:default@MakePackInfo is up-to-date.
[2026-09-30T23:51:43.601] [DEBUG] debug-file - Update task entry:default@SyscapTransform input file:E:\Program Files\Huawei\DevEco Studio\sdk\default\openharmony\toolchains\syscap_tool.exe cache by regenerate.
[2026-09-30T23:51:43.601] [DEBUG] debug-file - Update task entry:default@SyscapTransform input file:E:\Program Files\Huawei\DevEco Studio\sdk\default\openharmony\ets\api\device-define cache by regenerate.
[2026-09-30T23:51:43.604] [DEBUG] debug-file - Update task entry:default@SyscapTransform output file:E:\BiliMusic\HarmonyOS-Phone\entry\build\default\intermediates\syscap\default\rpcid.sc cache.
[2026-09-30T23:51:43.605] [DEBUG] debug-file - Incremental task entry:default@SyscapTransform post-execution cost:4 ms .
[2026-09-30T23:51:43.605] [DEBUG] debug-file - There is no need to refresh cache, since the incremental task entry:default@ProcessProfile is up-to-date.
[2026-09-30T23:51:43.605] [DEBUG] debug-file - There is no need to refresh cache, since the incremental task entry:default@ProcessRouterMap is up-to-date.
[2026-09-30T23:51:43.605] [DEBUG] debug-file - There is no need to refresh cache, since the incremental task entry:default@ProcessShareConfig is up-to-date.
[2026-09-30T23:51:43.606] [DEBUG] debug-file - Update task entry:default@ProcessStartupConfig input file:E:\BiliMusic\HarmonyOS-Phone\entry\build\default\intermediates\loader\default\pkgContextInfo.json cache by regenerate.
[2026-09-30T23:51:43.606] [DEBUG] debug-file - Update task entry:default@ProcessStartupConfig output file:E:\BiliMusic\HarmonyOS-Phone\entry\build\default\intermediates\startup\default\startup_config.json cache.
[2026-09-30T23:51:43.608] [DEBUG] debug-file - Incremental task entry:default@ProcessStartupConfig post-execution cost:3 ms .
[2026-09-30T23:51:43.608] [DEBUG] debug-file - There is no need to refresh cache, since the incremental task entry:default@ProcessResource is up-to-date.
[2026-09-30T23:51:43.609] [DEBUG] debug-file - There is no need to refresh cache, since the incremental task entry:default@GenerateLoaderJson is up-to-date.
[2026-09-30T23:51:43.609] [DEBUG] debug-file - There is no need to refresh cache, since the incremental task entry:default@ProcessLibs is up-to-date.
[2026-09-30T23:51:43.609] [DEBUG] debug-file - There is no need to refresh cache, since the incremental task entry:default@CompileResource is up-to-date.
[2026-09-30T23:51:43.609] [DEBUG] debug-file - There is no need to refresh cache, since the incremental task entry:default@DoNativeStrip is up-to-date.
[2026-09-30T23:51:43.610] [DEBUG] debug-file - Update task entry:default@CompileArkTS input file:E:\BiliMusic\HarmonyOS-Phone\entry\build\default\intermediates\loader\default cache by regenerate.
[2026-09-30T23:51:43.610] [DEBUG] debug-file - Update task entry:default@CompileArkTS input file:E:\BiliMusic\HarmonyOS-Phone\entry\build\default\intermediates\res\default\ResourceTable.txt cache by regenerate.
[2026-09-30T23:51:43.610] [DEBUG] debug-file - Update task entry:default@CompileArkTS input file:E:\BiliMusic\HarmonyOS-Phone\entry\build\default\intermediates\res\default\ark_module.json cache by regenerate.
[2026-09-30T23:51:43.611] [DEBUG] debug-file - Update task entry:default@CompileArkTS input file:E:\BiliMusic\HarmonyOS-Phone\entry\build\default\intermediates\res\default\resources\base\profile cache by regenerate.
[2026-09-30T23:51:43.611] [DEBUG] debug-file - Update task entry:default@CompileArkTS input file:E:\BiliMusic\HarmonyOS-Phone\entry\src\main\ets cache from map.
[2026-09-30T23:51:43.611] [DEBUG] debug-file - Update task entry:default@CompileArkTS input file:E:\BiliMusic\HarmonyOS-Phone\entry\build\default\intermediates\loader\default\pkgContextInfo.json cache by regenerate.
[2026-09-30T23:51:43.611] [DEBUG] debug-file - Update task entry:default@CompileArkTS input file:E:\BiliMusic\HarmonyOS-Phone\entry\build\default\generated\profile\default\BuildProfile.ets cache by regenerate.
[2026-09-30T23:51:43.611] [DEBUG] debug-file - Update task entry:default@CompileArkTS output file:E:\BiliMusic\HarmonyOS-Phone\entry\build\default\intermediates\loader_out\default\ets cache.
[2026-09-30T23:51:43.612] [DEBUG] debug-file - Incremental task entry:default@CompileArkTS post-execution cost:3 ms .
[2026-09-30T23:51:43.612] [DEBUG] debug-file - Update task entry:default@BuildJS input file:E:\BiliMusic\HarmonyOS-Phone\entry\build\default\intermediates\loader\default cache by regenerate.
[2026-09-30T23:51:43.613] [DEBUG] debug-file - Update task entry:default@BuildJS input file:E:\BiliMusic\HarmonyOS-Phone\entry\build\default\intermediates\res\default\ResourceTable.txt cache by regenerate.
[2026-09-30T23:51:43.613] [DEBUG] debug-file - Update task entry:default@BuildJS input file:E:\BiliMusic\HarmonyOS-Phone\entry\build\default\intermediates\res\default\ark_module.json cache by regenerate.
[2026-09-30T23:51:43.613] [DEBUG] debug-file - Update task entry:default@BuildJS input file:E:\BiliMusic\HarmonyOS-Phone\entry\build\default\intermediates\res\default\resources\base\profile cache by regenerate.
[2026-09-30T23:51:43.614] [DEBUG] debug-file - Update task entry:default@BuildJS input file:E:\BiliMusic\HarmonyOS-Phone\entry\build\default\intermediates\loader\default\pkgContextInfo.json cache by regenerate.
[2026-09-30T23:51:43.614] [DEBUG] debug-file - Update task entry:default@BuildJS output file:E:\BiliMusic\HarmonyOS-Phone\entry\build\default\intermediates\loader_out\default\js cache.
[2026-09-30T23:51:43.614] [DEBUG] debug-file - Incremental task entry:default@BuildJS post-execution cost:3 ms .
[2026-09-30T23:51:43.614] [DEBUG] debug-file - There is no need to refresh cache, since the incremental task entry:default@CacheNativeLibs is up-to-date.
[2026-09-30T23:51:43.614] [DEBUG] debug-file - There is no need to refresh cache, since the incremental task entry:default@GeneratePkgModuleJson is up-to-date.
[2026-09-30T23:51:43.614] [DEBUG] debug-file - Incremental task entry:default@ProcessCompiledResources post-execution cost:1 ms .
[2026-09-30T23:51:43.615] [DEBUG] debug-file - Update task entry:default@PackageHap input file:E:\BiliMusic\HarmonyOS-Phone\entry\build\default\outputs\default\pack.info cache by regenerate.
[2026-09-30T23:51:43.615] [DEBUG] debug-file - Update task entry:default@PackageHap input file:E:\BiliMusic\HarmonyOS-Phone\entry\build\default\intermediates\stripped_native_libs\default cache by regenerate.
[2026-09-30T23:51:43.615] [DEBUG] debug-file - Update task entry:default@PackageHap input file:E:\BiliMusic\HarmonyOS-Phone\entry\build\default\intermediates\res\default\module.json cache by regenerate.
[2026-09-30T23:51:43.616] [DEBUG] debug-file - Update task entry:default@PackageHap input file:E:\BiliMusic\HarmonyOS-Phone\entry\build\default\intermediates\res\default\resources cache by regenerate.
[2026-09-30T23:51:43.616] [DEBUG] debug-file - Update task entry:default@PackageHap input file:E:\BiliMusic\HarmonyOS-Phone\entry\build\default\intermediates\res\default\resources.index cache by regenerate.
[2026-09-30T23:51:43.616] [DEBUG] debug-file - Update task entry:default@PackageHap input file:E:\BiliMusic\HarmonyOS-Phone\entry\build\default\intermediates\loader_out\default\ets cache from map.
[2026-09-30T23:51:43.617] [DEBUG] debug-file - Update task entry:default@PackageHap input file:E:\BiliMusic\HarmonyOS-Phone\entry\build\default\intermediates\loader\default\pkgContextInfo.json cache by regenerate.
[2026-09-30T23:51:43.617] [DEBUG] debug-file - Update task entry:default@PackageHap input file:E:\BiliMusic\HarmonyOS-Phone\entry\build\default\intermediates\package\default\module.json cache by regenerate.
[2026-09-30T23:51:43.617] [DEBUG] debug-file - Update task entry:default@PackageHap input file:E:\BiliMusic\HarmonyOS-Phone\entry\build\default\intermediates\loader_out\default\ets\sourceMaps.map cache by regenerate.
[2026-09-30T23:51:43.617] [DEBUG] debug-file - Update task entry:default@PackageHap input file:E:\BiliMusic\HarmonyOS-Phone\entry\build\default\generated\profile\default\BuildProfile.ets cache by regenerate.
[2026-09-30T23:51:43.617] [DEBUG] debug-file - Update task entry:default@PackageHap output file:E:\BiliMusic\HarmonyOS-Phone\entry\build\default\outputs\default\entry-default-unsigned.hap cache.
[2026-09-30T23:51:43.617] [DEBUG] debug-file - Update task entry:default@PackageHap output file:E:\BiliMusic\HarmonyOS-Phone\entry\build\default\intermediates\source_map\default\sourceMaps.map cache.
[2026-09-30T23:51:43.617] [DEBUG] debug-file - Update task entry:default@PackageHap output file:E:\BiliMusic\HarmonyOS-Phone\entry\build\default\outputs\default\mapping\sourceMaps.map cache.
[2026-09-30T23:51:43.618] [DEBUG] debug-file - Incremental task entry:default@PackageHap post-execution cost:4 ms .
[2026-09-30T23:51:43.618] [DEBUG] debug-file - Update task entry:default@SignHap input file:E:\BiliMusic\HarmonyOS-Phone\entry\build\default\outputs\default\entry-default-unsigned.hap cache from map.
[2026-09-30T23:51:43.618] [DEBUG] debug-file - Update task entry:default@SignHap output file:E:\BiliMusic\HarmonyOS-Phone\entry\build\default\outputs\default\entry-default-signed.hap cache.
[2026-09-30T23:51:43.618] [DEBUG] debug-file - Incremental task entry:default@SignHap post-execution cost:1 ms .
[2026-09-30T23:51:43.619] [DEBUG] debug-file - Update task entry:default@CollectDebugSymbol input file:E:\BiliMusic\HarmonyOS-Phone\entry\build\default\intermediates\loader_out\default\ets\sourceMaps.map cache by regenerate.
[2026-09-30T23:51:43.619] [DEBUG] debug-file - Update task entry:default@CollectDebugSymbol input file:E:\BiliMusic\HarmonyOS-Phone\entry\build\default\intermediates\libs\default cache by regenerate.
[2026-09-30T23:51:43.619] [DEBUG] debug-file - Update task entry:default@CollectDebugSymbol output file:E:\BiliMusic\HarmonyOS-Phone\entry\build\default\outputs\default\symbol cache.
[2026-09-30T23:51:43.619] [DEBUG] debug-file - Incremental task entry:default@CollectDebugSymbol post-execution cost:1 ms .
[2026-09-30T23:51:43.631] [DEBUG] debug-file - Cleanup worker 10.
[2026-09-30T23:51:43.632] [DEBUG] debug-file - hvigor build process will be closed.
[2026-09-30T23:51:43.634] [DEBUG] debug-file - session manager: send message to worker process. WorkerThreadId: 0, data: {"type":"hvigor_failed","reason":"Server has disconnected."}
[2026-09-30T23:51:43.635] [DEBUG] debug-file - session manager: send message to worker process. WorkerThreadId: 0, data: {"type":"CloseWatch","reason":"Server has disconnected."}
[2026-09-30T23:51:43.641] [DEBUG] debug-file - worker[10] exits with exit code 1.
[2026-09-30T23:51:43.641] [DEBUG] debug-file - Worker 10 has been cleaned up.
[2026-09-30T23:51:43.641] [DEBUG] debug-file - Current idle worker size: 1.
[2026-09-30T23:51:43.642] [DEBUG] debug-file - Current resident worker size: 1.
[2026-09-30T23:51:43.642] [DEBUG] debug-file - watch worker: worker id should be larger than 0. Nothing will be sent to any worker thread.
[2026-09-30T23:51:43.642] [DEBUG] debug-file - ABORT_WORK sent to workers.
[2026-09-30T23:51:43.643] [DEBUG] debug-file - watch worker: worker id should be larger than 0. Nothing will be sent to any worker thread.
[2026-09-30T23:59:17.661] [DEBUG] debug-file - session manager: set active socket. socketId=YS6Izbv1iwOOQCd6AAAx
[2026-09-30T23:59:17.665] [DEBUG] debug-file - watch worker: worker id should be larger than 0. Nothing will be sent to any worker thread.
[2026-09-30T23:59:17.667] [DEBUG] debug-file - Workers' log level updated to INFO
[2026-09-30T23:59:17.668] [DEBUG] debug-file - Hvigor init with startParameters:{
  hvigorfileTypeCheck: false,
  parallelExecution: true,
  incrementalExecution: true,
  printStackTrace: false,
  daemon: true,
  analyze: 0,
  logLevel: Level { level: 20000, levelStr: 'INFO', colour: 'green' },
  optimizationStrategy: 'memory',
  hotCompile: undefined,
  hotReloadBuild: undefined,
  customizedParam: undefined
}
[2026-09-30T23:59:17.672] [DEBUG] debug-file - Cache service initialization finished in 4 ms 
[2026-09-30T23:59:17.673] [DEBUG] debug-file - hvigorfile, resolving E:\BiliMusic\HarmonyOS-Phone\hvigorfile.ts
[2026-09-30T23:59:17.675] [DEBUG] debug-file - hvigorfile, require result:  { default: { plugins: [] } }
[2026-09-30T23:59:17.675] [DEBUG] debug-file - hvigorfile, binding system plugins null
[2026-09-30T23:59:17.675] [DEBUG] debug-file - Starting plugin build process
[2026-09-30T23:59:17.675] [DEBUG] debug-file - App plugin prepare start...
[2026-09-30T23:59:17.675] [DEBUG] debug-file - App plugin prepare end...
[2026-09-30T23:59:17.675] [DEBUG] debug-file - App plugin creating...
[2026-09-30T23:59:17.677] [DEBUG] debug-file - App plugin register hook start...
[2026-09-30T23:59:17.678] [DEBUG] debug-file - App plugin register hook end...
[2026-09-30T23:59:17.678] [DEBUG] debug-file - Plugin build process completed
[2026-09-30T23:59:17.678] [DEBUG] debug-file - Start initialize project's product build option map with build mode debug.
[2026-09-30T23:59:17.678] [DEBUG] debug-file - Picking option from product 'default' with build mode 'debug'.
[2026-09-30T23:59:17.678] [DEBUG] debug-file - Product 'default' build option initialized
[2026-09-30T23:59:17.678] [DEBUG] debug-file - End initialize project's product build option map with build mode 'debug'.
[2026-09-30T23:59:17.678] [DEBUG] debug-file - Obtain build option for product 'default'in this build.
[2026-09-30T23:59:17.678] [DEBUG] debug-file - No signingConfig found, initRemoteHspCache failed.
[2026-09-30T23:59:17.679] [DEBUG] debug-file - Start recording SDK configuration permission data.
[2026-09-30T23:59:17.699] [DEBUG] debug-file - Sdk init in 21 ms 
[2026-09-30T23:59:17.700] [DEBUG] debug-file - Project task initialization takes 1 ms 
[2026-09-30T23:59:17.700] [DEBUG] debug-file - hvigorfile, begin to bind custom plugins...
[2026-09-30T23:59:17.700] [DEBUG] debug-file - hvigorfile, no custom plugins were found in E:\BiliMusic\HarmonyOS-Phone\hvigorfile.ts
[2026-09-30T23:59:17.700] [DEBUG] debug-file - hvigorfile, resolve finished E:\BiliMusic\HarmonyOS-Phone\hvigorfile.ts
[2026-09-30T23:59:17.701] [DEBUG] debug-file - hvigorfile, resolving E:\BiliMusic\HarmonyOS-Phone\entry\hvigorfile.ts
[2026-09-30T23:59:17.703] [DEBUG] debug-file - hvigorfile, require result:  { default: { plugins: [] } }
[2026-09-30T23:59:17.703] [DEBUG] debug-file - hvigorfile, binding system plugins null
[2026-09-30T23:59:17.703] [DEBUG] debug-file - Starting plugin build process
[2026-09-30T23:59:17.704] [DEBUG] debug-file - Hap plugin creating...
[2026-09-30T23:59:17.705] [DEBUG] debug-file - failed to load cangjie to dynamically generate schemas: Error: Cannot find module '@ohos/cangjie-build-support/index'
Require stack:
- E:\Program Files\Huawei\DevEco Studio\tools\hvigor\hvigor-ohos-plugin\src\plugin\hooks\cangjie-register.js
- E:\Program Files\Huawei\DevEco Studio\tools\hvigor\hvigor-ohos-plugin\src\plugin\strategy\stage-init-strategy.js
- E:\Program Files\Huawei\DevEco Studio\tools\hvigor\hvigor-ohos-plugin\src\plugin\builder\abstract-plugin-builder.js
- E:\Program Files\Huawei\DevEco Studio\tools\hvigor\hvigor-ohos-plugin\src\plugin\builder\app-plugin-builder.js
- E:\Program Files\Huawei\DevEco Studio\tools\hvigor\hvigor-ohos-plugin\src\plugin\factory\plugin-factory.js
- E:\Program Files\Huawei\DevEco Studio\tools\hvigor\hvigor-ohos-plugin\index.js
- E:\BiliMusic\HarmonyOS-Phone\hvigorfile.ts
- E:\Program Files\Huawei\DevEco Studio\tools\hvigor\hvigor\src\base\internal\lifecycle\configuration.js
- E:\Program Files\Huawei\DevEco Studio\tools\hvigor\hvigor\src\base\boot\index.js
- E:\Program Files\Huawei\DevEco Studio\tools\hvigor\hvigor\src\base\daemon\cluster\worker-process-lifecycle.js
- E:\Program Files\Huawei\DevEco Studio\tools\hvigor\hvigor\src\base\daemon\process\daemon-process-boot-script.js
[2026-09-30T23:59:17.705] [DEBUG] debug-file - Start initialize module-target build option map, moduleName=entry, buildMode=debug
[2026-09-30T23:59:17.706] [DEBUG] debug-file - Target 'default' config initialized
[2026-09-30T23:59:17.706] [DEBUG] debug-file - Module 'entry' target 'default' build option initialized
[2026-09-30T23:59:17.706] [DEBUG] debug-file - End initialize module-target build option map, moduleName=entry
[2026-09-30T23:59:17.706] [DEBUG] debug-file - Start initialize module-target build option map, moduleName=entry, buildMode=release
[2026-09-30T23:59:17.706] [DEBUG] debug-file - Target 'default' config initialized
[2026-09-30T23:59:17.706] [DEBUG] debug-file - Module 'entry' target 'default' build option initialized
[2026-09-30T23:59:17.706] [DEBUG] debug-file - End initialize module-target build option map, moduleName=entry
[2026-09-30T23:59:17.706] [DEBUG] debug-file - Start initialize module-target build option map, moduleName=entry, buildMode=debug
[2026-09-30T23:59:17.706] [DEBUG] debug-file - Target 'default' config initialized
[2026-09-30T23:59:17.707] [DEBUG] debug-file - Module 'entry' target 'default' build option initialized
[2026-09-30T23:59:17.707] [DEBUG] debug-file - End initialize module-target build option map, moduleName=entry
[2026-09-30T23:59:17.707] [DEBUG] debug-file - Obtain build option for module 'entry' target 'default'in this build.
[2026-09-30T23:59:17.708] [DEBUG] debug-file - Module entry task initialization takes 1 ms 
[2026-09-30T23:59:17.708] [DEBUG] debug-file - Hap plugin register hook start...
[2026-09-30T23:59:17.708] [DEBUG] debug-file - Hap plugin register hook end...
[2026-09-30T23:59:17.708] [DEBUG] debug-file - Plugin build process completed
[2026-09-30T23:59:17.708] [DEBUG] debug-file - hvigorfile, begin to bind custom plugins...
[2026-09-30T23:59:17.708] [DEBUG] debug-file - hvigorfile, no custom plugins were found in E:\BiliMusic\HarmonyOS-Phone\entry\hvigorfile.ts
[2026-09-30T23:59:17.708] [DEBUG] debug-file - hvigorfile, resolve finished E:\BiliMusic\HarmonyOS-Phone\entry\hvigorfile.ts
[2026-09-30T23:59:17.729] [DEBUG] debug-file - hvigorfile, resolve hvigorfile dependencies in 21 ms 
[2026-09-30T23:59:17.729] [DEBUG] debug-file - project has submodules:entry
[2026-09-30T23:59:17.730] [DEBUG] debug-file - start to load updatedOhPackageInfo to the disk
[2026-09-30T23:59:17.731] [DEBUG] debug-file - load to the disk finished
[2026-09-30T23:59:17.731] [DEBUG] debug-file - Start to initialize dependency information.
[2026-09-30T23:59:17.733] [DEBUG] debug-file - Module HarmonyOS-Phone Collected Dependency: 
[2026-09-30T23:59:17.733] [DEBUG] debug-file - Module HarmonyOS-Phone's total dependency: 0
[2026-09-30T23:59:17.734] [DEBUG] debug-file - Start to initialize dependency information.
[2026-09-30T23:59:17.735] [DEBUG] debug-file - Module entry Collected Dependency: 
[2026-09-30T23:59:17.735] [DEBUG] debug-file - Module entry's total dependency: 0
[2026-09-30T23:59:17.736] [DEBUG] debug-file - Configuration phase cost:64 ms 
[2026-09-30T23:59:17.737] [DEBUG] debug-file - Configuration task cost before running: 71 ms 
[2026-09-30T23:59:17.738] [DEBUG] debug-file - Executing task :entry:clean
[2026-09-30T23:59:17.738] [DEBUG] debug-file - clean: Start terminating worker pool.
[2026-09-30T23:59:17.738] [DEBUG] debug-file - Current worker pool is stopped or closed.
[2026-09-30T23:59:17.738] [DEBUG] debug-file - Clear worker 4.
[2026-09-30T23:59:17.761] [DEBUG] debug-file - worker[4] exits with exit code 1.
[2026-09-30T23:59:17.762] [DEBUG] debug-file - Worker 4 has been cleared.
[2026-09-30T23:59:17.762] [DEBUG] debug-file - Current idle worker size: 0.
[2026-09-30T23:59:17.762] [DEBUG] debug-file - Current busy worker size: 0.
[2026-09-30T23:59:17.768] [DEBUG] debug-file - Current worker pool is terminated.
[2026-09-30T23:59:17.768] [DEBUG] debug-file - clean: Terminating worker pool finished.
[2026-09-30T23:59:17.853] [DEBUG] debug-file - entry : clean cost memory -12.387893676757812
[2026-09-30T23:59:17.853] [DEBUG] debug-file - runTaskFromQueue task cost before running: 187 ms 
[2026-09-30T23:59:17.853] [INFO] debug-file - Finished :entry:clean... after 116 ms 
[2026-09-30T23:59:17.855] [DEBUG] debug-file - Executing task :entry:default@PreBuild
[2026-09-30T23:59:17.856] [DEBUG] debug-file - Task 'entry:default@PreBuild' cost while wrapping incremental declarations: 1 ms 
[2026-09-30T23:59:17.858] [DEBUG] debug-file - Incremental task entry:default@PreBuild pre-execution cost: 2 ms .
[2026-09-30T23:59:17.858] [DEBUG] debug-file - entry : default@PreBuild cost memory 0.5384292602539062
[2026-09-30T23:59:17.859] [INFO] debug-file - UP-TO-DATE :entry:default@PreBuild...  
[2026-09-30T23:59:17.859] [DEBUG] debug-file - Executing task :entry:default@CreateModuleInfo
[2026-09-30T23:59:17.859] [DEBUG] debug-file - Task 'entry:default@CreateModuleInfo' cost while wrapping incremental declarations: 1 ms 
[2026-09-30T23:59:17.859] [DEBUG] debug-file - entry : default@CreateModuleInfo cost memory 0.0374603271484375
[2026-09-30T23:59:17.860] [DEBUG] debug-file - runTaskFromQueue task cost before running: 193 ms 
[2026-09-30T23:59:17.860] [INFO] debug-file - Finished :entry:default@CreateModuleInfo... after 1 ms 
[2026-09-30T23:59:17.860] [DEBUG] debug-file - Executing task :entry:default@GenerateMetadata
[2026-09-30T23:59:17.860] [DEBUG] debug-file - Task 'entry:default@GenerateMetadata' cost while wrapping incremental declarations: 1 ms 
[2026-09-30T23:59:17.861] [DEBUG] debug-file - entry:default@GenerateMetadata is not up-to-date, since the output file 'E:\BiliMusic\HarmonyOS-Phone\entry\build\default\intermediates\hap_metadata\default\output_metadata.json' does not exist.
[2026-09-30T23:59:17.861] [DEBUG] debug-file - Incremental task entry:default@GenerateMetadata pre-execution cost: 1 ms .
[2026-09-30T23:59:17.862] [DEBUG] debug-file - entry : default@GenerateMetadata cost memory 0.07628631591796875
[2026-09-30T23:59:17.862] [DEBUG] debug-file - runTaskFromQueue task cost before running: 195 ms 
[2026-09-30T23:59:17.862] [INFO] debug-file - Finished :entry:default@GenerateMetadata... after 2 ms 
[2026-09-30T23:59:17.862] [DEBUG] debug-file - Executing task :entry:default@ConfigureCmake
[2026-09-30T23:59:17.862] [DEBUG] debug-file - entry : default@ConfigureCmake cost memory 0.01416778564453125
[2026-09-30T23:59:17.863] [DEBUG] debug-file - runTaskFromQueue task cost before running: 196 ms 
[2026-09-30T23:59:17.863] [INFO] debug-file - Finished :entry:default@ConfigureCmake... after 1 ms 
[2026-09-30T23:59:17.863] [DEBUG] debug-file - Executing task :entry:default@MergeProfile
[2026-09-30T23:59:17.863] [DEBUG] debug-file - Task 'entry:default@MergeProfile' cost while wrapping incremental declarations: 1 ms 
[2026-09-30T23:59:17.864] [DEBUG] debug-file - entry:default@MergeProfile is not up-to-date, since the output file 'E:\BiliMusic\HarmonyOS-Phone\entry\build\default\intermediates\merge_profile\default\module.json' does not exist.
[2026-09-30T23:59:17.864] [DEBUG] debug-file - Incremental task entry:default@MergeProfile pre-execution cost: 1 ms .
[2026-09-30T23:59:17.864] [DEBUG] debug-file - Change app api release type with 'Release'
[2026-09-30T23:59:17.864] [DEBUG] debug-file - Change app compile API version with '26.0.0.105'
[2026-09-30T23:59:17.864] [DEBUG] debug-file - Change app target API version with '260000026'
[2026-09-30T23:59:17.864] [DEBUG] debug-file - Change app minimum API version with '60100023'
[2026-09-30T23:59:17.864] [DEBUG] debug-file - Use cli appEnvironment
[2026-09-30T23:59:17.881] [DEBUG] debug-file - entry : default@MergeProfile cost memory 5.6188201904296875
[2026-09-30T23:59:17.881] [DEBUG] debug-file - runTaskFromQueue task cost before running: 215 ms 
[2026-09-30T23:59:17.881] [INFO] debug-file - Finished :entry:default@MergeProfile... after 19 ms 
[2026-09-30T23:59:17.882] [DEBUG] debug-file - Executing task :entry:default@CreateBuildProfile
[2026-09-30T23:59:17.882] [DEBUG] debug-file - Task 'entry:default@CreateBuildProfile' cost while wrapping incremental declarations: 1 ms 
[2026-09-30T23:59:17.882] [DEBUG] debug-file - entry:default@CreateBuildProfile is not up-to-date, since the output file 'E:\BiliMusic\HarmonyOS-Phone\entry\build\default\generated\profile\default\BuildProfile.ets' does not exist.
[2026-09-30T23:59:17.883] [DEBUG] debug-file - Incremental task entry:default@CreateBuildProfile pre-execution cost: 1 ms .
[2026-09-30T23:59:17.884] [DEBUG] debug-file - entry : default@CreateBuildProfile cost memory 0.08782958984375
[2026-09-30T23:59:17.884] [DEBUG] debug-file - runTaskFromQueue task cost before running: 217 ms 
[2026-09-30T23:59:17.884] [INFO] debug-file - Finished :entry:default@CreateBuildProfile... after 2 ms 
[2026-09-30T23:59:17.884] [DEBUG] debug-file - Executing task :entry:default@PreCheckSyscap
[2026-09-30T23:59:17.885] [DEBUG] debug-file - entry : default@PreCheckSyscap cost memory 0.01407623291015625
[2026-09-30T23:59:17.885] [DEBUG] debug-file - runTaskFromQueue task cost before running: 219 ms 
[2026-09-30T23:59:17.885] [INFO] debug-file - Finished :entry:default@PreCheckSyscap... after 2 ms 
[2026-09-30T23:59:17.886] [DEBUG] debug-file - Executing task :entry:default@GeneratePkgContextInfo
[2026-09-30T23:59:17.888] [DEBUG] debug-file - Task 'entry:default@GeneratePkgContextInfo' cost while wrapping incremental declarations: 1 ms 
[2026-09-30T23:59:17.888] [DEBUG] debug-file - entry:default@GeneratePkgContextInfo is not up-to-date, since the output file 'E:\BiliMusic\HarmonyOS-Phone\entry\build\default\intermediates\loader\default\pkgContextInfo.json' does not exist.
[2026-09-30T23:59:17.888] [DEBUG] debug-file - Incremental task entry:default@GeneratePkgContextInfo pre-execution cost: 1 ms .
[2026-09-30T23:59:17.888] [DEBUG] debug-file - entry : default@GeneratePkgContextInfo cost memory 0.251129150390625
[2026-09-30T23:59:17.889] [DEBUG] debug-file - runTaskFromQueue task cost before running: 222 ms 
[2026-09-30T23:59:17.889] [INFO] debug-file - Finished :entry:default@GeneratePkgContextInfo... after 3 ms 
[2026-09-30T23:59:17.889] [DEBUG] debug-file - Executing task :entry:default@GeneratePkgSdkInfo
[2026-09-30T23:59:17.890] [DEBUG] debug-file - Task 'entry:default@GeneratePkgSdkInfo' cost while wrapping incremental declarations: 1 ms 
[2026-09-30T23:59:17.890] [DEBUG] debug-file - entry : default@GeneratePkgSdkInfo cost memory 0.0954132080078125
[2026-09-30T23:59:17.890] [DEBUG] debug-file - runTaskFromQueue task cost before running: 223 ms 
[2026-09-30T23:59:17.890] [INFO] debug-file - Finished :entry:default@GeneratePkgSdkInfo... after 1 ms 
[2026-09-30T23:59:17.891] [DEBUG] debug-file - Executing task :entry:default@ProcessIntegratedHsp
[2026-09-30T23:59:17.891] [DEBUG] debug-file - entry:default@ProcessIntegratedHsp is not up-to-date, since the output file 'E:\BiliMusic\HarmonyOS-Phone\build\cache\default\integrated_hsp\integratedHspCache.json' does not exist.
[2026-09-30T23:59:17.892] [DEBUG] debug-file - Incremental task entry:default@ProcessIntegratedHsp pre-execution cost: 1 ms .
[2026-09-30T23:59:17.892] [DEBUG] debug-file - entry : default@ProcessIntegratedHsp cost memory 0.0469818115234375
[2026-09-30T23:59:17.892] [DEBUG] debug-file - runTaskFromQueue task cost before running: 225 ms 
[2026-09-30T23:59:17.892] [INFO] debug-file - Finished :entry:default@ProcessIntegratedHsp... after 1 ms 
[2026-09-30T23:59:17.892] [DEBUG] debug-file - Executing task :entry:default@BuildNativeWithCmake
[2026-09-30T23:59:17.892] [DEBUG] debug-file - entry : default@BuildNativeWithCmake cost memory 0.01384735107421875
[2026-09-30T23:59:17.892] [DEBUG] debug-file - runTaskFromQueue task cost before running: 226 ms 
[2026-09-30T23:59:17.892] [INFO] debug-file - Finished :entry:default@BuildNativeWithCmake... after 1 ms 
[2026-09-30T23:59:17.893] [DEBUG] debug-file - Executing task :entry:default@MakePackInfo
[2026-09-30T23:59:17.893] [DEBUG] debug-file - entry:default@MakePackInfo is not up-to-date, since the output file 'E:\BiliMusic\HarmonyOS-Phone\entry\build\default\outputs\default\pack.info' does not exist.
[2026-09-30T23:59:17.893] [DEBUG] debug-file - Incremental task entry:default@MakePackInfo pre-execution cost: 1 ms .
[2026-09-30T23:59:17.893] [DEBUG] debug-file - Module Pack Info:  {
  summary: {
    app: { bundleName: 'c***c', bundleType: 'app', version: [Object] },
    modules: [ [Object] ]
  },
  packages: [
    {
      deviceType: [Array],
      moduleType: 'entry',
      deliveryWithInstall: true,
      name: 'entry-default'
    }
  ]
}
[2026-09-30T23:59:17.894] [DEBUG] debug-file - entry : default@MakePackInfo cost memory 0.11592864990234375
[2026-09-30T23:59:17.894] [DEBUG] debug-file - runTaskFromQueue task cost before running: 228 ms 
[2026-09-30T23:59:17.894] [INFO] debug-file - Finished :entry:default@MakePackInfo... after 2 ms 
[2026-09-30T23:59:17.895] [DEBUG] debug-file - Executing task :entry:default@SyscapTransform
[2026-09-30T23:59:17.895] [DEBUG] debug-file - File: 'E:\BiliMusic\HarmonyOS-Phone\entry\src\main\syscap.json' from 'sysCapJsonPath' is not exists, just ignore.
[2026-09-30T23:59:17.895] [DEBUG] debug-file - Task 'entry:default@SyscapTransform' cost while wrapping incremental declarations: 1 ms 
[2026-09-30T23:59:17.895] [DEBUG] debug-file - entry:default@SyscapTransform is not up-to-date, since the output file 'E:\BiliMusic\HarmonyOS-Phone\entry\build\default\intermediates\syscap\default\rpcid.sc' does not exist.
[2026-09-30T23:59:17.895] [DEBUG] debug-file - Incremental task entry:default@SyscapTransform pre-execution cost: 1 ms .
[2026-09-30T23:59:17.896] [DEBUG] debug-file - entry : default@SyscapTransform cost memory 0.1125335693359375
[2026-09-30T23:59:17.896] [DEBUG] debug-file - runTaskFromQueue task cost before running: 229 ms 
[2026-09-30T23:59:17.896] [INFO] debug-file - Finished :entry:default@SyscapTransform... after 1 ms 
[2026-09-30T23:59:17.896] [DEBUG] debug-file - Executing task :entry:default@ProcessProfile
[2026-09-30T23:59:17.897] [DEBUG] debug-file - Task 'entry:default@ProcessProfile' cost while wrapping incremental declarations: 1 ms 
[2026-09-30T23:59:17.897] [DEBUG] debug-file - entry:default@ProcessProfile is not up-to-date, since the input file 'E:\BiliMusic\HarmonyOS-Phone\entry\build\default\intermediates\merge_profile\default\module.json' has been changed.
[2026-09-30T23:59:17.897] [DEBUG] debug-file - Incremental task entry:default@ProcessProfile pre-execution cost: 1 ms .
[2026-09-30T23:59:17.898] [DEBUG] debug-file - [
  'E:\\Program Files\\Huawei\\DevEco Studio\\tools\\node\\node.exe',
  'E:\\Program Files\\Huawei\\DevEco Studio\\sdk\\default\\openharmony\\ets\\build-tools\\ets-loader\\bin\\ark\\ts2abc.js',
  '--target-api-version',
  '23'
]
[2026-09-30T23:59:18.003] [DEBUG] debug-file - 13.0.1.0
[2026-09-30T23:59:18.005] [DEBUG] debug-file - No need to add fake ui ability because of not in preview process.
[2026-09-30T23:59:18.006] [DEBUG] debug-file - entry : default@ProcessProfile cost memory 0.29276275634765625
[2026-09-30T23:59:18.006] [DEBUG] debug-file - runTaskFromQueue task cost before running: 339 ms 
[2026-09-30T23:59:18.006] [INFO] debug-file - Finished :entry:default@ProcessProfile... after 110 ms 
[2026-09-30T23:59:18.006] [DEBUG] debug-file - Executing task :entry:default@ProcessRouterMap
[2026-09-30T23:59:18.007] [DEBUG] debug-file - entry:default@ProcessRouterMap is not up-to-date, since the input file 'E:\BiliMusic\HarmonyOS-Phone\entry\build\default\intermediates\loader\default\pkgContextInfo.json' has been changed.
[2026-09-30T23:59:18.007] [DEBUG] debug-file - Incremental task entry:default@ProcessRouterMap pre-execution cost: 1 ms .
[2026-09-30T23:59:18.009] [DEBUG] debug-file - entry : default@ProcessRouterMap cost memory 0.10449981689453125
[2026-09-30T23:59:18.009] [DEBUG] debug-file - runTaskFromQueue task cost before running: 342 ms 
[2026-09-30T23:59:18.009] [INFO] debug-file - Finished :entry:default@ProcessRouterMap... after 3 ms 
[2026-09-30T23:59:18.009] [DEBUG] debug-file - Executing task :entry:default@ProcessShareConfig
[2026-09-30T23:59:18.010] [DEBUG] debug-file - entry:default@ProcessShareConfig is not up-to-date, since the input file 'E:\BiliMusic\HarmonyOS-Phone\entry\build\default\intermediates\loader\default\pkgContextInfo.json' has been changed.
[2026-09-30T23:59:18.010] [DEBUG] debug-file - Incremental task entry:default@ProcessShareConfig pre-execution cost: 1 ms .
[2026-09-30T23:59:18.011] [DEBUG] debug-file - entry : default@ProcessShareConfig cost memory 0.09796142578125
[2026-09-30T23:59:18.011] [DEBUG] debug-file - runTaskFromQueue task cost before running: 344 ms 
[2026-09-30T23:59:18.011] [INFO] debug-file - Finished :entry:default@ProcessShareConfig... after 2 ms 
[2026-09-30T23:59:18.011] [DEBUG] debug-file - Executing task :entry:default@ProcessStartupConfig
[2026-09-30T23:59:18.011] [DEBUG] debug-file - Task 'entry:default@ProcessStartupConfig' cost while wrapping incremental declarations: 1 ms 
[2026-09-30T23:59:18.012] [DEBUG] debug-file - entry:default@ProcessStartupConfig is not up-to-date, since the input file 'E:\BiliMusic\HarmonyOS-Phone\entry\build\default\intermediates\loader\default\pkgContextInfo.json' has been changed.
[2026-09-30T23:59:18.012] [DEBUG] debug-file - Incremental task entry:default@ProcessStartupConfig pre-execution cost: 1 ms .
[2026-09-30T23:59:18.012] [DEBUG] debug-file - entry : default@ProcessStartupConfig cost memory 0.105865478515625
[2026-09-30T23:59:18.012] [DEBUG] debug-file - runTaskFromQueue task cost before running: 346 ms 
[2026-09-30T23:59:18.012] [INFO] debug-file - Finished :entry:default@ProcessStartupConfig... after 1 ms 
[2026-09-30T23:59:18.013] [DEBUG] debug-file - Executing task :entry:default@BuildNativeWithNinja
[2026-09-30T23:59:18.013] [DEBUG] debug-file - entry : default@BuildNativeWithNinja cost memory 0.02001953125
[2026-09-30T23:59:18.013] [DEBUG] debug-file - runTaskFromQueue task cost before running: 347 ms 
[2026-09-30T23:59:18.014] [INFO] debug-file - Finished :entry:default@BuildNativeWithNinja... after 1 ms 
[2026-09-30T23:59:18.014] [DEBUG] debug-file - restool module names: entry; moduleName=entry, taskName=default@ProcessResource
[2026-09-30T23:59:18.014] [DEBUG] debug-file - Executing task :entry:default@ProcessResource
[2026-09-30T23:59:18.014] [DEBUG] debug-file - Task 'entry:default@ProcessResource' cost while wrapping incremental declarations: 1 ms 
[2026-09-30T23:59:18.015] [DEBUG] debug-file - entry:default@ProcessResource is not up-to-date, since the output file 'E:\BiliMusic\HarmonyOS-Phone\entry\build\default\intermediates\res\default\resConfig.json' does not exist.
[2026-09-30T23:59:18.015] [DEBUG] debug-file - Incremental task entry:default@ProcessResource pre-execution cost: 1 ms .
[2026-09-30T23:59:18.016] [DEBUG] debug-file - entry : default@ProcessResource cost memory 0.100982666015625
[2026-09-30T23:59:18.016] [DEBUG] debug-file - runTaskFromQueue task cost before running: 349 ms 
[2026-09-30T23:59:18.016] [INFO] debug-file - Finished :entry:default@ProcessResource... after 2 ms 
[2026-09-30T23:59:18.017] [DEBUG] debug-file - Executing task :entry:default@GenerateLoaderJson
[2026-09-30T23:59:18.017] [DEBUG] debug-file - Task 'entry:default@GenerateLoaderJson' cost while wrapping incremental declarations: 1 ms 
[2026-09-30T23:59:18.019] [DEBUG] debug-file - entry:default@GenerateLoaderJson is not up-to-date, since the input file 'E:\BiliMusic\HarmonyOS-Phone\entry\build\default\intermediates\loader\default\pkgContextInfo.json' has been changed.
[2026-09-30T23:59:18.019] [DEBUG] debug-file - Incremental task entry:default@GenerateLoaderJson pre-execution cost: 2 ms .
[2026-09-30T23:59:18.021] [DEBUG] debug-file - entry : default@GenerateLoaderJson cost memory 0.31198883056640625
[2026-09-30T23:59:18.021] [DEBUG] debug-file - runTaskFromQueue task cost before running: 354 ms 
[2026-09-30T23:59:18.022] [INFO] debug-file - Finished :entry:default@GenerateLoaderJson... after 4 ms 
[2026-09-30T23:59:18.022] [DEBUG] debug-file - Executing task :entry:default@ProcessLibs
[2026-09-30T23:59:18.023] [DEBUG] debug-file - Task 'entry:default@ProcessLibs' cost while wrapping incremental declarations: 1 ms 
[2026-09-30T23:59:18.023] [DEBUG] debug-file - entry:default@ProcessLibs is not up-to-date, since the output file 'E:\BiliMusic\HarmonyOS-Phone\entry\build\default\intermediates\libs\default' does not exist.
[2026-09-30T23:59:18.023] [DEBUG] debug-file - Incremental task entry:default@ProcessLibs pre-execution cost: 1 ms .
[2026-09-30T23:59:18.024] [DEBUG] debug-file - Worker dispatch failed, running processLibs on main thread.
[2026-09-30T23:59:18.025] [DEBUG] debug-file - entry : default@ProcessLibs cost memory 0.24884033203125
[2026-09-30T23:59:18.025] [DEBUG] debug-file - runTaskFromQueue task cost before running: 358 ms 
[2026-09-30T23:59:18.025] [INFO] debug-file - Finished :entry:default@ProcessLibs... after 3 ms 
[2026-09-30T23:59:18.025] [DEBUG] debug-file - restool module names: entry; moduleName=entry, taskName=default@CompileResource
[2026-09-30T23:59:18.025] [DEBUG] debug-file - Executing task :entry:default@CompileResource
[2026-09-30T23:59:18.027] [DEBUG] debug-file - entry:default@CompileResource is not up-to-date, since the input file 'E:\BiliMusic\HarmonyOS-Phone\entry\build\default\intermediates\process_profile\default\module.json' has been changed.
[2026-09-30T23:59:18.027] [DEBUG] debug-file - Incremental task entry:default@CompileResource pre-execution cost: 2 ms .
[2026-09-30T23:59:18.028] [DEBUG] debug-file - Use tool [E:\Program Files\Huawei\DevEco Studio\sdk\default\openharmony\toolchains\restool.exe]
 [
  'E:\\Program Files\\Huawei\\DevEco Studio\\sdk\\default\\openharmony\\toolchains\\restool.exe',
  '-l',
  'E:\\BiliMusic\\HarmonyOS-Phone\\entry\\build\\default\\intermediates\\res\\default\\resConfig.json'
]
[2026-09-30T23:59:18.029] [DEBUG] debug-file - current process  memoryUsage: {
  rss: 451444736,
  heapTotal: 146120704,
  heapUsed: 120275480,
  external: 3974398,
  arrayBuffers: 46930
} os memoryUsage :12.448661804199219
[2026-09-30T23:59:18.064] [DEBUG] debug-file - Info: Pack: normal pack mode

[2026-09-30T23:59:18.131] [DEBUG] debug-file - Info: hardware concurrency count is : 12
Info: thread count is : 12

[2026-09-30T23:59:18.132] [DEBUG] debug-file - Info: thread pool is started

[2026-09-30T23:59:18.133] [DEBUG] debug-file - Info: GenericCompiler::CompileFiles

[2026-09-30T23:59:18.137] [DEBUG] debug-file - Info: GenericCompiler::CompileFiles
Warning: 'E:\BiliMusic\HarmonyOS-Phone\entry\src\main\resources\base\media\app_icon.png' is defined repeatedly.

[2026-09-30T23:59:18.138] [DEBUG] debug-file - Info: GenericCompiler::CompileFiles

[2026-09-30T23:59:18.142] [DEBUG] debug-file - 09-30 23:59:18.142 15296 15500 I C01400/SvgDecodeUtils: SvgDecodeUtils::IsSvgFormat probe svg format, path:E:\BiliMusic\HarmonyOS-Phone\AppScope\resources\base\media\app_icon.png.

[2026-09-30T23:59:18.142] [DEBUG] debug-file - 09-30 23:59:18.142 15296 15500 E C01400/ImageTranscoderUtils: DecodeToRGBA IN

[2026-09-30T23:59:18.142] [DEBUG] debug-file - 09-30 23:59:18.143 15296 15500 I C01400/SvgDecodeUtils: SvgDecodeUtils::IsSvgFormat probe svg format, path:E:\BiliMusic\HarmonyOS-Phone\AppScope\resources\base\media\app_icon.png.
09-30 23:59:18.143 15296 15500 E C01400/ImageTranscoderUtils: ImageFilter IN E:\BiliMusic\HarmonyOS-Phone\AppScope\resources\base\media\app_icon.png

[2026-09-30T23:59:18.146] [DEBUG] debug-file - 09-30 23:59:18.146 15296 15500 E C01400/ImageTranscoder: TranscodeSLR Only zoom-out is supported.

[2026-09-30T23:59:18.146] [DEBUG] debug-file - Warning: ScaleImage failed, error message: INVALID_PARAMETERS, file path = E:\BiliMusic\HarmonyOS-Phone\AppScope\resources\base\media\app_icon.png

[2026-09-30T23:59:18.147] [DEBUG] debug-file - Warning: The width or height of the png file referenced by the icon exceeds the limit (41 pixels)
at E:\BiliMusic\HarmonyOS-Phone\AppScope\resources\base\media\app_icon.png

[2026-09-30T23:59:18.147] [DEBUG] debug-file - Warning: The width or height of the png file referenced by the startWindowIcon exceeds the limit (144 pixels)
at E:\BiliMusic\HarmonyOS-Phone\AppScope\resources\base\media\app_icon.png

[2026-09-30T23:59:18.149] [DEBUG] debug-file - Info: restool resources compile success.

[2026-09-30T23:59:18.149] [DEBUG] debug-file - Info: thread pool is stopped

[2026-09-30T23:59:18.209] [WARN] debug-file - Warning: 'EntryAbility_desc' conflict, first declared.
at E:\BiliMusic\HarmonyOS-Phone\AppScope\resources\base\element\string.json
but declared again.
at E:\BiliMusic\HarmonyOS-Phone\entry\src\main\resources\base\element\string.json
Warning: 'EntryAbility_label' conflict, first declared.
at E:\BiliMusic\HarmonyOS-Phone\AppScope\resources\base\element\string.json
but declared again.
at E:\BiliMusic\HarmonyOS-Phone\entry\src\main\resources\base\element\string.json
Warning: 'module_desc' conflict, first declared.
at E:\BiliMusic\HarmonyOS-Phone\AppScope\resources\base\element\string.json
but declared again.
at E:\BiliMusic\HarmonyOS-Phone\entry\src\main\resources\base\element\string.json

[2026-09-30T23:59:18.210] [DEBUG] debug-file - entry : default@CompileResource cost memory 0.5747833251953125
[2026-09-30T23:59:18.210] [DEBUG] debug-file - runTaskFromQueue task cost before running: 543 ms 
[2026-09-30T23:59:18.210] [INFO] debug-file - Finished :entry:default@CompileResource... after 185 ms 
[2026-09-30T23:59:18.211] [DEBUG] debug-file - Executing task :entry:default@DoNativeStrip
[2026-09-30T23:59:18.211] [DEBUG] debug-file - File: 'E:\BiliMusic\HarmonyOS-Phone\entry\build\default\intermediates\binxo\default' from 'doBinxoNativeLibs' is not exists, just ignore.
[2026-09-30T23:59:18.211] [DEBUG] debug-file - Task 'entry:default@DoNativeStrip' cost while wrapping incremental declarations: 1 ms 
[2026-09-30T23:59:18.211] [DEBUG] debug-file - entry:default@DoNativeStrip is not up-to-date, since the output file 'E:\BiliMusic\HarmonyOS-Phone\entry\build\default\intermediates\stripped_native_libs\default' does not exist.
[2026-09-30T23:59:18.211] [DEBUG] debug-file - Incremental task entry:default@DoNativeStrip pre-execution cost: 1 ms .
[2026-09-30T23:59:18.212] [DEBUG] debug-file - entry : default@DoNativeStrip cost memory 0.07276153564453125
[2026-09-30T23:59:18.212] [DEBUG] debug-file - runTaskFromQueue task cost before running: 545 ms 
[2026-09-30T23:59:18.212] [INFO] debug-file - Finished :entry:default@DoNativeStrip... after 2 ms 
[2026-09-30T23:59:18.213] [DEBUG] debug-file - Executing task :entry:default@CompileArkTS
[2026-09-30T23:59:18.213] [DEBUG] debug-file - obfuscationOptions: undefined
[2026-09-30T23:59:18.213] [DEBUG] debug-file - Task 'entry:default@CompileArkTS' cost while wrapping incremental declarations: 1 ms 
[2026-09-30T23:59:18.214] [DEBUG] debug-file - entry:default@CompileArkTS is not up-to-date, since the input file 'E:\BiliMusic\HarmonyOS-Phone\entry\build\default\intermediates\loader\default' has been changed.
[2026-09-30T23:59:18.214] [DEBUG] debug-file - Incremental task entry:default@CompileArkTS pre-execution cost: 1 ms .
[2026-09-30T23:59:18.218] [DEBUG] debug-file - build config:
[2026-09-30T23:59:18.218] [DEBUG] debug-file - {
  moduleType: 'entry',
  perf: 0,
  targetName: '.default',
  packageManagerType: 'ohpm',
  localPropertiesPath: 'E:\\BiliMusic\\HarmonyOS-Phone\\local.properties',
  isPreview: false,
  isOhosTest: false,
  isLocalTest: false,
  buildMode: 'Debug',
  hotReloadBuild: undefined,
  watchMode: 'false',
  aceProfilePath: 'E:\\BiliMusic\\HarmonyOS-Phone\\entry\\build\\default\\intermediates\\res\\default\\resources\\base\\profile',
  etsLoaderPath: 'E:\\Program Files\\Huawei\\DevEco Studio\\sdk\\default\\openharmony\\ets\\build-tools\\ets-loader',
  modulePath: 'E:\\BiliMusic\\HarmonyOS-Phone\\entry',
  testFrameworkPar: {
    testMode: undefined,
    coveragePathFilter: undefined,
    coverageMode: undefined
  },
  needCoverageInsert: false,
  debugLine: false,
  projectTopDir: 'E:\\BiliMusic\\HarmonyOS-Phone',
  compileSdkVersion: 26,
  compatibleSdkVersion: 23,
  originCompatibleSdkVersion: '6.1.0(23)',
  compatibleSdkVersionStage: undefined,
  bundleName: 'c***c',
  etsLoaderVersion: '26.0.0.105',
  etsLoaderReleaseType: 'Release',
  aotCompileMode: 'type',
  apPath: 'E:\\BiliMusic\\HarmonyOS-Phone\\entry\\modules.ap',
  entryModuleName: 'entry',
  entryModuleVersion: '1.0.0',
  entryPackageName: 'entry',
  allModuleNameHash: '1fb86d416fab12e52c2c8a33b6437b4d1df774ceea39dccf98e38fe553734155',
  externalApiPaths: [
    'E:\\Program Files\\Huawei\\DevEco Studio\\sdk\\default\\hms\\ets'
  ],
  compilerTypes: [],
  isCrossplatform: false,
  hvigorPluginFile: undefined,
  compilePluginPath: undefined,
  buildGeneratedProfilePath: 'E:\\BiliMusic\\HarmonyOS-Phone\\entry\\build\\default\\generated\\profile\\default',
  bundleType: 'app',
  arkTSVersion: undefined,
  apiVersion: 26,
  needCompleteSourcesMap: false,
  isFaMode: false,
  buildDir: 'E:\\BiliMusic\\HarmonyOS-Phone\\entry\\build',
  buildCacheProjectDir: 'E:\\BiliMusic\\HarmonyOS-Phone',
  deviceTypes: [ 'phone' ],
  pkgContextInfo: {
    '@ohos/hypium': {
      packageName: '@ohos/hypium',
      bundleName: '*****',
      moduleName: '',
      version: '1.0.19',
      entryPath: 'index.js',
      isSO: false,
      dependencyAlias: ''
    },
    '@ohos/hamock': {
      packageName: '@ohos/hamock',
      bundleName: '*****',
      moduleName: '',
      version: '1.0.0',
      entryPath: 'index.ets',
      isSO: false,
      dependencyAlias: ''
    },
    entry: {
      packageName: 'entry',
      bundleName: '*****',
      moduleName: '',
      version: '',
      entryPath: 'src/main/',
      isSO: false,
      dependencyAlias: ''
    }
  },
  ohPackagePathMap: {},
  dependencyAliasMap: {},
  permission: {
    requestPermissions: [ [Object], [Object], [Object] ],
    definePermissions: undefined
  },
  useGetCurrentBundleName: false,
  projectArkOption: undefined,
  sourceMapDir: undefined,
  branchElimination: false,
  transformLib: undefined,
  tsImportSendable: false,
  resolveConflictMode: true,
  depName2RootPath: {},
  depName2DepInfo: {},
  depName2OhExports: {},
  rootPathSet: [ 'E:\\BiliMusic\\HarmonyOS-Phone' ],
  useNativeResolver: true,
  shouldEmitJs: true,
  useUnifiedAst: false,
  useTscResolve: false,
  singleFileEmit: false,
  userProjectConfig: {
    autoLazyImport: false,
    allowEmptyBundleName: false,
    reExportCheckMode: 'noCheck',
    executionMode: 'memory',
    usePathPlaceholder: false,
    writeRollupCache: true,
    isExpandImportEnabled: false,
    expandImportExclude: '',
    lazyImportExclude: '',
    lazyImportInclude: '',
    ignoreCrossplatformCheck: false,
    isHarDeduplicateEnabled: false,
    skipOhModulesLint: false,
    enableStrictCheckOHModule: false,
    disableSendableCheckRules: [],
    useDeclarationFileSignature: false,
    customizedOptions: undefined,
    integratedHsp: false,
    tsImportSoCheck: false,
    isPreloadSoEnabled: false
  },
  executionMode: 'memory',
  arkCompileCachePath: 'E:\\BiliMusic\\HarmonyOS-Phone\\entry\\build\\default\\cache\\default\\default@CompileArkTS\\esmodule',
  autoLazyFilter: undefined,
  isHarDeduplicateEnabled: false,
  intermediateHarDuplicateDirPath: 'E:\\BiliMusic\\HarmonyOS-Phone\\entry\\build\\default\\intermediates\\har_duplicate\\default',
  autoLazyImport: false,
  allowEmptyBundleName: false,
  reExportCheckMode: 'noCheck',
  usePathPlaceholder: false,
  writeRollupCache: true,
  isExpandImportEnabled: false,
  expandImportExclude: '',
  lazyImportExclude: '',
  lazyImportInclude: '',
  ignoreCrossplatformCheck: false,
  skipOhModulesLint: false,
  enableStrictCheckOHModule: false,
  disableSendableCheckRules: [],
  useDeclarationFileSignature: false,
  customizedOptions: undefined,
  integratedHsp: false,
  tsImportSoCheck: false,
  isPreloadSoEnabled: false,
  strictMode: {
    caseSensitiveCheck: true,
    useNormalizedOHMUrl: true,
    noExternalImportByPath: true
  },
  useNormalizedOHMUrl: true,
  caseSensitiveCheck: true,
  strictCheckerOnly: false,
  aceModuleJsonPath: 'E:\\BiliMusic\\HarmonyOS-Phone\\entry\\build\\default\\intermediates\\res\\default\\ark_module.json',
  appResource: 'E:\\BiliMusic\\HarmonyOS-Phone\\entry\\build\\default\\intermediates\\res\\default\\ResourceTable.txt',
  rawFileResource: 'E:\\BiliMusic\\HarmonyOS-Phone\\entry\\build\\default\\intermediates\\res\\default\\resources\\rawfile',
  resourceTableHash: '8f134415846e377d5cadd7a2693be7ac2a5a63ab945d35995ecb6ce59641afff',
  runtimeOS: 'HarmonyOS',
  sdkInfo: 'false:26:26.0.0.105:Release',
  aceModuleRoot: 'E:\\BiliMusic\\HarmonyOS-Phone\\entry\\src\\main\\ets',
  compileMode: 'esmodule',
  aceSuperVisualPath: 'E:\\BiliMusic\\HarmonyOS-Phone\\entry\\src\\main\\supervisual',
  aceBuildJson: 'E:\\BiliMusic\\HarmonyOS-Phone\\entry\\build\\default\\intermediates\\loader\\default\\loader.json',
  cachePath: 'E:\\BiliMusic\\HarmonyOS-Phone\\entry\\build\\default\\cache\\default\\default@CompileArkTS\\esmodule\\debug',
  aceModuleBuild: 'E:\\BiliMusic\\HarmonyOS-Phone\\entry\\build\\default\\intermediates\\loader_out\\default\\ets',
  supportChunks: true,
  declaredFilesPath: undefined,
  shouldCollectDirectImportees: false,
  isByteCodeHarOptimize: false,
  expandImportPath: undefined,
  resourceTableTs: 'E:\\BiliMusic\\HarmonyOS-Phone\\entry\\build\\default\\generated\\r\\default\\ResourceTable.ts',
  moduleMetaInfoFiles: [
    {
      filePath: 'E:\\BiliMusic\\HarmonyOS-Phone\\entry\\build\\default\\generated\\r\\default\\ResourceTable.ts',
      ohmurl: '&entry/build/generated/r/ResourceTable&'
    }
  ],
  pkgNameToPkgBriefInfo: {
    entry: {
      pkgRoot: 'E:\\BiliMusic\\HarmonyOS-Phone\\entry',
      originalSourceRoots: undefined,
      sourceRoots: [Array],
      pkgName: 'entry'
    }
  },
  projectModel: {
    'E:\\BiliMusic\\HarmonyOS-Phone\\entry\\src\\main': {
      moduleName: 'entry',
      modulePkgPath: 'E:\\BiliMusic\\HarmonyOS-Phone\\entry',
      belongProjectPath: 'E:\\BiliMusic\\HarmonyOS-Phone'
    },
    'E:\\BiliMusic\\HarmonyOS-Phone\\entry': {
      moduleName: 'entry',
      modulePkgPath: 'E:\\BiliMusic\\HarmonyOS-Phone\\entry',
      belongProjectPath: 'E:\\BiliMusic\\HarmonyOS-Phone'
    },
    'E:\\BiliMusic\\HarmonyOS-Phone': {
      moduleName: 'HarmonyOS-Phone',
      modulePkgPath: 'E:\\BiliMusic\\HarmonyOS-Phone',
      belongProjectPath: 'E:\\BiliMusic\\HarmonyOS-Phone'
    }
  },
  pkgJsonFileHash: 'a3d462a761ea7d0350a74ef0a1754da6bd9797b955aaf1e19b1dcad95c0dbc08',
  allModulePaths: [ 'E:\\BiliMusic\\HarmonyOS-Phone\\entry' ],
  routerMap: {},
  obfuscationOptions: undefined,
  byteCodeHarToDependencyKeys: undefined,
  compileBlockPkg: [],
  mockParams: {
    decorator: '@MockSetup',
    packageName: '@ohos/hamock',
    etsSourceRootPath: 'src/main/ets',
    mockConfigPath: undefined,
    mockConfigKey2ModuleInfo: {},
    source2ModuleIdMap: {}
  },
  copyCodeResourceEnable: true,
  copyCodeResourceExcludes: [],
  copyCodeResourceIncludes: undefined,
  uiTransformOptimization: false,
  sdkPath: 'E:/Program Files/Huawei/DevEco Studio/sdk',
  needPreloadSoFileSet: {},
  preloadSoFilePath: 'E:\\BiliMusic\\HarmonyOS-Phone\\entry\\build\\default\\intermediates\\preload\\default\\preload.json',
  useSourceHash: false,
  localModuleParamMap: {},
  otherPaths: {
    'entry/*': [
      '..\\*',
      '..\\..\\..\\build\\default\\generated\\profile\\default\\*'
    ]
  },
  collectImportersConfig: undefined
}
[2026-09-30T23:59:18.218] [DEBUG] debug-file - Compile arkts with external api path: E:\Program Files\Huawei\DevEco Studio\sdk\default\hms\ets
[2026-09-30T23:59:18.219] [DEBUG] debug-file - Since there is no instance or instance is terminated, create a new worker pool.
[2026-09-30T23:59:18.219] [DEBUG] debug-file - Worker pool is initialized with config:  {
  minPoolNum: 2,
  maxPoolNum: undefined,
  maxCoreSize: undefined,
  cacheCapacity: undefined,
  cacheTtl: undefined
}
[2026-09-30T23:59:18.219] [DEBUG] debug-file - Create  resident worker with id: 0.
[2026-09-30T23:59:18.219] [DEBUG] debug-file - Create  resident worker with id: 1.
[2026-09-30T23:59:18.222] [DEBUG] debug-file - before submitting ArkTS compile task to worker pool, config.buildDir: E:\BiliMusic\HarmonyOS-Phone\entry\build
[2026-09-30T23:59:18.222] [DEBUG] debug-file - default@CompileArkTS work[64] is submitted.
[2026-09-30T23:59:18.222] [DEBUG] debug-file - default@CompileArkTS work[64] is pushed to ready queue.
[2026-09-30T23:59:18.222] [DEBUG] debug-file - A work dispatched to worker[11] failed because unable to get work from ready queue.
[2026-09-30T23:59:18.222] [DEBUG] debug-file - A work dispatched to worker[10] failed because unable to get work from ready queue.
[2026-09-30T23:59:18.222] [DEBUG] debug-file - A work dispatched to worker[9] failed because unable to get work from ready queue.
[2026-09-30T23:59:18.222] [DEBUG] debug-file - A work dispatched to worker[8] failed because unable to get work from ready queue.
[2026-09-30T23:59:18.222] [DEBUG] debug-file - A work dispatched to worker[7] failed because unable to get work from ready queue.
[2026-09-30T23:59:18.222] [DEBUG] debug-file - A work dispatched to worker[6] failed because unable to get work from ready queue.
[2026-09-30T23:59:18.222] [DEBUG] debug-file - A work dispatched to worker[5] failed because unable to get work from ready queue.
[2026-09-30T23:59:18.222] [DEBUG] debug-file - Create  resident worker with id: 4.
[2026-09-30T23:59:18.223] [DEBUG] debug-file - default@CompileArkTS work[64] has been dispatched to worker[4].
[2026-09-30T23:59:18.223] [DEBUG] debug-file - default@CompileArkTS work[64] is dispatched.
[2026-09-30T23:59:18.223] [DEBUG] debug-file - CopyResources startTime: 16557131983400
[2026-09-30T23:59:18.223] [DEBUG] debug-file - default@CompileArkTS work[65] is submitted.
[2026-09-30T23:59:18.223] [DEBUG] debug-file - default@CompileArkTS work[65] is pushed to ready queue.
[2026-09-30T23:59:18.223] [DEBUG] debug-file - A work dispatched to worker[11] failed because unable to get work from ready queue.
[2026-09-30T23:59:18.223] [DEBUG] debug-file - Create  resident worker with id: 10.
[2026-09-30T23:59:18.224] [DEBUG] debug-file - default@CompileArkTS work[65] has been dispatched to worker[10].
[2026-09-30T23:59:18.224] [DEBUG] debug-file - default@CompileArkTS work[65] is dispatched.
[2026-09-30T23:59:18.224] [DEBUG] debug-file - entry : default@CompileArkTS cost memory 1.2738418579101562
[2026-09-30T23:59:18.225] [DEBUG] debug-file - Executing task :entry:default@BuildJS
[2026-09-30T23:59:18.226] [DEBUG] debug-file - Task 'entry:default@BuildJS' cost while wrapping incremental declarations: 1 ms 
[2026-09-30T23:59:18.227] [DEBUG] debug-file - entry : default@BuildJS cost memory 0.11126708984375
[2026-09-30T23:59:18.227] [DEBUG] debug-file - runTaskFromQueue task cost before running: 560 ms 
[2026-09-30T23:59:18.227] [INFO] debug-file - Finished :entry:default@BuildJS... after 2 ms 
[2026-09-30T23:59:18.228] [DEBUG] debug-file - Executing task :entry:default@CacheNativeLibs
[2026-09-30T23:59:18.228] [DEBUG] debug-file - File: 'E:\BiliMusic\HarmonyOS-Phone\entry\build\default\intermediates\binxo\default' from 'cacheBinxoNativeLibs' is not exists, just ignore.
[2026-09-30T23:59:18.228] [DEBUG] debug-file - Task 'entry:default@CacheNativeLibs' cost while wrapping incremental declarations: 1 ms 
[2026-09-30T23:59:18.229] [DEBUG] debug-file - entry:default@CacheNativeLibs is not up-to-date, since the output file 'E:\BiliMusic\HarmonyOS-Phone\entry\build\default\intermediates\patch\default\base_native_libs.json' does not exist.
[2026-09-30T23:59:18.229] [DEBUG] debug-file - Incremental task entry:default@CacheNativeLibs pre-execution cost: 1 ms .
[2026-09-30T23:59:18.229] [DEBUG] debug-file - default@CacheNativeLibs work[66] is submitted.
[2026-09-30T23:59:18.229] [DEBUG] debug-file - default@CacheNativeLibs work[66] is pushed to ready queue.
[2026-09-30T23:59:18.229] [DEBUG] debug-file - A work dispatched to worker[11] failed because unable to get work from ready queue.
[2026-09-30T23:59:18.229] [DEBUG] debug-file - A work dispatched to worker[10] failed because of worker busy.
[2026-09-30T23:59:18.229] [DEBUG] debug-file - Create  resident worker with id: 9.
[2026-09-30T23:59:18.230] [DEBUG] debug-file - default@CacheNativeLibs work[66] has been dispatched to worker[9].
[2026-09-30T23:59:18.230] [DEBUG] debug-file - default@CacheNativeLibs work[66] is dispatched.
[2026-09-30T23:59:18.230] [DEBUG] debug-file - entry : default@CacheNativeLibs cost memory 0.1942138671875
[2026-09-30T23:59:18.898] [DEBUG] debug-file - worker[10] has one work done.
[2026-09-30T23:59:18.898] [DEBUG] debug-file - CopyResources is end, endTime: 16557806927400
[2026-09-30T23:59:18.898] [DEBUG] debug-file - default@CompileArkTS work[65] done.
[2026-09-30T23:59:18.898] [DEBUG] debug-file - A work dispatched to worker[10] failed because unable to get work from ready queue.
[2026-09-30T23:59:18.946] [DEBUG] debug-file - worker[9] has one work done.
[2026-09-30T23:59:18.946] [DEBUG] debug-file - default@CacheNativeLibs work[66] done.
[2026-09-30T23:59:18.946] [DEBUG] debug-file - A work dispatched to worker[9] failed because unable to get work from ready queue.
[2026-09-30T23:59:18.946] [INFO] debug-file - Finished :entry:default@CacheNativeLibs... after 9 ms 
[2026-09-30T23:59:27.863] [DEBUG] debug-file - worker[4] has one work done.
[2026-09-30T23:59:27.862] [WARN] debug-file - [33mWARN: [33m[33mArkTS:WARN File: E:/BiliMusic/HarmonyOS-Phone/entry/src/main/ets/utils/MaterialCompat.ets:123:29
 Classes cannot be used as objects (arkts-no-classes-as-obj)
[39m[39m
[33mWARN: [33m[33mArkTS:WARN File: E:/BiliMusic/HarmonyOS-Phone/entry/src/main/ets/pages/Index.ets:380:31
 Classes cannot be used as objects (arkts-no-classes-as-obj)
[39m[39m
[33mWARN: [33m[33mArkTS:WARN: For details about ArkTS syntax errors, see FAQs[39m[39m
[33mWARN: [33m[33mArkTS:WARN File: E:/BiliMusic/HarmonyOS-Phone/entry/src/main/ets/preferences/AppPreferences.ts:32:39
 Function may throw exceptions. Special handling is required.
[39m[39m
[33mWARN: [33m[33mArkTS:WARN File: E:/BiliMusic/HarmonyOS-Phone/entry/src/main/ets/preferences/AppPreferences.ts:44:11
 Function may throw exceptions. Special handling is required.
[39m[39m
[33mWARN: [33m[33mArkTS:WARN File: E:/BiliMusic/HarmonyOS-Phone/entry/src/main/ets/preferences/AppPreferences.ts:45:11
 Function may throw exceptions. Special handling is required.
[39m[39m
[33mWARN: [33m[33mArkTS:WARN File: E:/BiliMusic/HarmonyOS-Phone/entry/src/main/ets/preferences/AppPreferences.ts:50:11
 Function may throw exceptions. Special handling is required.
[39m[39m
[33mWARN: [33m[33mArkTS:WARN File: E:/BiliMusic/HarmonyOS-Phone/entry/src/main/ets/preferences/AppPreferences.ts:51:11
 Function may throw exceptions. Special handling is required.
[39m[39m
[33mWARN: [33m[33mArkTS:WARN File: E:/BiliMusic/HarmonyOS-Phone/entry/src/main/ets/preferences/AppPreferences.ts:56:11
 Function may throw exceptions. Special handling is required.
[39m[39m
[33mWARN: [33m[33mArkTS:WARN File: E:/BiliMusic/HarmonyOS-Phone/entry/src/main/ets/preferences/AppPreferences.ts:57:11
 Function may throw exceptions. Special handling is required.
[39m[39m
[33mWARN: [33m[33mArkTS:WARN File: E:/BiliMusic/HarmonyOS-Phone/entry/src/main/ets/preferences/AppPreferences.ts:61:19
 Function may throw exceptions. Special handling is required.
[39m[39m
[33mWARN: [33m[33mArkTS:WARN File: E:/BiliMusic/HarmonyOS-Phone/entry/src/main/ets/preferences/AppPreferences.ts:65:19
 Function may throw exceptions. Special handling is required.
[39m[39m
[33mWARN: [33m[33mArkTS:WARN File: E:/BiliMusic/HarmonyOS-Phone/entry/src/main/ets/preferences/AppPreferences.ts:69:32
 Function may throw exceptions. Special handling is required.
[39m[39m
[33mWARN: [33m[33mArkTS:WARN File: E:/BiliMusic/HarmonyOS-Phone/entry/src/main/ets/preferences/AppPreferences.ts:82:11
 Function may throw exceptions. Special handling is required.
[39m[39m
[33mWARN: [33m[33mArkTS:WARN File: E:/BiliMusic/HarmonyOS-Phone/entry/src/main/ets/preferences/AppPreferences.ts:83:11
 Function may throw exceptions. Special handling is required.
[39m[39m
[33mWARN: [33m[33mArkTS:WARN File: E:/BiliMusic/HarmonyOS-Phone/entry/src/main/ets/preferences/AppPreferences.ts:150:25
 Function may throw exceptions. Special handling is required.
[39m[39m
[33mWARN: [33m[33mArkTS:WARN File: E:/BiliMusic/HarmonyOS-Phone/entry/src/main/ets/preferences/AppPreferences.ts:151:11
 Function may throw exceptions. Special handling is required.
[39m[39m
[33mWARN: [33m[33mArkTS:WARN File: E:/BiliMusic/HarmonyOS-Phone/entry/src/main/ets/preferences/AppPreferences.ts:152:11
 Function may throw exceptions. Special handling is required.
[39m[39m
[33mWARN: [33m[33mArkTS:WARN File: E:/BiliMusic/HarmonyOS-Phone/entry/src/main/ets/database/RdbHelper.ts:24:33
 Function may throw exceptions. Special handling is required.
[39m[39m
[33mWARN: [33m[33mArkTS:WARN File: E:/BiliMusic/HarmonyOS-Phone/entry/src/main/ets/database/RdbHelper.ts:26:17
 Function may throw exceptions. Special handling is required.
[39m[39m
[33mWARN: [33m[33mArkTS:WARN File: E:/BiliMusic/HarmonyOS-Phone/entry/src/main/ets/database/RdbHelper.ts:28:17
 Function may throw exceptions. Special handling is required.
[39m[39m
[33mWARN: [33m[33mArkTS:WARN File: E:/BiliMusic/HarmonyOS-Phone/entry/src/main/ets/utils/HttpUtil.ts:73:49
 Function may throw exceptions. Special handling is required.
[39m[39m
[33mWARN: [33m[33mArkTS:WARN File: E:/BiliMusic/HarmonyOS-Phone/entry/src/main/ets/player/MusicPlayer.ts:122:54
 Function may throw exceptions. Special handling is required.
[39m[39m
[33mWARN: [33m[33mArkTS:WARN File: E:/BiliMusic/HarmonyOS-Phone/entry/src/main/ets/player/MusicPlayer.ts:771:29
 The system capacity of this api 'audio' is not supported on all devices
[39m[39m
[33mWARN: [33m[33mArkTS:WARN File: E:/BiliMusic/HarmonyOS-Phone/entry/src/main/ets/player/MusicPlayer.ts:773:14
 The system capacity of this api 'audio' is not supported on all devices
[39m[39m
[33mWARN: [33m[33mArkTS:WARN File: E:/BiliMusic/HarmonyOS-Phone/entry/src/main/ets/player/MusicPlayer.ts:780:14
 The system capacity of this api 'audio' is not supported on all devices
[39m[39m
[33mWARN: [33m[33mArkTS:WARN File: E:/BiliMusic/HarmonyOS-Phone/entry/src/main/ets/player/MusicPlayer.ts:787:14
 The system capacity of this api 'audio' is not supported on all devices
[39m[39m
[33mWARN: [33m[33mArkTS:WARN File: E:/BiliMusic/HarmonyOS-Phone/entry/src/main/ets/player/MusicPlayer.ts:792:36
 The system capacity of this api 'audio' is not supported on all devices
[39m[39m
[33mWARN: [33m[33mArkTS:WARN File: E:/BiliMusic/HarmonyOS-Phone/entry/src/main/ets/player/MusicPlayer.ts:794:14
 The system capacity of this api 'audio' is not supported on all devices
[39m[39m
[33mWARN: [33m[33mArkTS:WARN File: E:/BiliMusic/HarmonyOS-Phone/entry/src/main/ets/player/MusicPlayer.ts:800:14
 The system capacity of this api 'audio' is not supported on all devices
[39m[39m
[33mWARN: [33m[33mArkTS:WARN File: E:/BiliMusic/HarmonyOS-Phone/entry/src/main/ets/player/MusicPlayer.ts:999:16
 The system capacity of this api 'media' is not supported on all devices
[39m[39m
[33mWARN: [33m[33mArkTS:WARN File: E:/BiliMusic/HarmonyOS-Phone/entry/src/main/ets/player/MusicPlayer.ts:1152:18
 The system capacity of this api 'audio' is not supported on all devices
[39m[39m
[33mWARN: [33m[33mArkTS:WARN File: E:/BiliMusic/HarmonyOS-Phone/entry/src/main/ets/player/MusicPlayer.ts:1152:24
 'ContentType' has been deprecated.
[39m[39m
[33mWARN: [33m[33mArkTS:WARN File: E:/BiliMusic/HarmonyOS-Phone/entry/src/main/ets/player/MusicPlayer.ts:1152:36
 'CONTENT_TYPE_MUSIC' has been deprecated.
[39m[39m
[33mWARN: [33m[33mArkTS:WARN File: E:/BiliMusic/HarmonyOS-Phone/entry/src/main/ets/player/MusicPlayer.ts:1153:16
 The system capacity of this api 'audio' is not supported on all devices
[39m[39m
[33mWARN: [33m[33mArkTS:WARN File: E:/BiliMusic/HarmonyOS-Phone/entry/src/main/ets/pages/Index.ets:380:31
 The 'HdsBarLayoutMode' API is supported since SDK version 6.1.1(24). However, the current compatible SDK version is 6.1.0(23).
 It is recommended to use apiAvailable to safeguard API compatibility.
[39m[39m
[33mWARN: [33m[33mArkTS:WARN File: E:/BiliMusic/HarmonyOS-Phone/entry/src/main/ets/pages/Index.ets:380:66
 The 'HdsBarLayoutMode' API is supported since SDK version 6.1.1(24). However, the current compatible SDK version is 6.1.0(23).
 It is recommended to use apiAvailable to safeguard API compatibility.
[39m[39m
[33mWARN: [33m[33mArkTS:WARN File: E:/BiliMusic/HarmonyOS-Phone/entry/src/main/ets/pages/Index.ets:380:83
 The 'HORIZONTAL' API is supported since SDK version 6.1.1(24). However, the current compatible SDK version is 6.1.0(23).
 It is recommended to use apiAvailable to safeguard API compatibility.
[39m[39m

[2026-09-30T23:59:27.863] [DEBUG] debug-file - Ark compile task finished.finished time is 16566772142800
[2026-09-30T23:59:27.864] [DEBUG] debug-file - default@CompileArkTS work[64] done.
[2026-09-30T23:59:27.865] [DEBUG] debug-file - A work dispatched to worker[4] failed because unable to get work from ready queue.
[2026-09-30T23:59:27.865] [INFO] debug-file - Finished :entry:default@CompileArkTS... after 7 s 982 ms 
[2026-09-30T23:59:27.866] [DEBUG] debug-file - Executing task :entry:default@GeneratePkgModuleJson
[2026-09-30T23:59:27.866] [DEBUG] debug-file - File: 'E:\BiliMusic\HarmonyOS-Phone\entry\build\default\intermediates\preload\default\preload.json' from 'preloadSoJsonPath' is not exists, just ignore.
[2026-09-30T23:59:27.866] [DEBUG] debug-file - Error occurs while handling @Input 'shouldDeduplicateHar': The "data" argument must be of type string or an instance of Buffer, TypedArray, or DataView. Received undefined
[2026-09-30T23:59:27.866] [DEBUG] debug-file - Task 'entry:default@GeneratePkgModuleJson' cost while wrapping incremental declarations: 1 ms 
[2026-09-30T23:59:27.867] [DEBUG] debug-file - entry:default@GeneratePkgModuleJson is not up-to-date, since the input file 'E:\BiliMusic\HarmonyOS-Phone\entry\build\default\intermediates\res\default\module.json' has been changed.
[2026-09-30T23:59:27.867] [DEBUG] debug-file - Incremental task entry:default@GeneratePkgModuleJson pre-execution cost: 1 ms .
[2026-09-30T23:59:27.868] [DEBUG] debug-file - entry : default@GeneratePkgModuleJson cost memory 0.15294647216796875
[2026-09-30T23:59:27.868] [DEBUG] debug-file - runTaskFromQueue task cost before running: 10 s 202 ms 
[2026-09-30T23:59:27.869] [INFO] debug-file - Finished :entry:default@GeneratePkgModuleJson... after 3 ms 
[2026-09-30T23:59:27.869] [DEBUG] debug-file - Executing task :entry:default@ProcessCompiledResources
[2026-09-30T23:59:27.869] [DEBUG] debug-file - File: 'E:\BiliMusic\HarmonyOS-Phone\entry\build\default\intermediates\preload\default\preload.json' from 'preloadSoJsonPath' is not exists, just ignore.
[2026-09-30T23:59:27.869] [DEBUG] debug-file - Task 'entry:default@ProcessCompiledResources' cost while wrapping incremental declarations: 1 ms 
[2026-09-30T23:59:27.870] [DEBUG] debug-file - entry : default@ProcessCompiledResources cost memory 0.04930877685546875
[2026-09-30T23:59:27.870] [DEBUG] debug-file - runTaskFromQueue task cost before running: 10 s 203 ms 
[2026-09-30T23:59:27.870] [INFO] debug-file - Finished :entry:default@ProcessCompiledResources... after 1 ms 
[2026-09-30T23:59:27.871] [DEBUG] debug-file - Executing task :entry:default@PackageHap
[2026-09-30T23:59:27.872] [DEBUG] debug-file - entry:default@PackageHap is not up-to-date, since the input file 'E:\BiliMusic\HarmonyOS-Phone\entry\build\default\outputs\default\pack.info' has been changed.
[2026-09-30T23:59:27.872] [DEBUG] debug-file - Incremental task entry:default@PackageHap pre-execution cost: 1 ms .
[2026-09-30T23:59:27.872] [DEBUG] debug-file - Use tool [E:\Program Files\Huawei\DevEco Studio\sdk\default\openharmony\toolchains\lib\app_packing_tool.jar]
 [
  'java',
  '-Dfile.encoding=GBK',
  '-jar',
  'E:\\Program Files\\Huawei\\DevEco Studio\\sdk\\default\\openharmony\\toolchains\\lib\\app_packing_tool.jar',
  '--mode',
  'hap',
  '--force',
  'true',
  '--lib-path',
  'E:\\BiliMusic\\HarmonyOS-Phone\\entry\\build\\default\\intermediates\\stripped_native_libs\\default',
  '--json-path',
  'E:\\BiliMusic\\HarmonyOS-Phone\\entry\\build\\default\\intermediates\\package\\default\\module.json',
  '--resources-path',
  'E:\\BiliMusic\\HarmonyOS-Phone\\entry\\build\\default\\intermediates\\res\\default\\resources',
  '--index-path',
  'E:\\BiliMusic\\HarmonyOS-Phone\\entry\\build\\default\\intermediates\\res\\default\\resources.index',
  '--pack-info-path',
  'E:\\BiliMusic\\HarmonyOS-Phone\\entry\\build\\default\\outputs\\default\\pack.info',
  '--out-path',
  'E:\\BiliMusic\\HarmonyOS-Phone\\entry\\build\\default\\outputs\\default\\entry-default-unsigned.hap',
  '--ets-path',
  'E:\\BiliMusic\\HarmonyOS-Phone\\entry\\build\\default\\intermediates\\loader_out\\default\\ets',
  '--pkg-context-path',
  'E:\\BiliMusic\\HarmonyOS-Phone\\entry\\build\\default\\intermediates\\loader\\default\\pkgContextInfo.json'
]
[2026-09-30T23:59:27.872] [DEBUG] debug-file - default@PackageHap work[67] is submitted.
[2026-09-30T23:59:27.872] [DEBUG] debug-file - default@PackageHap work[67] is pushed to ready queue.
[2026-09-30T23:59:27.872] [DEBUG] debug-file - A work dispatched to worker[11] failed because unable to get work from ready queue.
[2026-09-30T23:59:27.872] [DEBUG] debug-file - default@PackageHap work[67] has been dispatched to worker[10].
[2026-09-30T23:59:27.872] [DEBUG] debug-file - default@PackageHap work[67] is dispatched.
[2026-09-30T23:59:27.875] [DEBUG] debug-file - entry : default@PackageHap cost memory 0.22940826416015625
[2026-09-30T23:59:27.986] [DEBUG] debug-file - current process  memoryUsage: {
  rss: 823562240,
  heapTotal: 79642624,
  heapUsed: 55493128,
  external: 3960113,
  arrayBuffers: 18671
} os memoryUsage :12.825885772705078
[2026-09-30T23:59:28.499] [DEBUG] debug-file - worker[10] has one work done.
[2026-09-30T23:59:28.499] [DEBUG] debug-file - default@PackageHap work[67] done.
[2026-09-30T23:59:28.499] [DEBUG] debug-file - A work dispatched to worker[10] failed because unable to get work from ready queue.
[2026-09-30T23:59:28.499] [INFO] debug-file - Finished :entry:default@PackageHap... after 520 ms 
[2026-09-30T23:59:28.500] [DEBUG] debug-file - Executing task :entry:default@PackingCheck
[2026-09-30T23:59:28.502] [DEBUG] debug-file - entry : default@PackingCheck cost memory 0.239227294921875
[2026-09-30T23:59:28.502] [DEBUG] debug-file - runTaskFromQueue task cost before running: 10 s 835 ms 
[2026-09-30T23:59:28.502] [INFO] debug-file - Finished :entry:default@PackingCheck... after 2 ms 
[2026-09-30T23:59:28.503] [DEBUG] debug-file - Executing task :entry:default@SignHap
[2026-09-30T23:59:28.503] [WARN] debug-file - No signingConfig found for product default
[2026-09-30T23:59:28.503] [DEBUG] debug-file - entry:default@SignHap is not up-to-date, since the input file 'E:\BiliMusic\HarmonyOS-Phone\entry\build\default\outputs\default\entry-default-unsigned.hap' has been changed.
[2026-09-30T23:59:28.503] [DEBUG] debug-file - Incremental task entry:default@SignHap pre-execution cost: 1 ms .
[2026-09-30T23:59:28.503] [DEBUG] debug-file - entry : default@SignHap cost memory 0.063568115234375
[2026-09-30T23:59:28.503] [DEBUG] debug-file - runTaskFromQueue task cost before running: 10 s 837 ms 
[2026-09-30T23:59:28.504] [INFO] debug-file - Finished :entry:default@SignHap... after 1 ms 
[2026-09-30T23:59:28.504] [DEBUG] debug-file - Executing task :entry:default@CollectDebugSymbol
[2026-09-30T23:59:28.504] [DEBUG] debug-file - entry : default@CollectDebugSymbol cost memory 0.07527923583984375
[2026-09-30T23:59:28.505] [DEBUG] debug-file - runTaskFromQueue task cost before running: 10 s 838 ms 
[2026-09-30T23:59:28.505] [INFO] debug-file - Finished :entry:default@CollectDebugSymbol... after 1 ms 
[2026-09-30T23:59:28.505] [DEBUG] debug-file - Executing task :entry:assembleHap
[2026-09-30T23:59:28.505] [DEBUG] debug-file - entry : assembleHap cost memory 0.011810302734375
[2026-09-30T23:59:28.505] [DEBUG] debug-file - runTaskFromQueue task cost before running: 10 s 838 ms 
[2026-09-30T23:59:28.505] [INFO] debug-file - Finished :entry:assembleHap... after 1 ms 
[2026-09-30T23:59:28.506] [INFO] debug-file - BUILD SUCCESSFUL in 10 s 839 ms 
[2026-09-30T23:59:28.506] [DEBUG] debug-file - There is no need to refresh cache, since the incremental task entry:default@PreBuild is up-to-date.
[2026-09-30T23:59:28.506] [DEBUG] debug-file - Update task entry:default@CreateModuleInfo output file:E:\BiliMusic\HarmonyOS-Phone\entry\build\default\generated\profile\default\ModuleInfo.ts cache.
[2026-09-30T23:59:28.506] [DEBUG] debug-file - Incremental task entry:default@CreateModuleInfo post-execution cost:1 ms .
[2026-09-30T23:59:28.506] [DEBUG] debug-file - Update task entry:default@GenerateMetadata input file:E:\BiliMusic\HarmonyOS-Phone\entry\src\main\module.json5 cache by regenerate.
[2026-09-30T23:59:28.506] [DEBUG] debug-file - Update task entry:default@GenerateMetadata output file:E:\BiliMusic\HarmonyOS-Phone\entry\build\default\intermediates\hap_metadata\default\output_metadata.json cache.
[2026-09-30T23:59:28.506] [DEBUG] debug-file - Incremental task entry:default@GenerateMetadata post-execution cost:1 ms .
[2026-09-30T23:59:28.507] [DEBUG] debug-file - Update task entry:default@MergeProfile input file:E:\BiliMusic\HarmonyOS-Phone\AppScope\app.json5 cache by regenerate.
[2026-09-30T23:59:28.507] [DEBUG] debug-file - Update task entry:default@MergeProfile input file:E:\BiliMusic\HarmonyOS-Phone\build-profile.json5 cache by regenerate.
[2026-09-30T23:59:28.507] [DEBUG] debug-file - Update task entry:default@MergeProfile input file:E:\BiliMusic\HarmonyOS-Phone\entry\src\main\module.json5 cache by regenerate.
[2026-09-30T23:59:28.507] [DEBUG] debug-file - Update task entry:default@MergeProfile output file:E:\BiliMusic\HarmonyOS-Phone\entry\build\default\intermediates\merge_profile\default\module.json cache.
[2026-09-30T23:59:28.507] [DEBUG] debug-file - Incremental task entry:default@MergeProfile post-execution cost:1 ms .
[2026-09-30T23:59:28.507] [DEBUG] debug-file - Update task entry:default@CreateBuildProfile input file:E:\BiliMusic\HarmonyOS-Phone\AppScope\app.json5 cache by regenerate.
[2026-09-30T23:59:28.507] [DEBUG] debug-file - Update task entry:default@CreateBuildProfile input file:E:\BiliMusic\HarmonyOS-Phone\build-profile.json5 cache by regenerate.
[2026-09-30T23:59:28.507] [DEBUG] debug-file - Update task entry:default@CreateBuildProfile output file:E:\BiliMusic\HarmonyOS-Phone\entry\build\default\generated\profile\default\BuildProfile.ets cache.
[2026-09-30T23:59:28.507] [DEBUG] debug-file - Incremental task entry:default@CreateBuildProfile post-execution cost:1 ms .
[2026-09-30T23:59:28.508] [DEBUG] debug-file - Update task entry:default@GeneratePkgContextInfo output file:E:\BiliMusic\HarmonyOS-Phone\entry\build\default\intermediates\loader\default\pkgContextInfo.json cache.
[2026-09-30T23:59:28.508] [DEBUG] debug-file - Incremental task entry:default@GeneratePkgContextInfo post-execution cost:1 ms .
[2026-09-30T23:59:28.508] [DEBUG] debug-file - Update task entry:default@GeneratePkgSdkInfo output file:E:\BiliMusic\HarmonyOS-Phone\entry\build\default\intermediates\loader\default\pkgSdkInfo.json cache.
[2026-09-30T23:59:28.508] [DEBUG] debug-file - Incremental task entry:default@GeneratePkgSdkInfo post-execution cost:1 ms .
[2026-09-30T23:59:28.508] [DEBUG] debug-file - Update task entry:default@ProcessIntegratedHsp output file:E:\BiliMusic\HarmonyOS-Phone\build\cache\default\integrated_hsp\integratedHspCache.json cache.
[2026-09-30T23:59:28.508] [DEBUG] debug-file - Incremental task entry:default@ProcessIntegratedHsp post-execution cost:1 ms .
[2026-09-30T23:59:28.508] [DEBUG] debug-file - Update task entry:default@MakePackInfo input file:E:\BiliMusic\HarmonyOS-Phone\AppScope\app.json5 cache by regenerate.
[2026-09-30T23:59:28.508] [DEBUG] debug-file - Update task entry:default@MakePackInfo input file:E:\BiliMusic\HarmonyOS-Phone\entry\src\main\module.json5 cache by regenerate.
[2026-09-30T23:59:28.508] [DEBUG] debug-file - Update task entry:default@MakePackInfo input file:E:\BiliMusic\HarmonyOS-Phone\build-profile.json5 cache by regenerate.
[2026-09-30T23:59:28.509] [DEBUG] debug-file - Update task entry:default@MakePackInfo output file:E:\BiliMusic\HarmonyOS-Phone\entry\build\default\outputs\default\pack.info cache.
[2026-09-30T23:59:28.509] [DEBUG] debug-file - Incremental task entry:default@MakePackInfo post-execution cost:1 ms .
[2026-09-30T23:59:28.509] [DEBUG] debug-file - Update task entry:default@SyscapTransform input file:E:\Program Files\Huawei\DevEco Studio\sdk\default\openharmony\toolchains\syscap_tool.exe cache by regenerate.
[2026-09-30T23:59:28.509] [DEBUG] debug-file - Update task entry:default@SyscapTransform input file:E:\Program Files\Huawei\DevEco Studio\sdk\default\openharmony\ets\api\device-define cache by regenerate.
[2026-09-30T23:59:28.509] [DEBUG] debug-file - Update task entry:default@SyscapTransform output file:E:\BiliMusic\HarmonyOS-Phone\entry\build\default\intermediates\syscap\default\rpcid.sc cache.
[2026-09-30T23:59:28.509] [DEBUG] debug-file - Incremental task entry:default@SyscapTransform post-execution cost:1 ms .
[2026-09-30T23:59:28.509] [DEBUG] debug-file - Update task entry:default@ProcessProfile input file:E:\BiliMusic\HarmonyOS-Phone\entry\build\default\intermediates\merge_profile\default\module.json cache from map.
[2026-09-30T23:59:28.509] [DEBUG] debug-file - Update task entry:default@ProcessProfile output file:E:\BiliMusic\HarmonyOS-Phone\entry\build\default\intermediates\process_profile\default\module.json cache.
[2026-09-30T23:59:28.509] [DEBUG] debug-file - Incremental task entry:default@ProcessProfile post-execution cost:1 ms .
[2026-09-30T23:59:28.510] [DEBUG] debug-file - Update task entry:default@ProcessRouterMap input file:E:\BiliMusic\HarmonyOS-Phone\entry\oh-package.json5 cache by regenerate.
[2026-09-30T23:59:28.510] [DEBUG] debug-file - Update task entry:default@ProcessRouterMap input file:E:\BiliMusic\HarmonyOS-Phone\oh-package.json5 cache by regenerate.
[2026-09-30T23:59:28.510] [DEBUG] debug-file - Update task entry:default@ProcessRouterMap input file:E:\BiliMusic\HarmonyOS-Phone\entry\src\main\module.json5 cache by regenerate.
[2026-09-30T23:59:28.510] [DEBUG] debug-file - Update task entry:default@ProcessRouterMap input file:E:\BiliMusic\HarmonyOS-Phone\entry\build\default\intermediates\loader\default\pkgContextInfo.json cache from map.
[2026-09-30T23:59:28.510] [DEBUG] debug-file - Update task entry:default@ProcessRouterMap output file:E:\BiliMusic\HarmonyOS-Phone\entry\build\default\intermediates\router_map\default\temp-router-map.json cache.
[2026-09-30T23:59:28.510] [DEBUG] debug-file - Update task entry:default@ProcessRouterMap output file:E:\BiliMusic\HarmonyOS-Phone\entry\build\default\intermediates\router_map\default\loader-router-map.json cache.
[2026-09-30T23:59:28.510] [DEBUG] debug-file - Incremental task entry:default@ProcessRouterMap post-execution cost:1 ms .
[2026-09-30T23:59:28.510] [DEBUG] debug-file - Update task entry:default@ProcessShareConfig input file:E:\BiliMusic\HarmonyOS-Phone\entry\oh-package.json5 cache by regenerate.
[2026-09-30T23:59:28.510] [DEBUG] debug-file - Update task entry:default@ProcessShareConfig input file:E:\BiliMusic\HarmonyOS-Phone\oh-package.json5 cache by regenerate.
[2026-09-30T23:59:28.510] [DEBUG] debug-file - Update task entry:default@ProcessShareConfig input file:E:\BiliMusic\HarmonyOS-Phone\entry\src\main\module.json5 cache by regenerate.
[2026-09-30T23:59:28.510] [DEBUG] debug-file - Update task entry:default@ProcessShareConfig input file:E:\BiliMusic\HarmonyOS-Phone\entry\build\default\intermediates\loader\default\pkgContextInfo.json cache from map.
[2026-09-30T23:59:28.510] [DEBUG] debug-file - Update task entry:default@ProcessShareConfig output file:E:\BiliMusic\HarmonyOS-Phone\entry\build\default\intermediates\share_config\default\temp-share-config.json cache.
[2026-09-30T23:59:28.510] [DEBUG] debug-file - Incremental task entry:default@ProcessShareConfig post-execution cost:1 ms .
[2026-09-30T23:59:28.510] [DEBUG] debug-file - Update task entry:default@ProcessStartupConfig input file:E:\BiliMusic\HarmonyOS-Phone\entry\build\default\intermediates\loader\default\pkgContextInfo.json cache from map.
[2026-09-30T23:59:28.510] [DEBUG] debug-file - Update task entry:default@ProcessStartupConfig output file:E:\BiliMusic\HarmonyOS-Phone\entry\build\default\intermediates\startup\default\startup_config.json cache.
[2026-09-30T23:59:28.511] [DEBUG] debug-file - Incremental task entry:default@ProcessStartupConfig post-execution cost:1 ms .
[2026-09-30T23:59:28.511] [DEBUG] debug-file - Update task entry:default@ProcessResource output file:E:\BiliMusic\HarmonyOS-Phone\entry\build\default\intermediates\res\default\resConfig.json cache.
[2026-09-30T23:59:28.511] [DEBUG] debug-file - Update task entry:default@ProcessResource output file:E:\BiliMusic\HarmonyOS-Phone\entry\build\default\intermediates\res\default\opt-compression.json cache.
[2026-09-30T23:59:28.511] [DEBUG] debug-file - Incremental task entry:default@ProcessResource post-execution cost:1 ms .
[2026-09-30T23:59:28.511] [DEBUG] debug-file - Update task entry:default@GenerateLoaderJson input file:E:\BiliMusic\HarmonyOS-Phone\entry\build\default\intermediates\loader\default\pkgContextInfo.json cache from map.
[2026-09-30T23:59:28.511] [DEBUG] debug-file - Update task entry:default@GenerateLoaderJson input file:E:\BiliMusic\HarmonyOS-Phone\entry\build\default\intermediates\router_map\default\temp-router-map.json cache by regenerate.
[2026-09-30T23:59:28.511] [DEBUG] debug-file - Update task entry:default@GenerateLoaderJson output file:E:\BiliMusic\HarmonyOS-Phone\entry\build\default\intermediates\loader\default\loader.json cache.
[2026-09-30T23:59:28.511] [DEBUG] debug-file - Incremental task entry:default@GenerateLoaderJson post-execution cost:1 ms .
[2026-09-30T23:59:28.511] [DEBUG] debug-file - Update task entry:default@ProcessLibs input file:E:\BiliMusic\HarmonyOS-Phone\build-profile.json5 cache by regenerate.
[2026-09-30T23:59:28.511] [DEBUG] debug-file - Update task entry:default@ProcessLibs input file:E:\BiliMusic\HarmonyOS-Phone\entry\build-profile.json5 cache by regenerate.
[2026-09-30T23:59:28.512] [DEBUG] debug-file - Update task entry:default@ProcessLibs output file:E:\BiliMusic\HarmonyOS-Phone\entry\build\default\intermediates\libs\default cache.
[2026-09-30T23:59:28.512] [DEBUG] debug-file - Incremental task entry:default@ProcessLibs post-execution cost:1 ms .
[2026-09-30T23:59:28.512] [DEBUG] debug-file - Update task entry:default@CompileResource input file:E:\BiliMusic\HarmonyOS-Phone\entry\src\main\resources cache by regenerate.
[2026-09-30T23:59:28.513] [DEBUG] debug-file - Update task entry:default@CompileResource input file:E:\BiliMusic\HarmonyOS-Phone\AppScope\resources cache by regenerate.
[2026-09-30T23:59:28.513] [DEBUG] debug-file - Update task entry:default@CompileResource input file:E:\BiliMusic\HarmonyOS-Phone\entry\build\default\intermediates\process_profile\default\module.json cache from map.
[2026-09-30T23:59:28.513] [DEBUG] debug-file - Update task entry:default@CompileResource input file:E:\BiliMusic\HarmonyOS-Phone\entry\build\default\intermediates\res\default\resConfig.json cache by regenerate.
[2026-09-30T23:59:28.513] [DEBUG] debug-file - Update task entry:default@CompileResource output file:E:\BiliMusic\HarmonyOS-Phone\entry\build\default\intermediates\res\default cache.
[2026-09-30T23:59:28.515] [DEBUG] debug-file - Update task entry:default@CompileResource output file:E:\BiliMusic\HarmonyOS-Phone\entry\build\default\generated\r\default\ResourceTable.h cache.
[2026-09-30T23:59:28.515] [DEBUG] debug-file - Update task entry:default@CompileResource output file:E:\BiliMusic\HarmonyOS-Phone\entry\build\default\generated\r\default\ResourceTable.ts cache.
[2026-09-30T23:59:28.515] [DEBUG] debug-file - Update task entry:default@CompileResource output file:E:\BiliMusic\HarmonyOS-Phone\entry\build\default\generated\r\default cache.
[2026-09-30T23:59:28.515] [DEBUG] debug-file - Incremental task entry:default@CompileResource post-execution cost:4 ms .
[2026-09-30T23:59:28.515] [DEBUG] debug-file - Update task entry:default@DoNativeStrip input file:E:\BiliMusic\HarmonyOS-Phone\entry\build\default\intermediates\libs\default cache by regenerate.
[2026-09-30T23:59:28.515] [DEBUG] debug-file - Update task entry:default@DoNativeStrip output file:E:\BiliMusic\HarmonyOS-Phone\entry\build\default\intermediates\stripped_native_libs\default cache.
[2026-09-30T23:59:28.515] [DEBUG] debug-file - Incremental task entry:default@DoNativeStrip post-execution cost:1 ms .
[2026-09-30T23:59:28.516] [DEBUG] debug-file - Update task entry:default@CompileArkTS input file:E:\BiliMusic\HarmonyOS-Phone\entry\build\default\intermediates\loader\default cache from map.
[2026-09-30T23:59:28.516] [DEBUG] debug-file - Update task entry:default@CompileArkTS input file:E:\BiliMusic\HarmonyOS-Phone\entry\build\default\intermediates\res\default\ResourceTable.txt cache by regenerate.
[2026-09-30T23:59:28.516] [DEBUG] debug-file - Update task entry:default@CompileArkTS input file:E:\BiliMusic\HarmonyOS-Phone\entry\build\default\intermediates\res\default\ark_module.json cache by regenerate.
[2026-09-30T23:59:28.516] [DEBUG] debug-file - Update task entry:default@CompileArkTS input file:E:\BiliMusic\HarmonyOS-Phone\entry\build\default\intermediates\res\default\resources\base\profile cache by regenerate.
[2026-09-30T23:59:28.516] [DEBUG] debug-file - Update task entry:default@CompileArkTS input file:E:\BiliMusic\HarmonyOS-Phone\entry\src\main\ets cache by regenerate.
[2026-09-30T23:59:28.518] [DEBUG] debug-file - Update task entry:default@CompileArkTS input file:E:\BiliMusic\HarmonyOS-Phone\entry\build\default\intermediates\loader\default\pkgContextInfo.json cache by regenerate.
[2026-09-30T23:59:28.519] [DEBUG] debug-file - Update task entry:default@CompileArkTS input file:E:\BiliMusic\HarmonyOS-Phone\entry\build\default\generated\profile\default\BuildProfile.ets cache by regenerate.
[2026-09-30T23:59:28.519] [DEBUG] debug-file - Update task entry:default@CompileArkTS output file:E:\BiliMusic\HarmonyOS-Phone\entry\build\default\intermediates\loader_out\default\ets cache.
[2026-09-30T23:59:28.519] [DEBUG] debug-file - Incremental task entry:default@CompileArkTS post-execution cost:4 ms .
[2026-09-30T23:59:28.519] [DEBUG] debug-file - Update task entry:default@BuildJS input file:E:\BiliMusic\HarmonyOS-Phone\entry\build\default\intermediates\loader\default cache by regenerate.
[2026-09-30T23:59:28.519] [DEBUG] debug-file - Update task entry:default@BuildJS input file:E:\BiliMusic\HarmonyOS-Phone\entry\build\default\intermediates\res\default\ResourceTable.txt cache by regenerate.
[2026-09-30T23:59:28.520] [DEBUG] debug-file - Update task entry:default@BuildJS input file:E:\BiliMusic\HarmonyOS-Phone\entry\build\default\intermediates\res\default\ark_module.json cache by regenerate.
[2026-09-30T23:59:28.520] [DEBUG] debug-file - Update task entry:default@BuildJS input file:E:\BiliMusic\HarmonyOS-Phone\entry\build\default\intermediates\res\default\resources\base\profile cache by regenerate.
[2026-09-30T23:59:28.520] [DEBUG] debug-file - Update task entry:default@BuildJS input file:E:\BiliMusic\HarmonyOS-Phone\entry\build\default\intermediates\loader\default\pkgContextInfo.json cache by regenerate.
[2026-09-30T23:59:28.520] [DEBUG] debug-file - Update task entry:default@BuildJS output file:E:\BiliMusic\HarmonyOS-Phone\entry\build\default\intermediates\loader_out\default\js cache.
[2026-09-30T23:59:28.520] [DEBUG] debug-file - Incremental task entry:default@BuildJS post-execution cost:2 ms .
[2026-09-30T23:59:28.520] [DEBUG] debug-file - Update task entry:default@CacheNativeLibs input file:E:\BiliMusic\HarmonyOS-Phone\entry\build\default\intermediates\stripped_native_libs\default cache by regenerate.
[2026-09-30T23:59:28.520] [DEBUG] debug-file - Update task entry:default@CacheNativeLibs input file:E:\BiliMusic\HarmonyOS-Phone\entry\build\default\intermediates\libs\default cache by regenerate.
[2026-09-30T23:59:28.520] [DEBUG] debug-file - Update task entry:default@CacheNativeLibs output file:E:\BiliMusic\HarmonyOS-Phone\entry\build\default\intermediates\patch\default\base_native_libs.json cache.
[2026-09-30T23:59:28.520] [DEBUG] debug-file - Update task entry:default@CacheNativeLibs output file:E:\BiliMusic\HarmonyOS-Phone\entry\build\default\intermediates\patch\default\binxo_native_libs.json cache.
[2026-09-30T23:59:28.520] [DEBUG] debug-file - Incremental task entry:default@CacheNativeLibs post-execution cost:1 ms .
[2026-09-30T23:59:28.521] [DEBUG] debug-file - Update task entry:default@GeneratePkgModuleJson input file:E:\BiliMusic\HarmonyOS-Phone\entry\build\default\intermediates\res\default\module.json cache from map.
[2026-09-30T23:59:28.521] [DEBUG] debug-file - Update task entry:default@GeneratePkgModuleJson output file:E:\BiliMusic\HarmonyOS-Phone\entry\build\default\intermediates\package\default\module.json cache.
[2026-09-30T23:59:28.521] [DEBUG] debug-file - Incremental task entry:default@GeneratePkgModuleJson post-execution cost:1 ms .
[2026-09-30T23:59:28.521] [DEBUG] debug-file - Incremental task entry:default@ProcessCompiledResources post-execution cost:1 ms .
[2026-09-30T23:59:28.521] [DEBUG] debug-file - Update task entry:default@PackageHap input file:E:\BiliMusic\HarmonyOS-Phone\entry\build\default\outputs\default\pack.info cache from map.
[2026-09-30T23:59:28.521] [DEBUG] debug-file - Update task entry:default@PackageHap input file:E:\BiliMusic\HarmonyOS-Phone\entry\build\default\intermediates\stripped_native_libs\default cache by regenerate.
[2026-09-30T23:59:28.521] [DEBUG] debug-file - Update task entry:default@PackageHap input file:E:\BiliMusic\HarmonyOS-Phone\entry\build\default\intermediates\res\default\module.json cache by regenerate.
[2026-09-30T23:59:28.521] [DEBUG] debug-file - Update task entry:default@PackageHap input file:E:\BiliMusic\HarmonyOS-Phone\entry\build\default\intermediates\res\default\resources cache by regenerate.
[2026-09-30T23:59:28.522] [DEBUG] debug-file - Update task entry:default@PackageHap input file:E:\BiliMusic\HarmonyOS-Phone\entry\build\default\intermediates\res\default\resources.index cache by regenerate.
[2026-09-30T23:59:28.522] [DEBUG] debug-file - Update task entry:default@PackageHap input file:E:\BiliMusic\HarmonyOS-Phone\entry\build\default\intermediates\loader_out\default\ets cache by regenerate.
[2026-09-30T23:59:28.522] [DEBUG] debug-file - Update task entry:default@PackageHap input file:E:\BiliMusic\HarmonyOS-Phone\entry\build\default\intermediates\loader\default\pkgContextInfo.json cache by regenerate.
[2026-09-30T23:59:28.522] [DEBUG] debug-file - Update task entry:default@PackageHap input file:E:\BiliMusic\HarmonyOS-Phone\entry\build\default\intermediates\package\default\module.json cache by regenerate.
[2026-09-30T23:59:28.522] [DEBUG] debug-file - Update task entry:default@PackageHap input file:E:\BiliMusic\HarmonyOS-Phone\entry\build\default\intermediates\loader_out\default\ets\sourceMaps.map cache by regenerate.
[2026-09-30T23:59:28.522] [DEBUG] debug-file - Update task entry:default@PackageHap input file:E:\BiliMusic\HarmonyOS-Phone\entry\build\default\generated\profile\default\BuildProfile.ets cache by regenerate.
[2026-09-30T23:59:28.522] [DEBUG] debug-file - Update task entry:default@PackageHap output file:E:\BiliMusic\HarmonyOS-Phone\entry\build\default\outputs\default\entry-default-unsigned.hap cache.
[2026-09-30T23:59:28.522] [DEBUG] debug-file - Update task entry:default@PackageHap output file:E:\BiliMusic\HarmonyOS-Phone\entry\build\default\intermediates\source_map\default\sourceMaps.map cache.
[2026-09-30T23:59:28.522] [DEBUG] debug-file - Update task entry:default@PackageHap output file:E:\BiliMusic\HarmonyOS-Phone\entry\build\default\outputs\default\mapping\sourceMaps.map cache.
[2026-09-30T23:59:28.522] [DEBUG] debug-file - Incremental task entry:default@PackageHap post-execution cost:2 ms .
[2026-09-30T23:59:28.522] [DEBUG] debug-file - Update task entry:default@SignHap input file:E:\BiliMusic\HarmonyOS-Phone\entry\build\default\outputs\default\entry-default-unsigned.hap cache from map.
[2026-09-30T23:59:28.523] [DEBUG] debug-file - Update task entry:default@SignHap output file:E:\BiliMusic\HarmonyOS-Phone\entry\build\default\outputs\default\entry-default-signed.hap cache.
[2026-09-30T23:59:28.523] [DEBUG] debug-file - Incremental task entry:default@SignHap post-execution cost:1 ms .
[2026-09-30T23:59:28.523] [DEBUG] debug-file - Update task entry:default@CollectDebugSymbol input file:E:\BiliMusic\HarmonyOS-Phone\entry\build\default\intermediates\loader_out\default\ets\sourceMaps.map cache by regenerate.
[2026-09-30T23:59:28.523] [DEBUG] debug-file - Update task entry:default@CollectDebugSymbol input file:E:\BiliMusic\HarmonyOS-Phone\entry\build\default\intermediates\libs\default cache by regenerate.
[2026-09-30T23:59:28.523] [DEBUG] debug-file - Update task entry:default@CollectDebugSymbol output file:E:\BiliMusic\HarmonyOS-Phone\entry\build\default\outputs\default\symbol cache.
[2026-09-30T23:59:28.523] [DEBUG] debug-file - Incremental task entry:default@CollectDebugSymbol post-execution cost:1 ms .
[2026-09-30T23:59:28.532] [DEBUG] debug-file - Cleanup worker 0.
[2026-09-30T23:59:28.532] [DEBUG] debug-file - Cleanup worker 1.
[2026-09-30T23:59:28.532] [DEBUG] debug-file - Cleanup worker 9.
[2026-09-30T23:59:28.532] [DEBUG] debug-file - Cleanup worker 10.
[2026-09-30T23:59:28.532] [DEBUG] debug-file - hvigor build process will be closed.
[2026-09-30T23:59:28.533] [DEBUG] debug-file - worker[1] exits with exit code 1.
[2026-09-30T23:59:28.534] [DEBUG] debug-file - Worker 1 has been cleaned up.
[2026-09-30T23:59:28.534] [DEBUG] debug-file - Current idle worker size: 1.
[2026-09-30T23:59:28.534] [DEBUG] debug-file - Current resident worker size: 4.
[2026-09-30T23:59:28.534] [DEBUG] debug-file - worker[0] exits with exit code 1.
[2026-09-30T23:59:28.534] [DEBUG] debug-file - Worker 0 has been cleaned up.
[2026-09-30T23:59:28.534] [DEBUG] debug-file - Current idle worker size: 1.
[2026-09-30T23:59:28.534] [DEBUG] debug-file - Current resident worker size: 3.
[2026-09-30T23:59:28.535] [DEBUG] debug-file - worker[9] exits with exit code 1.
[2026-09-30T23:59:28.535] [DEBUG] debug-file - Worker 9 has been cleaned up.
[2026-09-30T23:59:28.535] [DEBUG] debug-file - Current idle worker size: 1.
[2026-09-30T23:59:28.535] [DEBUG] debug-file - Current resident worker size: 2.
[2026-09-30T23:59:28.535] [DEBUG] debug-file - worker[10] exits with exit code 1.
[2026-09-30T23:59:28.535] [DEBUG] debug-file - Worker 10 has been cleaned up.
[2026-09-30T23:59:28.535] [DEBUG] debug-file - Current idle worker size: 1.
[2026-09-30T23:59:28.535] [DEBUG] debug-file - Current resident worker size: 1.
[2026-09-30T23:59:28.541] [DEBUG] debug-file - session manager: send message to worker process. WorkerThreadId: 0, data: {"type":"hvigor_failed","reason":"Server has disconnected."}
[2026-09-30T23:59:28.542] [DEBUG] debug-file - session manager: send message to worker process. WorkerThreadId: 0, data: {"type":"CloseWatch","reason":"Server has disconnected."}
[2026-09-30T23:59:28.542] [DEBUG] debug-file - watch worker: worker id should be larger than 0. Nothing will be sent to any worker thread.
[2026-09-30T23:59:28.542] [DEBUG] debug-file - ABORT_WORK sent to workers.
[2026-09-30T23:59:28.542] [DEBUG] debug-file - watch worker: worker id should be larger than 0. Nothing will be sent to any worker thread.
[2026-10-01T07:09:28.066] [DEBUG] debug-file - env: nodejsVersion=v24.14.1
[2026-10-01T07:09:28.084] [DEBUG] debug-file - env: daemon=true
[2026-10-01T07:09:28.067] [DEBUG] debug-file - env: hvigor-config.json5 content = {
  modelVersion: '26.0.0',
  dependencies: {},
  execution: {},
  logging: {},
  debugging: {},
  nodeOptions: {}
}
[2026-10-01T07:09:28.995] [DEBUG] debug-file - hvigor java daemon: Starting java daemon. jvmXmxValue=512m, jarPath=E:\Program Files\Huawei\DevEco Studio\tools\hvigor\hvigor\lib\hvigor-java-daemon.jar
[2026-10-01T07:09:28.995] [DEBUG] debug-file - hvigor java daemon: Read cache file, 
    port=45050, pid=12780, sessionId exists=true
[2026-10-01T07:09:29.026] [DEBUG] debug-file - hvigor java daemon: tryConnect failed, Error: connect ECONNREFUSED 127.0.0.1:45050, will start new daemon
[2026-10-01T07:09:29.044] [DEBUG] debug-file - java daemon started at port 45050 pid 2504
[2026-10-01T07:09:29.077] [DEBUG] debug-file - session manager: set active socket. socketId=9fbNYtnjoGZJhe9NAAAB
[2026-10-01T07:09:29.742] [DEBUG] debug-file - watch worker: worker id should be larger than 0. Nothing will be sent to any worker thread.
[2026-10-01T07:09:29.747] [DEBUG] debug-file - Since there is no instance or instance is terminated, create a new worker pool.
[2026-10-01T07:09:29.747] [DEBUG] debug-file - Worker pool is initialized with config:  {
  minPoolNum: 2,
  maxPoolNum: undefined,
  maxCoreSize: undefined,
  cacheCapacity: undefined,
  cacheTtl: undefined
}
[2026-10-01T07:09:29.748] [DEBUG] debug-file - Create  resident worker with id: 0.
[2026-10-01T07:09:29.750] [DEBUG] debug-file - Create  resident worker with id: 1.
[2026-10-01T07:09:29.753] [DEBUG] debug-file - Workers' log level updated to INFO
[2026-10-01T07:09:29.765] [DEBUG] debug-file - Hvigor init with startParameters:{
  hvigorfileTypeCheck: false,
  parallelExecution: true,
  incrementalExecution: true,
  printStackTrace: false,
  daemon: true,
  analyze: 0,
  logLevel: Level { level: 20000, levelStr: 'INFO', colour: 'green' },
  optimizationStrategy: 'memory',
  hotCompile: undefined,
  hotReloadBuild: undefined,
  customizedParam: undefined
}
[2026-10-01T07:09:29.776] [DEBUG] debug-file - Cache service initialization finished in 11 ms 
[2026-10-01T07:09:29.778] [DEBUG] debug-file - hvigorfile, resolving E:\BiliMusic\HarmonyOS-Phone\hvigorfile.ts
[2026-10-01T07:09:33.233] [DEBUG] debug-file - hvigorfile, require result:  { default: { plugins: [] } }
[2026-10-01T07:09:33.233] [DEBUG] debug-file - hvigorfile, binding system plugins null
[2026-10-01T07:09:33.234] [DEBUG] debug-file - Starting plugin build process
[2026-10-01T07:09:33.234] [DEBUG] debug-file - App plugin prepare start...
[2026-10-01T07:09:33.234] [DEBUG] debug-file - App plugin prepare end...
[2026-10-01T07:09:33.234] [DEBUG] debug-file - App plugin creating...
[2026-10-01T07:09:33.730] [DEBUG] debug-file - App plugin register hook start...
[2026-10-01T07:09:33.731] [DEBUG] debug-file - App plugin register hook end...
[2026-10-01T07:09:33.731] [DEBUG] debug-file - Plugin build process completed
[2026-10-01T07:09:33.734] [DEBUG] debug-file - Start initialize project's product build option map with build mode debug.
[2026-10-01T07:09:33.734] [DEBUG] debug-file - Picking option from product 'default' with build mode 'debug'.
[2026-10-01T07:09:33.735] [DEBUG] debug-file - Product 'default' build option initialized
[2026-10-01T07:09:33.735] [DEBUG] debug-file - End initialize project's product build option map with build mode 'debug'.
[2026-10-01T07:09:33.737] [DEBUG] debug-file - Obtain build option for product 'default'in this build.
[2026-10-01T07:09:33.740] [DEBUG] debug-file - No signingConfig found, initRemoteHspCache failed.
[2026-10-01T07:09:33.742] [DEBUG] debug-file - Local scan or download HarmonyOS sdk components toolchains,ets,js,native,previewer
[2026-10-01T07:09:33.751] [DEBUG] debug-file - Local scan or download hmscore sdk components toolchains,ets,native
[2026-10-01T07:09:33.754] [DEBUG] debug-file - Start recording SDK configuration permission data.
[2026-10-01T07:09:33.861] [DEBUG] debug-file - Sdk init in 121 ms 
[2026-10-01T07:09:33.869] [DEBUG] debug-file - Project task initialization takes 7 ms 
[2026-10-01T07:09:33.869] [DEBUG] debug-file - hvigorfile, begin to bind custom plugins...
[2026-10-01T07:09:33.869] [DEBUG] debug-file - hvigorfile, no custom plugins were found in E:\BiliMusic\HarmonyOS-Phone\hvigorfile.ts
[2026-10-01T07:09:33.871] [DEBUG] debug-file - hvigorfile, resolve finished E:\BiliMusic\HarmonyOS-Phone\hvigorfile.ts
[2026-10-01T07:09:33.872] [DEBUG] debug-file - hvigorfile, resolving E:\BiliMusic\HarmonyOS-Phone\entry\hvigorfile.ts
[2026-10-01T07:09:33.879] [DEBUG] debug-file - hvigorfile, require result:  { default: { plugins: [] } }
[2026-10-01T07:09:33.880] [DEBUG] debug-file - hvigorfile, binding system plugins null
[2026-10-01T07:09:33.880] [DEBUG] debug-file - Starting plugin build process
[2026-10-01T07:09:33.880] [DEBUG] debug-file - Hap plugin creating...
[2026-10-01T07:09:33.881] [DEBUG] debug-file - failed to load cangjie to dynamically generate schemas: Error: Cannot find module '@ohos/cangjie-build-support/index'
Require stack:
- E:\Program Files\Huawei\DevEco Studio\tools\hvigor\hvigor-ohos-plugin\src\plugin\hooks\cangjie-register.js
- E:\Program Files\Huawei\DevEco Studio\tools\hvigor\hvigor-ohos-plugin\src\plugin\strategy\stage-init-strategy.js
- E:\Program Files\Huawei\DevEco Studio\tools\hvigor\hvigor-ohos-plugin\src\plugin\builder\abstract-plugin-builder.js
- E:\Program Files\Huawei\DevEco Studio\tools\hvigor\hvigor-ohos-plugin\src\plugin\builder\app-plugin-builder.js
- E:\Program Files\Huawei\DevEco Studio\tools\hvigor\hvigor-ohos-plugin\src\plugin\factory\plugin-factory.js
- E:\Program Files\Huawei\DevEco Studio\tools\hvigor\hvigor-ohos-plugin\index.js
- E:\BiliMusic\HarmonyOS-Phone\hvigorfile.ts
- E:\Program Files\Huawei\DevEco Studio\tools\hvigor\hvigor\src\base\internal\lifecycle\configuration.js
- E:\Program Files\Huawei\DevEco Studio\tools\hvigor\hvigor\src\base\boot\index.js
- E:\Program Files\Huawei\DevEco Studio\tools\hvigor\hvigor\src\base\daemon\cluster\worker-process-lifecycle.js
- E:\Program Files\Huawei\DevEco Studio\tools\hvigor\hvigor\src\base\daemon\process\daemon-process-boot-script.js
[2026-10-01T07:09:33.916] [DEBUG] debug-file - Start initialize module-target build option map, moduleName=entry, buildMode=debug
[2026-10-01T07:09:33.916] [DEBUG] debug-file - Target 'default' config initialized
[2026-10-01T07:09:33.917] [DEBUG] debug-file - Module 'entry' target 'default' build option initialized
[2026-10-01T07:09:33.917] [DEBUG] debug-file - End initialize module-target build option map, moduleName=entry
[2026-10-01T07:09:33.917] [DEBUG] debug-file - Start initialize module-target build option map, moduleName=entry, buildMode=release
[2026-10-01T07:09:33.917] [DEBUG] debug-file - Target 'default' config initialized
[2026-10-01T07:09:33.918] [DEBUG] debug-file - Module 'entry' target 'default' build option initialized
[2026-10-01T07:09:33.918] [DEBUG] debug-file - End initialize module-target build option map, moduleName=entry
[2026-10-01T07:09:33.918] [DEBUG] debug-file - Start initialize module-target build option map, moduleName=entry, buildMode=debug
[2026-10-01T07:09:33.918] [DEBUG] debug-file - Target 'default' config initialized
[2026-10-01T07:09:33.918] [DEBUG] debug-file - Module 'entry' target 'default' build option initialized
[2026-10-01T07:09:33.918] [DEBUG] debug-file - End initialize module-target build option map, moduleName=entry
[2026-10-01T07:09:33.920] [DEBUG] debug-file - Obtain build option for module 'entry' target 'default'in this build.
[2026-10-01T07:09:33.941] [DEBUG] debug-file - Module entry task initialization takes 19 ms 
[2026-10-01T07:09:33.941] [DEBUG] debug-file - Hap plugin register hook start...
[2026-10-01T07:09:33.942] [DEBUG] debug-file - Hap plugin register hook end...
[2026-10-01T07:09:33.942] [DEBUG] debug-file - Plugin build process completed
[2026-10-01T07:09:33.942] [DEBUG] debug-file - hvigorfile, begin to bind custom plugins...
[2026-10-01T07:09:33.942] [DEBUG] debug-file - hvigorfile, no custom plugins were found in E:\BiliMusic\HarmonyOS-Phone\entry\hvigorfile.ts
[2026-10-01T07:09:33.942] [DEBUG] debug-file - hvigorfile, resolve finished E:\BiliMusic\HarmonyOS-Phone\entry\hvigorfile.ts
[2026-10-01T07:09:34.010] [DEBUG] debug-file - hvigorfile, resolve hvigorfile dependencies in 68 ms 
[2026-10-01T07:09:34.011] [DEBUG] debug-file - project has submodules:entry
[2026-10-01T07:09:34.014] [DEBUG] debug-file - start to load updatedOhPackageInfo to the disk
[2026-10-01T07:09:34.015] [DEBUG] debug-file - load to the disk finished
[2026-10-01T07:09:34.017] [DEBUG] debug-file - Start to initialize dependency information.
[2026-10-01T07:09:34.037] [DEBUG] debug-file - Module HarmonyOS-Phone Collected Dependency: 
[2026-10-01T07:09:34.037] [DEBUG] debug-file - Module HarmonyOS-Phone's total dependency: 0
[2026-10-01T07:09:34.039] [DEBUG] debug-file - Start to initialize dependency information.
[2026-10-01T07:09:34.042] [DEBUG] debug-file - Module entry Collected Dependency: 
[2026-10-01T07:09:34.042] [DEBUG] debug-file - Module entry's total dependency: 0
[2026-10-01T07:09:34.047] [DEBUG] debug-file - Configuration phase cost:4 s 271 ms 
[2026-10-01T07:09:34.051] [DEBUG] debug-file - Configuration task cost before running: 4 s 297 ms 
[2026-10-01T07:09:34.067] [DEBUG] debug-file - Executing task :entry:default@PreBuild
[2026-10-01T07:09:34.073] [DEBUG] debug-file - Task 'entry:default@PreBuild' cost while wrapping incremental declarations: 1 ms 
[2026-10-01T07:09:34.089] [DEBUG] debug-file - Incremental task entry:default@PreBuild pre-execution cost: 11 ms .
[2026-10-01T07:09:34.090] [DEBUG] debug-file - entry : default@PreBuild cost memory 0.8605804443359375
[2026-10-01T07:09:34.094] [INFO] debug-file - UP-TO-DATE :entry:default@PreBuild...  
[2026-10-01T07:09:34.096] [DEBUG] debug-file - Executing task :entry:default@CreateModuleInfo
[2026-10-01T07:09:34.096] [DEBUG] debug-file - Task 'entry:default@CreateModuleInfo' cost while wrapping incremental declarations: 1 ms 
[2026-10-01T07:09:34.098] [DEBUG] debug-file - entry : default@CreateModuleInfo cost memory 0.06386566162109375
[2026-10-01T07:09:34.098] [DEBUG] debug-file - runTaskFromQueue task cost before running: 4 s 344 ms 
[2026-10-01T07:09:34.099] [INFO] debug-file - Finished :entry:default@CreateModuleInfo... after 3 ms 
[2026-10-01T07:09:34.100] [DEBUG] debug-file - Executing task :entry:default@GenerateMetadata
[2026-10-01T07:09:34.101] [DEBUG] debug-file - Task 'entry:default@GenerateMetadata' cost while wrapping incremental declarations: 1 ms 
[2026-10-01T07:09:34.109] [DEBUG] debug-file - Incremental task entry:default@GenerateMetadata pre-execution cost: 8 ms .
[2026-10-01T07:09:34.109] [DEBUG] debug-file - entry : default@GenerateMetadata cost memory 0.145263671875
[2026-10-01T07:09:34.109] [INFO] debug-file - UP-TO-DATE :entry:default@GenerateMetadata...  
[2026-10-01T07:09:34.111] [DEBUG] debug-file - Executing task :entry:default@ConfigureCmake
[2026-10-01T07:09:34.112] [DEBUG] debug-file - entry : default@ConfigureCmake cost memory 0.0190582275390625
[2026-10-01T07:09:34.113] [DEBUG] debug-file - runTaskFromQueue task cost before running: 4 s 359 ms 
[2026-10-01T07:09:34.113] [INFO] debug-file - Finished :entry:default@ConfigureCmake... after 2 ms 
[2026-10-01T07:09:34.114] [DEBUG] debug-file - Executing task :entry:default@MergeProfile
[2026-10-01T07:09:34.115] [DEBUG] debug-file - Task 'entry:default@MergeProfile' cost while wrapping incremental declarations: 1 ms 
[2026-10-01T07:09:34.117] [DEBUG] debug-file - Incremental task entry:default@MergeProfile pre-execution cost: 2 ms .
[2026-10-01T07:09:34.117] [DEBUG] debug-file - entry : default@MergeProfile cost memory 0.16991424560546875
[2026-10-01T07:09:34.118] [INFO] debug-file - UP-TO-DATE :entry:default@MergeProfile...  
[2026-10-01T07:09:34.120] [DEBUG] debug-file - Executing task :entry:default@CreateBuildProfile
[2026-10-01T07:09:34.121] [DEBUG] debug-file - Task 'entry:default@CreateBuildProfile' cost while wrapping incremental declarations: 1 ms 
[2026-10-01T07:09:34.122] [DEBUG] debug-file - Incremental task entry:default@CreateBuildProfile pre-execution cost: 1 ms .
[2026-10-01T07:09:34.122] [DEBUG] debug-file - entry : default@CreateBuildProfile cost memory 0.12648773193359375
[2026-10-01T07:09:34.122] [INFO] debug-file - UP-TO-DATE :entry:default@CreateBuildProfile...  
[2026-10-01T07:09:34.125] [DEBUG] debug-file - Executing task :entry:default@PreCheckSyscap
[2026-10-01T07:09:34.125] [DEBUG] debug-file - entry : default@PreCheckSyscap cost memory 0.0211181640625
[2026-10-01T07:09:34.125] [DEBUG] debug-file - runTaskFromQueue task cost before running: 4 s 371 ms 
[2026-10-01T07:09:34.126] [INFO] debug-file - Finished :entry:default@PreCheckSyscap... after 1 ms 
[2026-10-01T07:09:34.137] [DEBUG] debug-file - Executing task :entry:default@GeneratePkgContextInfo
[2026-10-01T07:09:34.149] [DEBUG] debug-file - Task 'entry:default@GeneratePkgContextInfo' cost while wrapping incremental declarations: 1 ms 
[2026-10-01T07:09:34.150] [DEBUG] debug-file - Incremental task entry:default@GeneratePkgContextInfo pre-execution cost: 1 ms .
[2026-10-01T07:09:34.150] [DEBUG] debug-file - entry : default@GeneratePkgContextInfo cost memory 0.43392181396484375
[2026-10-01T07:09:34.150] [INFO] debug-file - UP-TO-DATE :entry:default@GeneratePkgContextInfo...  
[2026-10-01T07:09:34.151] [DEBUG] debug-file - Executing task :entry:default@GeneratePkgSdkInfo
[2026-10-01T07:09:34.164] [DEBUG] debug-file - Task 'entry:default@GeneratePkgSdkInfo' cost while wrapping incremental declarations: 1 ms 
[2026-10-01T07:09:34.165] [DEBUG] debug-file - entry : default@GeneratePkgSdkInfo cost memory -0.5583877563476562
[2026-10-01T07:09:34.165] [DEBUG] debug-file - runTaskFromQueue task cost before running: 4 s 411 ms 
[2026-10-01T07:09:34.165] [INFO] debug-file - Finished :entry:default@GeneratePkgSdkInfo... after 14 ms 
[2026-10-01T07:09:34.170] [DEBUG] debug-file - Executing task :entry:default@ProcessIntegratedHsp
[2026-10-01T07:09:34.171] [DEBUG] debug-file - entry:default@ProcessIntegratedHsp is not up-to-date, since the output file 'E:\BiliMusic\HarmonyOS-Phone\build\cache\default\integrated_hsp\integratedHspCache.json' does not exist.
[2026-10-01T07:09:34.171] [DEBUG] debug-file - Incremental task entry:default@ProcessIntegratedHsp pre-execution cost: 1 ms .
[2026-10-01T07:09:34.171] [DEBUG] debug-file - entry : default@ProcessIntegratedHsp cost memory 0.0640716552734375
[2026-10-01T07:09:34.171] [DEBUG] debug-file - runTaskFromQueue task cost before running: 4 s 417 ms 
[2026-10-01T07:09:34.172] [INFO] debug-file - Finished :entry:default@ProcessIntegratedHsp... after 2 ms 
[2026-10-01T07:09:34.173] [DEBUG] debug-file - Executing task :entry:default@BuildNativeWithCmake
[2026-10-01T07:09:34.173] [DEBUG] debug-file - entry : default@BuildNativeWithCmake cost memory 0.018829345703125
[2026-10-01T07:09:34.173] [DEBUG] debug-file - runTaskFromQueue task cost before running: 4 s 419 ms 
[2026-10-01T07:09:34.173] [INFO] debug-file - Finished :entry:default@BuildNativeWithCmake... after 1 ms 
[2026-10-01T07:09:34.178] [DEBUG] debug-file - Executing task :entry:default@MakePackInfo
[2026-10-01T07:09:34.181] [DEBUG] debug-file - Incremental task entry:default@MakePackInfo pre-execution cost: 2 ms .
[2026-10-01T07:09:34.182] [DEBUG] debug-file - entry : default@MakePackInfo cost memory 0.139190673828125
[2026-10-01T07:09:34.202] [INFO] debug-file - UP-TO-DATE :entry:default@MakePackInfo...  
[2026-10-01T07:09:34.204] [DEBUG] debug-file - Executing task :entry:default@SyscapTransform
[2026-10-01T07:09:34.204] [DEBUG] debug-file - File: 'E:\BiliMusic\HarmonyOS-Phone\entry\src\main\syscap.json' from 'sysCapJsonPath' is not exists, just ignore.
[2026-10-01T07:09:34.205] [DEBUG] debug-file - Task 'entry:default@SyscapTransform' cost while wrapping incremental declarations: 1 ms 
[2026-10-01T07:09:34.243] [DEBUG] debug-file - entry:default@SyscapTransform is not up-to-date, since the output file 'E:\BiliMusic\HarmonyOS-Phone\entry\build\default\intermediates\syscap\default\rpcid.sc' does not exist.
[2026-10-01T07:09:34.243] [DEBUG] debug-file - Incremental task entry:default@SyscapTransform pre-execution cost: 38 ms .
[2026-10-01T07:09:34.243] [DEBUG] debug-file - entry : default@SyscapTransform cost memory 0.16132354736328125
[2026-10-01T07:09:34.244] [DEBUG] debug-file - runTaskFromQueue task cost before running: 4 s 490 ms 
[2026-10-01T07:09:34.244] [INFO] debug-file - Finished :entry:default@SyscapTransform... after 40 ms 
[2026-10-01T07:09:34.247] [DEBUG] debug-file - Executing task :entry:default@ProcessProfile
[2026-10-01T07:09:34.250] [DEBUG] debug-file - Task 'entry:default@ProcessProfile' cost while wrapping incremental declarations: 1 ms 
[2026-10-01T07:09:34.251] [DEBUG] debug-file - Incremental task entry:default@ProcessProfile pre-execution cost: 1 ms .
[2026-10-01T07:09:34.251] [DEBUG] debug-file - entry : default@ProcessProfile cost memory 0.17815399169921875
[2026-10-01T07:09:34.251] [INFO] debug-file - UP-TO-DATE :entry:default@ProcessProfile...  
[2026-10-01T07:09:34.253] [DEBUG] debug-file - Executing task :entry:default@ProcessRouterMap
[2026-10-01T07:09:34.257] [DEBUG] debug-file - Incremental task entry:default@ProcessRouterMap pre-execution cost: 2 ms .
[2026-10-01T07:09:34.257] [DEBUG] debug-file - entry : default@ProcessRouterMap cost memory 0.153228759765625
[2026-10-01T07:09:34.269] [INFO] debug-file - UP-TO-DATE :entry:default@ProcessRouterMap...  
[2026-10-01T07:09:34.274] [DEBUG] debug-file - Executing task :entry:default@ProcessShareConfig
[2026-10-01T07:09:34.276] [DEBUG] debug-file - Incremental task entry:default@ProcessShareConfig pre-execution cost: 2 ms .
[2026-10-01T07:09:34.276] [DEBUG] debug-file - entry : default@ProcessShareConfig cost memory 0.6042861938476562
[2026-10-01T07:09:34.277] [INFO] debug-file - UP-TO-DATE :entry:default@ProcessShareConfig...  
[2026-10-01T07:09:34.279] [DEBUG] debug-file - Executing task :entry:default@ProcessStartupConfig
[2026-10-01T07:09:34.280] [DEBUG] debug-file - Task 'entry:default@ProcessStartupConfig' cost while wrapping incremental declarations: 1 ms 
[2026-10-01T07:09:34.281] [DEBUG] debug-file - entry:default@ProcessStartupConfig is not up-to-date, since the output file 'E:\BiliMusic\HarmonyOS-Phone\entry\build\default\intermediates\startup\default\startup_config.json' does not exist.
[2026-10-01T07:09:34.281] [DEBUG] debug-file - Incremental task entry:default@ProcessStartupConfig pre-execution cost: 1 ms .
[2026-10-01T07:09:34.282] [DEBUG] debug-file - entry : default@ProcessStartupConfig cost memory 0.135040283203125
[2026-10-01T07:09:34.282] [DEBUG] debug-file - runTaskFromQueue task cost before running: 4 s 529 ms 
[2026-10-01T07:09:34.283] [INFO] debug-file - Finished :entry:default@ProcessStartupConfig... after 4 ms 
[2026-10-01T07:09:34.285] [DEBUG] debug-file - Executing task :entry:default@BuildNativeWithNinja
[2026-10-01T07:09:34.286] [DEBUG] debug-file - entry : default@BuildNativeWithNinja cost memory 0.03115081787109375
[2026-10-01T07:09:34.286] [DEBUG] debug-file - runTaskFromQueue task cost before running: 4 s 532 ms 
[2026-10-01T07:09:34.292] [INFO] debug-file - Finished :entry:default@BuildNativeWithNinja... after 2 ms 
[2026-10-01T07:09:34.295] [DEBUG] debug-file - restool module names: entry; moduleName=entry, taskName=default@ProcessResource
[2026-10-01T07:09:34.320] [DEBUG] debug-file - Executing task :entry:default@ProcessResource
[2026-10-01T07:09:34.320] [DEBUG] debug-file - Task 'entry:default@ProcessResource' cost while wrapping incremental declarations: 1 ms 
[2026-10-01T07:09:34.322] [DEBUG] debug-file - Incremental task entry:default@ProcessResource pre-execution cost: 2 ms .
[2026-10-01T07:09:34.322] [DEBUG] debug-file - entry : default@ProcessResource cost memory 0.1404571533203125
[2026-10-01T07:09:34.323] [INFO] debug-file - UP-TO-DATE :entry:default@ProcessResource...  
[2026-10-01T07:09:34.326] [DEBUG] debug-file - Executing task :entry:default@GenerateLoaderJson
[2026-10-01T07:09:34.328] [DEBUG] debug-file - Task 'entry:default@GenerateLoaderJson' cost while wrapping incremental declarations: 1 ms 
[2026-10-01T07:09:34.344] [DEBUG] debug-file - Incremental task entry:default@GenerateLoaderJson pre-execution cost: 14 ms .
[2026-10-01T07:09:34.344] [DEBUG] debug-file - entry : default@GenerateLoaderJson cost memory 0.40891265869140625
[2026-10-01T07:09:34.351] [INFO] debug-file - UP-TO-DATE :entry:default@GenerateLoaderJson...  
[2026-10-01T07:09:34.355] [DEBUG] debug-file - Executing task :entry:default@ProcessLibs
[2026-10-01T07:09:34.356] [DEBUG] debug-file - Task 'entry:default@ProcessLibs' cost while wrapping incremental declarations: 1 ms 
[2026-10-01T07:09:34.359] [DEBUG] debug-file - Incremental task entry:default@ProcessLibs pre-execution cost: 2 ms .
[2026-10-01T07:09:34.359] [DEBUG] debug-file - entry : default@ProcessLibs cost memory 0.12129974365234375
[2026-10-01T07:09:34.359] [INFO] debug-file - UP-TO-DATE :entry:default@ProcessLibs...  
[2026-10-01T07:09:34.388] [DEBUG] debug-file - restool module names: entry; moduleName=entry, taskName=default@CompileResource
[2026-10-01T07:09:34.389] [DEBUG] debug-file - Executing task :entry:default@CompileResource
[2026-10-01T07:09:34.412] [DEBUG] debug-file - Incremental task entry:default@CompileResource pre-execution cost: 22 ms .
[2026-10-01T07:09:34.412] [DEBUG] debug-file - entry : default@CompileResource cost memory 0.47747802734375
[2026-10-01T07:09:34.413] [INFO] debug-file - UP-TO-DATE :entry:default@CompileResource...  
[2026-10-01T07:09:34.415] [DEBUG] debug-file - Executing task :entry:default@DoNativeStrip
[2026-10-01T07:09:34.415] [DEBUG] debug-file - File: 'E:\BiliMusic\HarmonyOS-Phone\entry\build\default\intermediates\binxo\default' from 'doBinxoNativeLibs' is not exists, just ignore.
[2026-10-01T07:09:34.416] [DEBUG] debug-file - Task 'entry:default@DoNativeStrip' cost while wrapping incremental declarations: 1 ms 
[2026-10-01T07:09:34.417] [DEBUG] debug-file - Incremental task entry:default@DoNativeStrip pre-execution cost: 1 ms .
[2026-10-01T07:09:34.417] [DEBUG] debug-file - entry : default@DoNativeStrip cost memory 0.08960723876953125
[2026-10-01T07:09:34.417] [INFO] debug-file - UP-TO-DATE :entry:default@DoNativeStrip...  
[2026-10-01T07:09:34.420] [DEBUG] debug-file - Executing task :entry:default@CompileArkTS
[2026-10-01T07:09:34.422] [DEBUG] debug-file - obfuscationOptions: undefined
[2026-10-01T07:09:34.423] [DEBUG] debug-file - Task 'entry:default@CompileArkTS' cost while wrapping incremental declarations: 1 ms 
[2026-10-01T07:09:34.455] [DEBUG] debug-file - entry:default@CompileArkTS is not up-to-date, since the input file 'E:\BiliMusic\HarmonyOS-Phone\entry\src\main\ets' has been changed.
[2026-10-01T07:09:34.455] [DEBUG] debug-file - Incremental task entry:default@CompileArkTS pre-execution cost: 30 ms .
[2026-10-01T07:09:34.507] [DEBUG] debug-file - build config:
[2026-10-01T07:09:34.507] [DEBUG] debug-file - {
  moduleType: 'entry',
  perf: 0,
  targetName: '.default',
  packageManagerType: 'ohpm',
  localPropertiesPath: 'E:\\BiliMusic\\HarmonyOS-Phone\\local.properties',
  isPreview: false,
  isOhosTest: false,
  isLocalTest: false,
  buildMode: 'Debug',
  hotReloadBuild: undefined,
  watchMode: 'false',
  aceProfilePath: 'E:\\BiliMusic\\HarmonyOS-Phone\\entry\\build\\default\\intermediates\\res\\default\\resources\\base\\profile',
  etsLoaderPath: 'E:\\Program Files\\Huawei\\DevEco Studio\\sdk\\default\\openharmony\\ets\\build-tools\\ets-loader',
  modulePath: 'E:\\BiliMusic\\HarmonyOS-Phone\\entry',
  testFrameworkPar: {
    testMode: undefined,
    coveragePathFilter: undefined,
    coverageMode: undefined
  },
  needCoverageInsert: false,
  debugLine: false,
  projectTopDir: 'E:\\BiliMusic\\HarmonyOS-Phone',
  compileSdkVersion: 26,
  compatibleSdkVersion: 23,
  originCompatibleSdkVersion: '6.1.0(23)',
  compatibleSdkVersionStage: undefined,
  bundleName: 'c***c',
  etsLoaderVersion: '26.0.0.105',
  etsLoaderReleaseType: 'Release',
  aotCompileMode: 'type',
  apPath: 'E:\\BiliMusic\\HarmonyOS-Phone\\entry\\modules.ap',
  entryModuleName: 'entry',
  entryModuleVersion: '1.0.0',
  entryPackageName: 'entry',
  allModuleNameHash: '1fb86d416fab12e52c2c8a33b6437b4d1df774ceea39dccf98e38fe553734155',
  externalApiPaths: [
    'E:\\Program Files\\Huawei\\DevEco Studio\\sdk\\default\\hms\\ets'
  ],
  compilerTypes: [],
  isCrossplatform: false,
  hvigorPluginFile: undefined,
  compilePluginPath: undefined,
  buildGeneratedProfilePath: 'E:\\BiliMusic\\HarmonyOS-Phone\\entry\\build\\default\\generated\\profile\\default',
  bundleType: 'app',
  arkTSVersion: undefined,
  apiVersion: 26,
  needCompleteSourcesMap: false,
  isFaMode: false,
  buildDir: 'E:\\BiliMusic\\HarmonyOS-Phone\\entry\\build',
  buildCacheProjectDir: 'E:\\BiliMusic\\HarmonyOS-Phone',
  deviceTypes: [ 'phone' ],
  pkgContextInfo: {
    '@ohos/hypium': {
      packageName: '@ohos/hypium',
      bundleName: '*****',
      moduleName: '',
      version: '1.0.19',
      entryPath: 'index.js',
      isSO: false,
      dependencyAlias: ''
    },
    '@ohos/hamock': {
      packageName: '@ohos/hamock',
      bundleName: '*****',
      moduleName: '',
      version: '1.0.0',
      entryPath: 'index.ets',
      isSO: false,
      dependencyAlias: ''
    },
    entry: {
      packageName: 'entry',
      bundleName: '*****',
      moduleName: '',
      version: '',
      entryPath: 'src/main/',
      isSO: false,
      dependencyAlias: ''
    }
  },
  ohPackagePathMap: {},
  dependencyAliasMap: {},
  permission: {
    requestPermissions: [ [Object], [Object], [Object] ],
    definePermissions: undefined
  },
  useGetCurrentBundleName: false,
  projectArkOption: undefined,
  sourceMapDir: undefined,
  branchElimination: false,
  transformLib: undefined,
  tsImportSendable: false,
  resolveConflictMode: true,
  depName2RootPath: {},
  depName2DepInfo: {},
  depName2OhExports: {},
  rootPathSet: [ 'E:\\BiliMusic\\HarmonyOS-Phone' ],
  useNativeResolver: true,
  shouldEmitJs: true,
  useUnifiedAst: false,
  useTscResolve: false,
  singleFileEmit: false,
  userProjectConfig: {
    autoLazyImport: false,
    allowEmptyBundleName: false,
    reExportCheckMode: 'noCheck',
    executionMode: 'memory',
    usePathPlaceholder: false,
    writeRollupCache: true,
    isExpandImportEnabled: false,
    expandImportExclude: '',
    lazyImportExclude: '',
    lazyImportInclude: '',
    ignoreCrossplatformCheck: false,
    isHarDeduplicateEnabled: false,
    skipOhModulesLint: false,
    enableStrictCheckOHModule: false,
    disableSendableCheckRules: [],
    useDeclarationFileSignature: false,
    customizedOptions: undefined,
    integratedHsp: false,
    tsImportSoCheck: false,
    isPreloadSoEnabled: false
  },
  executionMode: 'memory',
  arkCompileCachePath: 'E:\\BiliMusic\\HarmonyOS-Phone\\entry\\build\\default\\cache\\default\\default@CompileArkTS\\esmodule',
  autoLazyFilter: undefined,
  isHarDeduplicateEnabled: false,
  intermediateHarDuplicateDirPath: 'E:\\BiliMusic\\HarmonyOS-Phone\\entry\\build\\default\\intermediates\\har_duplicate\\default',
  autoLazyImport: false,
  allowEmptyBundleName: false,
  reExportCheckMode: 'noCheck',
  usePathPlaceholder: false,
  writeRollupCache: true,
  isExpandImportEnabled: false,
  expandImportExclude: '',
  lazyImportExclude: '',
  lazyImportInclude: '',
  ignoreCrossplatformCheck: false,
  skipOhModulesLint: false,
  enableStrictCheckOHModule: false,
  disableSendableCheckRules: [],
  useDeclarationFileSignature: false,
  customizedOptions: undefined,
  integratedHsp: false,
  tsImportSoCheck: false,
  isPreloadSoEnabled: false,
  strictMode: {
    caseSensitiveCheck: true,
    useNormalizedOHMUrl: true,
    noExternalImportByPath: true
  },
  useNormalizedOHMUrl: true,
  caseSensitiveCheck: true,
  strictCheckerOnly: false,
  aceModuleJsonPath: 'E:\\BiliMusic\\HarmonyOS-Phone\\entry\\build\\default\\intermediates\\res\\default\\ark_module.json',
  appResource: 'E:\\BiliMusic\\HarmonyOS-Phone\\entry\\build\\default\\intermediates\\res\\default\\ResourceTable.txt',
  rawFileResource: 'E:\\BiliMusic\\HarmonyOS-Phone\\entry\\build\\default\\intermediates\\res\\default\\resources\\rawfile',
  resourceTableHash: '8f134415846e377d5cadd7a2693be7ac2a5a63ab945d35995ecb6ce59641afff',
  runtimeOS: 'HarmonyOS',
  sdkInfo: 'false:26:26.0.0.105:Release',
  aceModuleRoot: 'E:\\BiliMusic\\HarmonyOS-Phone\\entry\\src\\main\\ets',
  compileMode: 'esmodule',
  aceSuperVisualPath: 'E:\\BiliMusic\\HarmonyOS-Phone\\entry\\src\\main\\supervisual',
  aceBuildJson: 'E:\\BiliMusic\\HarmonyOS-Phone\\entry\\build\\default\\intermediates\\loader\\default\\loader.json',
  cachePath: 'E:\\BiliMusic\\HarmonyOS-Phone\\entry\\build\\default\\cache\\default\\default@CompileArkTS\\esmodule\\debug',
  aceModuleBuild: 'E:\\BiliMusic\\HarmonyOS-Phone\\entry\\build\\default\\intermediates\\loader_out\\default\\ets',
  supportChunks: true,
  declaredFilesPath: undefined,
  shouldCollectDirectImportees: false,
  isByteCodeHarOptimize: false,
  expandImportPath: undefined,
  resourceTableTs: 'E:\\BiliMusic\\HarmonyOS-Phone\\entry\\build\\default\\generated\\r\\default\\ResourceTable.ts',
  moduleMetaInfoFiles: [
    {
      filePath: 'E:\\BiliMusic\\HarmonyOS-Phone\\entry\\build\\default\\generated\\r\\default\\ResourceTable.ts',
      ohmurl: '&entry/build/generated/r/ResourceTable&'
    }
  ],
  pkgNameToPkgBriefInfo: {
    entry: {
      pkgRoot: 'E:\\BiliMusic\\HarmonyOS-Phone\\entry',
      originalSourceRoots: undefined,
      sourceRoots: [Array],
      pkgName: 'entry'
    }
  },
  projectModel: {
    'E:\\BiliMusic\\HarmonyOS-Phone\\entry\\src\\main': {
      moduleName: 'entry',
      modulePkgPath: 'E:\\BiliMusic\\HarmonyOS-Phone\\entry',
      belongProjectPath: 'E:\\BiliMusic\\HarmonyOS-Phone'
    },
    'E:\\BiliMusic\\HarmonyOS-Phone\\entry': {
      moduleName: 'entry',
      modulePkgPath: 'E:\\BiliMusic\\HarmonyOS-Phone\\entry',
      belongProjectPath: 'E:\\BiliMusic\\HarmonyOS-Phone'
    },
    'E:\\BiliMusic\\HarmonyOS-Phone': {
      moduleName: 'HarmonyOS-Phone',
      modulePkgPath: 'E:\\BiliMusic\\HarmonyOS-Phone',
      belongProjectPath: 'E:\\BiliMusic\\HarmonyOS-Phone'
    }
  },
  pkgJsonFileHash: 'a3d462a761ea7d0350a74ef0a1754da6bd9797b955aaf1e19b1dcad95c0dbc08',
  allModulePaths: [ 'E:\\BiliMusic\\HarmonyOS-Phone\\entry' ],
  routerMap: {},
  obfuscationOptions: undefined,
  byteCodeHarToDependencyKeys: undefined,
  compileBlockPkg: [],
  mockParams: {
    decorator: '@MockSetup',
    packageName: '@ohos/hamock',
    etsSourceRootPath: 'src/main/ets',
    mockConfigPath: undefined,
    mockConfigKey2ModuleInfo: {},
    source2ModuleIdMap: {}
  },
  copyCodeResourceEnable: true,
  copyCodeResourceExcludes: [],
  copyCodeResourceIncludes: undefined,
  uiTransformOptimization: false,
  sdkPath: 'E:/Program Files/Huawei/DevEco Studio/sdk',
  needPreloadSoFileSet: {},
  preloadSoFilePath: 'E:\\BiliMusic\\HarmonyOS-Phone\\entry\\build\\default\\intermediates\\preload\\default\\preload.json',
  useSourceHash: false,
  localModuleParamMap: {},
  otherPaths: {
    'entry/*': [
      '..\\*',
      '..\\..\\..\\build\\default\\generated\\profile\\default\\*'
    ]
  },
  collectImportersConfig: undefined
}
[2026-10-01T07:09:34.508] [DEBUG] debug-file - Compile arkts with external api path: E:\Program Files\Huawei\DevEco Studio\sdk\default\hms\ets
[2026-10-01T07:09:34.509] [DEBUG] debug-file - before submitting ArkTS compile task to worker pool, config.buildDir: E:\BiliMusic\HarmonyOS-Phone\entry\build
[2026-10-01T07:09:34.509] [DEBUG] debug-file - default@CompileArkTS work[0] is submitted.
[2026-10-01T07:09:34.510] [DEBUG] debug-file - default@CompileArkTS work[0] is pushed to ready queue.
[2026-10-01T07:09:34.510] [DEBUG] debug-file - A work dispatched to worker[11] failed because unable to get work from ready queue.
[2026-10-01T07:09:34.510] [DEBUG] debug-file - A work dispatched to worker[10] failed because unable to get work from ready queue.
[2026-10-01T07:09:34.511] [DEBUG] debug-file - A work dispatched to worker[9] failed because unable to get work from ready queue.
[2026-10-01T07:09:34.511] [DEBUG] debug-file - A work dispatched to worker[8] failed because unable to get work from ready queue.
[2026-10-01T07:09:34.511] [DEBUG] debug-file - A work dispatched to worker[7] failed because unable to get work from ready queue.
[2026-10-01T07:09:34.511] [DEBUG] debug-file - A work dispatched to worker[6] failed because unable to get work from ready queue.
[2026-10-01T07:09:34.511] [DEBUG] debug-file - A work dispatched to worker[5] failed because unable to get work from ready queue.
[2026-10-01T07:09:34.511] [DEBUG] debug-file - Create  resident worker with id: 4.
[2026-10-01T07:09:34.513] [DEBUG] debug-file - default@CompileArkTS work[0] has been dispatched to worker[4].
[2026-10-01T07:09:34.513] [DEBUG] debug-file - default@CompileArkTS work[0] is dispatched.
[2026-10-01T07:09:34.513] [DEBUG] debug-file - CopyResources startTime: 2806423645500
[2026-10-01T07:09:34.513] [DEBUG] debug-file - default@CompileArkTS work[1] is submitted.
[2026-10-01T07:09:34.513] [DEBUG] debug-file - default@CompileArkTS work[1] is pushed to ready queue.
[2026-10-01T07:09:34.514] [DEBUG] debug-file - A work dispatched to worker[11] failed because unable to get work from ready queue.
[2026-10-01T07:09:34.514] [DEBUG] debug-file - Create  resident worker with id: 10.
[2026-10-01T07:09:34.515] [DEBUG] debug-file - default@CompileArkTS work[1] has been dispatched to worker[10].
[2026-10-01T07:09:34.515] [DEBUG] debug-file - default@CompileArkTS work[1] is dispatched.
[2026-10-01T07:09:34.515] [DEBUG] debug-file - entry : default@CompileArkTS cost memory 2.1462173461914062
[2026-10-01T07:09:34.517] [DEBUG] debug-file - Executing task :entry:default@BuildJS
[2026-10-01T07:09:34.517] [DEBUG] debug-file - Task 'entry:default@BuildJS' cost while wrapping incremental declarations: 1 ms 
[2026-10-01T07:09:34.533] [DEBUG] debug-file - entry : default@BuildJS cost memory 0.6721420288085938
[2026-10-01T07:09:34.533] [DEBUG] debug-file - runTaskFromQueue task cost before running: 4 s 779 ms 
[2026-10-01T07:09:34.533] [INFO] debug-file - Finished :entry:default@BuildJS... after 17 ms 
[2026-10-01T07:09:34.535] [DEBUG] debug-file - Executing task :entry:default@CacheNativeLibs
[2026-10-01T07:09:34.536] [DEBUG] debug-file - File: 'E:\BiliMusic\HarmonyOS-Phone\entry\build\default\intermediates\binxo\default' from 'cacheBinxoNativeLibs' is not exists, just ignore.
[2026-10-01T07:09:34.536] [DEBUG] debug-file - Task 'entry:default@CacheNativeLibs' cost while wrapping incremental declarations: 1 ms 
[2026-10-01T07:09:34.537] [DEBUG] debug-file - Incremental task entry:default@CacheNativeLibs pre-execution cost: 1 ms .
[2026-10-01T07:09:34.537] [DEBUG] debug-file - entry : default@CacheNativeLibs cost memory 0.10305023193359375
[2026-10-01T07:09:34.538] [INFO] debug-file - UP-TO-DATE :entry:default@CacheNativeLibs...  
[2026-10-01T07:09:35.767] [DEBUG] debug-file - worker[10] has one work done.
[2026-10-01T07:09:35.767] [DEBUG] debug-file - CopyResources is end, endTime: 2807677260700
[2026-10-01T07:09:35.767] [DEBUG] debug-file - default@CompileArkTS work[1] done.
[2026-10-01T07:09:36.347] [DEBUG] debug-file - A work dispatched to worker[10] failed because unable to get work from ready queue.
[2026-10-01T07:09:55.670] [WARN] debug-file - [33mWARN: [33m[33mArkTS:WARN File: E:/BiliMusic/HarmonyOS-Phone/entry/src/main/ets/utils/MaterialCompat.ets:123:29
 Classes cannot be used as objects (arkts-no-classes-as-obj)
[39m[39m
[33mWARN: [33m[33mArkTS:WARN File: E:/BiliMusic/HarmonyOS-Phone/entry/src/main/ets/pages/Index.ets:380:31
 Classes cannot be used as objects (arkts-no-classes-as-obj)
[39m[39m
[33mWARN: [33m[33mArkTS:WARN: For details about ArkTS syntax errors, see FAQs[39m[39m
[33mWARN: [33m[33mArkTS:WARN File: E:/BiliMusic/HarmonyOS-Phone/entry/src/main/ets/preferences/AppPreferences.ts:32:39
 Function may throw exceptions. Special handling is required.
[39m[39m
[33mWARN: [33m[33mArkTS:WARN File: E:/BiliMusic/HarmonyOS-Phone/entry/src/main/ets/preferences/AppPreferences.ts:44:11
 Function may throw exceptions. Special handling is required.
[39m[39m
[33mWARN: [33m[33mArkTS:WARN File: E:/BiliMusic/HarmonyOS-Phone/entry/src/main/ets/preferences/AppPreferences.ts:45:11
 Function may throw exceptions. Special handling is required.
[39m[39m
[33mWARN: [33m[33mArkTS:WARN File: E:/BiliMusic/HarmonyOS-Phone/entry/src/main/ets/preferences/AppPreferences.ts:50:11
 Function may throw exceptions. Special handling is required.
[39m[39m
[33mWARN: [33m[33mArkTS:WARN File: E:/BiliMusic/HarmonyOS-Phone/entry/src/main/ets/preferences/AppPreferences.ts:51:11
 Function may throw exceptions. Special handling is required.
[39m[39m
[33mWARN: [33m[33mArkTS:WARN File: E:/BiliMusic/HarmonyOS-Phone/entry/src/main/ets/preferences/AppPreferences.ts:56:11
 Function may throw exceptions. Special handling is required.
[39m[39m
[33mWARN: [33m[33mArkTS:WARN File: E:/BiliMusic/HarmonyOS-Phone/entry/src/main/ets/preferences/AppPreferences.ts:57:11
 Function may throw exceptions. Special handling is required.
[39m[39m
[33mWARN: [33m[33mArkTS:WARN File: E:/BiliMusic/HarmonyOS-Phone/entry/src/main/ets/preferences/AppPreferences.ts:61:19
 Function may throw exceptions. Special handling is required.
[39m[39m
[33mWARN: [33m[33mArkTS:WARN File: E:/BiliMusic/HarmonyOS-Phone/entry/src/main/ets/preferences/AppPreferences.ts:65:19
 Function may throw exceptions. Special handling is required.
[39m[39m
[33mWARN: [33m[33mArkTS:WARN File: E:/BiliMusic/HarmonyOS-Phone/entry/src/main/ets/preferences/AppPreferences.ts:69:32
 Function may throw exceptions. Special handling is required.
[39m[39m
[33mWARN: [33m[33mArkTS:WARN File: E:/BiliMusic/HarmonyOS-Phone/entry/src/main/ets/preferences/AppPreferences.ts:82:11
 Function may throw exceptions. Special handling is required.
[39m[39m
[33mWARN: [33m[33mArkTS:WARN File: E:/BiliMusic/HarmonyOS-Phone/entry/src/main/ets/preferences/AppPreferences.ts:83:11
 Function may throw exceptions. Special handling is required.
[39m[39m
[33mWARN: [33m[33mArkTS:WARN File: E:/BiliMusic/HarmonyOS-Phone/entry/src/main/ets/preferences/AppPreferences.ts:150:25
 Function may throw exceptions. Special handling is required.
[39m[39m
[33mWARN: [33m[33mArkTS:WARN File: E:/BiliMusic/HarmonyOS-Phone/entry/src/main/ets/preferences/AppPreferences.ts:151:11
 Function may throw exceptions. Special handling is required.
[39m[39m
[33mWARN: [33m[33mArkTS:WARN File: E:/BiliMusic/HarmonyOS-Phone/entry/src/main/ets/preferences/AppPreferences.ts:152:11
 Function may throw exceptions. Special handling is required.
[39m[39m
[33mWARN: [33m[33mArkTS:WARN File: E:/BiliMusic/HarmonyOS-Phone/entry/src/main/ets/database/RdbHelper.ts:24:33
 Function may throw exceptions. Special handling is required.
[39m[39m
[33mWARN: [33m[33mArkTS:WARN File: E:/BiliMusic/HarmonyOS-Phone/entry/src/main/ets/database/RdbHelper.ts:26:17
 Function may throw exceptions. Special handling is required.
[39m[39m
[33mWARN: [33m[33mArkTS:WARN File: E:/BiliMusic/HarmonyOS-Phone/entry/src/main/ets/database/RdbHelper.ts:28:17
 Function may throw exceptions. Special handling is required.
[39m[39m
[33mWARN: [33m[33mArkTS:WARN File: E:/BiliMusic/HarmonyOS-Phone/entry/src/main/ets/utils/HttpUtil.ts:73:49
 Function may throw exceptions. Special handling is required.
[39m[39m
[33mWARN: [33m[33mArkTS:WARN File: E:/BiliMusic/HarmonyOS-Phone/entry/src/main/ets/player/MusicPlayer.ts:122:54
 Function may throw exceptions. Special handling is required.
[39m[39m
[33mWARN: [33m[33mArkTS:WARN File: E:/BiliMusic/HarmonyOS-Phone/entry/src/main/ets/player/MusicPlayer.ts:771:29
 The system capacity of this api 'audio' is not supported on all devices
[39m[39m
[33mWARN: [33m[33mArkTS:WARN File: E:/BiliMusic/HarmonyOS-Phone/entry/src/main/ets/player/MusicPlayer.ts:773:14
 The system capacity of this api 'audio' is not supported on all devices
[39m[39m
[33mWARN: [33m[33mArkTS:WARN File: E:/BiliMusic/HarmonyOS-Phone/entry/src/main/ets/player/MusicPlayer.ts:780:14
 The system capacity of this api 'audio' is not supported on all devices
[39m[39m
[33mWARN: [33m[33mArkTS:WARN File: E:/BiliMusic/HarmonyOS-Phone/entry/src/main/ets/player/MusicPlayer.ts:787:14
 The system capacity of this api 'audio' is not supported on all devices
[39m[39m
[33mWARN: [33m[33mArkTS:WARN File: E:/BiliMusic/HarmonyOS-Phone/entry/src/main/ets/player/MusicPlayer.ts:792:36
 The system capacity of this api 'audio' is not supported on all devices
[39m[39m
[33mWARN: [33m[33mArkTS:WARN File: E:/BiliMusic/HarmonyOS-Phone/entry/src/main/ets/player/MusicPlayer.ts:794:14
 The system capacity of this api 'audio' is not supported on all devices
[39m[39m
[33mWARN: [33m[33mArkTS:WARN File: E:/BiliMusic/HarmonyOS-Phone/entry/src/main/ets/player/MusicPlayer.ts:800:14
 The system capacity of this api 'audio' is not supported on all devices
[39m[39m
[33mWARN: [33m[33mArkTS:WARN File: E:/BiliMusic/HarmonyOS-Phone/entry/src/main/ets/player/MusicPlayer.ts:999:16
 The system capacity of this api 'media' is not supported on all devices
[39m[39m
[33mWARN: [33m[33mArkTS:WARN File: E:/BiliMusic/HarmonyOS-Phone/entry/src/main/ets/player/MusicPlayer.ts:1152:18
 The system capacity of this api 'audio' is not supported on all devices
[39m[39m
[33mWARN: [33m[33mArkTS:WARN File: E:/BiliMusic/HarmonyOS-Phone/entry/src/main/ets/player/MusicPlayer.ts:1152:24
 'ContentType' has been deprecated.
[39m[39m
[33mWARN: [33m[33mArkTS:WARN File: E:/BiliMusic/HarmonyOS-Phone/entry/src/main/ets/player/MusicPlayer.ts:1152:36
 'CONTENT_TYPE_MUSIC' has been deprecated.
[39m[39m
[33mWARN: [33m[33mArkTS:WARN File: E:/BiliMusic/HarmonyOS-Phone/entry/src/main/ets/player/MusicPlayer.ts:1153:16
 The system capacity of this api 'audio' is not supported on all devices
[39m[39m
[33mWARN: [33m[33mArkTS:WARN File: E:/BiliMusic/HarmonyOS-Phone/entry/src/main/ets/pages/Index.ets:380:31
 The 'HdsBarLayoutMode' API is supported since SDK version 6.1.1(24). However, the current compatible SDK version is 6.1.0(23).
 It is recommended to use apiAvailable to safeguard API compatibility.
[39m[39m
[33mWARN: [33m[33mArkTS:WARN File: E:/BiliMusic/HarmonyOS-Phone/entry/src/main/ets/pages/Index.ets:380:66
 The 'HdsBarLayoutMode' API is supported since SDK version 6.1.1(24). However, the current compatible SDK version is 6.1.0(23).
 It is recommended to use apiAvailable to safeguard API compatibility.
[39m[39m
[33mWARN: [33m[33mArkTS:WARN File: E:/BiliMusic/HarmonyOS-Phone/entry/src/main/ets/pages/Index.ets:380:83
 The 'HORIZONTAL' API is supported since SDK version 6.1.1(24). However, the current compatible SDK version is 6.1.0(23).
 It is recommended to use apiAvailable to safeguard API compatibility.
[39m[39m

[2026-10-01T07:09:55.671] [DEBUG] debug-file - Ark compile task finished.finished time is 2827581531200
[2026-10-01T07:09:55.707] [DEBUG] debug-file - worker[4] has one work done.
[2026-10-01T07:09:55.709] [DEBUG] debug-file - default@CompileArkTS work[0] done.
[2026-10-01T07:09:55.713] [INFO] debug-file - Finished :entry:default@CompileArkTS... after 17 s 797 ms 
[2026-10-01T07:09:55.753] [DEBUG] debug-file - Executing task :entry:default@GeneratePkgModuleJson
[2026-10-01T07:09:55.753] [DEBUG] debug-file - File: 'E:\BiliMusic\HarmonyOS-Phone\entry\build\default\intermediates\preload\default\preload.json' from 'preloadSoJsonPath' is not exists, just ignore.
[2026-10-01T07:09:55.754] [DEBUG] debug-file - Error occurs while handling @Input 'shouldDeduplicateHar': The "data" argument must be of type string or an instance of Buffer, TypedArray, or DataView. Received undefined
[2026-10-01T07:09:55.754] [DEBUG] debug-file - Task 'entry:default@GeneratePkgModuleJson' cost while wrapping incremental declarations: 1 ms 
[2026-10-01T07:09:55.755] [DEBUG] debug-file - Incremental task entry:default@GeneratePkgModuleJson pre-execution cost: 1 ms .
[2026-10-01T07:09:55.755] [DEBUG] debug-file - entry : default@GeneratePkgModuleJson cost memory 0.09496307373046875
[2026-10-01T07:09:55.755] [INFO] debug-file - UP-TO-DATE :entry:default@GeneratePkgModuleJson...  
[2026-10-01T07:09:55.756] [DEBUG] debug-file - Executing task :entry:default@ProcessCompiledResources
[2026-10-01T07:09:55.756] [DEBUG] debug-file - File: 'E:\BiliMusic\HarmonyOS-Phone\entry\build\default\intermediates\preload\default\preload.json' from 'preloadSoJsonPath' is not exists, just ignore.
[2026-10-01T07:09:55.756] [DEBUG] debug-file - Task 'entry:default@ProcessCompiledResources' cost while wrapping incremental declarations: 1 ms 
[2026-10-01T07:09:55.757] [DEBUG] debug-file - entry : default@ProcessCompiledResources cost memory 0.0611572265625
[2026-10-01T07:09:55.757] [DEBUG] debug-file - runTaskFromQueue task cost before running: 26 s 3 ms 
[2026-10-01T07:09:55.757] [INFO] debug-file - Finished :entry:default@ProcessCompiledResources... after 1 ms 
[2026-10-01T07:09:55.759] [DEBUG] debug-file - Executing task :entry:default@PackageHap
[2026-10-01T07:09:55.769] [DEBUG] debug-file - entry:default@PackageHap is not up-to-date, since the input file 'E:\BiliMusic\HarmonyOS-Phone\entry\build\default\intermediates\loader_out\default\ets' has been changed.
[2026-10-01T07:09:55.769] [DEBUG] debug-file - Incremental task entry:default@PackageHap pre-execution cost: 9 ms .
[2026-10-01T07:09:55.772] [DEBUG] debug-file - Use tool [E:\Program Files\Huawei\DevEco Studio\sdk\default\openharmony\toolchains\lib\app_packing_tool.jar]
 [
  'java',
  '-Dfile.encoding=GBK',
  '-jar',
  'E:\\Program Files\\Huawei\\DevEco Studio\\sdk\\default\\openharmony\\toolchains\\lib\\app_packing_tool.jar',
  '--mode',
  'hap',
  '--force',
  'true',
  '--lib-path',
  'E:\\BiliMusic\\HarmonyOS-Phone\\entry\\build\\default\\intermediates\\stripped_native_libs\\default',
  '--json-path',
  'E:\\BiliMusic\\HarmonyOS-Phone\\entry\\build\\default\\intermediates\\package\\default\\module.json',
  '--resources-path',
  'E:\\BiliMusic\\HarmonyOS-Phone\\entry\\build\\default\\intermediates\\res\\default\\resources',
  '--index-path',
  'E:\\BiliMusic\\HarmonyOS-Phone\\entry\\build\\default\\intermediates\\res\\default\\resources.index',
  '--pack-info-path',
  'E:\\BiliMusic\\HarmonyOS-Phone\\entry\\build\\default\\outputs\\default\\pack.info',
  '--out-path',
  'E:\\BiliMusic\\HarmonyOS-Phone\\entry\\build\\default\\outputs\\default\\entry-default-unsigned.hap',
  '--ets-path',
  'E:\\BiliMusic\\HarmonyOS-Phone\\entry\\build\\default\\intermediates\\loader_out\\default\\ets',
  '--pkg-context-path',
  'E:\\BiliMusic\\HarmonyOS-Phone\\entry\\build\\default\\intermediates\\loader\\default\\pkgContextInfo.json'
]
[2026-10-01T07:09:55.775] [DEBUG] debug-file - default@PackageHap work[2] is submitted.
[2026-10-01T07:09:55.775] [DEBUG] debug-file - default@PackageHap work[2] is pushed to ready queue.
[2026-10-01T07:09:55.775] [DEBUG] debug-file - default@PackageHap work[2] is not dispatched.
[2026-10-01T07:09:55.779] [DEBUG] debug-file - entry : default@PackageHap cost memory -0.3995361328125
[2026-10-01T07:09:56.041] [DEBUG] debug-file - A work dispatched to worker[11] failed because unable to get work from ready queue.
[2026-10-01T07:09:56.041] [DEBUG] debug-file - default@PackageHap work[2] has been dispatched to worker[10].
[2026-10-01T07:09:56.451] [DEBUG] debug-file - current process  memoryUsage: {
  rss: 743202816,
  heapTotal: 57360384,
  heapUsed: 50057984,
  external: 3958577,
  arrayBuffers: 18671
} os memoryUsage :15.352462768554688
[2026-10-01T07:09:56.649] [DEBUG] debug-file - A work dispatched to worker[4] failed because unable to get work from ready queue.
[2026-10-01T07:09:58.659] [DEBUG] debug-file - worker[10] has one work done.
[2026-10-01T07:09:58.660] [DEBUG] debug-file - default@PackageHap work[2] done.
[2026-10-01T07:09:58.662] [INFO] debug-file - Finished :entry:default@PackageHap... after 2 s 194 ms 
[2026-10-01T07:09:58.664] [DEBUG] debug-file - Executing task :entry:default@PackingCheck
[2026-10-01T07:09:58.671] [DEBUG] debug-file - entry : default@PackingCheck cost memory 0.48926544189453125
[2026-10-01T07:09:58.672] [DEBUG] debug-file - runTaskFromQueue task cost before running: 28 s 918 ms 
[2026-10-01T07:09:58.672] [INFO] debug-file - Finished :entry:default@PackingCheck... after 8 ms 
[2026-10-01T07:09:58.673] [DEBUG] debug-file - Executing task :entry:default@SignHap
[2026-10-01T07:09:58.674] [WARN] debug-file - No signingConfig found for product default
[2026-10-01T07:09:58.675] [DEBUG] debug-file - entry:default@SignHap is not up-to-date, since the input file 'E:\BiliMusic\HarmonyOS-Phone\entry\build\default\outputs\default\entry-default-unsigned.hap' has been changed.
[2026-10-01T07:09:58.675] [DEBUG] debug-file - Incremental task entry:default@SignHap pre-execution cost: 1 ms .
[2026-10-01T07:09:58.676] [DEBUG] debug-file - entry : default@SignHap cost memory 0.082122802734375
[2026-10-01T07:09:58.676] [DEBUG] debug-file - runTaskFromQueue task cost before running: 28 s 922 ms 
[2026-10-01T07:09:58.677] [INFO] debug-file - Finished :entry:default@SignHap... after 3 ms 
[2026-10-01T07:09:58.702] [DEBUG] debug-file - Executing task :entry:default@CollectDebugSymbol
[2026-10-01T07:09:58.703] [DEBUG] debug-file - entry : default@CollectDebugSymbol cost memory 0.081695556640625
[2026-10-01T07:09:58.703] [DEBUG] debug-file - runTaskFromQueue task cost before running: 28 s 950 ms 
[2026-10-01T07:09:58.704] [INFO] debug-file - Finished :entry:default@CollectDebugSymbol... after 2 ms 
[2026-10-01T07:09:58.704] [DEBUG] debug-file - Executing task :entry:assembleHap
[2026-10-01T07:09:58.704] [DEBUG] debug-file - entry : assembleHap cost memory 0.20145416259765625
[2026-10-01T07:09:58.704] [DEBUG] debug-file - runTaskFromQueue task cost before running: 28 s 951 ms 
[2026-10-01T07:09:58.705] [INFO] debug-file - Finished :entry:assembleHap... after 1 ms 
[2026-10-01T07:09:58.707] [INFO] debug-file - BUILD SUCCESSFUL in 28 s 953 ms 
[2026-10-01T07:09:58.709] [DEBUG] debug-file - There is no need to refresh cache, since the incremental task entry:default@PreBuild is up-to-date.
[2026-10-01T07:09:58.711] [DEBUG] debug-file - Update task entry:default@CreateModuleInfo output file:E:\BiliMusic\HarmonyOS-Phone\entry\build\default\generated\profile\default\ModuleInfo.ts cache.
[2026-10-01T07:09:58.712] [DEBUG] debug-file - Incremental task entry:default@CreateModuleInfo post-execution cost:3 ms .
[2026-10-01T07:09:58.712] [DEBUG] debug-file - There is no need to refresh cache, since the incremental task entry:default@GenerateMetadata is up-to-date.
[2026-10-01T07:09:58.712] [DEBUG] debug-file - There is no need to refresh cache, since the incremental task entry:default@MergeProfile is up-to-date.
[2026-10-01T07:09:58.712] [DEBUG] debug-file - There is no need to refresh cache, since the incremental task entry:default@CreateBuildProfile is up-to-date.
[2026-10-01T07:09:58.712] [DEBUG] debug-file - There is no need to refresh cache, since the incremental task entry:default@GeneratePkgContextInfo is up-to-date.
[2026-10-01T07:09:58.712] [DEBUG] debug-file - Update task entry:default@GeneratePkgSdkInfo output file:E:\BiliMusic\HarmonyOS-Phone\entry\build\default\intermediates\loader\default\pkgSdkInfo.json cache.
[2026-10-01T07:09:58.713] [DEBUG] debug-file - Incremental task entry:default@GeneratePkgSdkInfo post-execution cost:1 ms .
[2026-10-01T07:09:58.713] [DEBUG] debug-file - Update task entry:default@ProcessIntegratedHsp output file:E:\BiliMusic\HarmonyOS-Phone\build\cache\default\integrated_hsp\integratedHspCache.json cache.
[2026-10-01T07:09:58.713] [DEBUG] debug-file - Incremental task entry:default@ProcessIntegratedHsp post-execution cost:1 ms .
[2026-10-01T07:09:58.713] [DEBUG] debug-file - There is no need to refresh cache, since the incremental task entry:default@MakePackInfo is up-to-date.
[2026-10-01T07:09:58.713] [DEBUG] debug-file - Update task entry:default@SyscapTransform input file:E:\Program Files\Huawei\DevEco Studio\sdk\default\openharmony\toolchains\syscap_tool.exe cache by regenerate.
[2026-10-01T07:09:58.713] [DEBUG] debug-file - Update task entry:default@SyscapTransform input file:E:\Program Files\Huawei\DevEco Studio\sdk\default\openharmony\ets\api\device-define cache by regenerate.
[2026-10-01T07:09:58.714] [DEBUG] debug-file - Update task entry:default@SyscapTransform output file:E:\BiliMusic\HarmonyOS-Phone\entry\build\default\intermediates\syscap\default\rpcid.sc cache.
[2026-10-01T07:09:58.715] [DEBUG] debug-file - Incremental task entry:default@SyscapTransform post-execution cost:2 ms .
[2026-10-01T07:09:58.739] [DEBUG] debug-file - There is no need to refresh cache, since the incremental task entry:default@ProcessProfile is up-to-date.
[2026-10-01T07:09:58.740] [DEBUG] debug-file - There is no need to refresh cache, since the incremental task entry:default@ProcessRouterMap is up-to-date.
[2026-10-01T07:09:58.740] [DEBUG] debug-file - There is no need to refresh cache, since the incremental task entry:default@ProcessShareConfig is up-to-date.
[2026-10-01T07:09:58.741] [DEBUG] debug-file - Update task entry:default@ProcessStartupConfig input file:E:\BiliMusic\HarmonyOS-Phone\entry\build\default\intermediates\loader\default\pkgContextInfo.json cache by regenerate.
[2026-10-01T07:09:58.741] [DEBUG] debug-file - Update task entry:default@ProcessStartupConfig output file:E:\BiliMusic\HarmonyOS-Phone\entry\build\default\intermediates\startup\default\startup_config.json cache.
[2026-10-01T07:09:58.741] [DEBUG] debug-file - Incremental task entry:default@ProcessStartupConfig post-execution cost:1 ms .
[2026-10-01T07:09:58.741] [DEBUG] debug-file - There is no need to refresh cache, since the incremental task entry:default@ProcessResource is up-to-date.
[2026-10-01T07:09:58.741] [DEBUG] debug-file - There is no need to refresh cache, since the incremental task entry:default@GenerateLoaderJson is up-to-date.
[2026-10-01T07:09:58.741] [DEBUG] debug-file - There is no need to refresh cache, since the incremental task entry:default@ProcessLibs is up-to-date.
[2026-10-01T07:09:58.742] [DEBUG] debug-file - There is no need to refresh cache, since the incremental task entry:default@CompileResource is up-to-date.
[2026-10-01T07:09:58.742] [DEBUG] debug-file - There is no need to refresh cache, since the incremental task entry:default@DoNativeStrip is up-to-date.
[2026-10-01T07:09:58.746] [DEBUG] debug-file - Update task entry:default@CompileArkTS input file:E:\BiliMusic\HarmonyOS-Phone\entry\build\default\intermediates\loader\default cache by regenerate.
[2026-10-01T07:09:58.747] [DEBUG] debug-file - Update task entry:default@CompileArkTS input file:E:\BiliMusic\HarmonyOS-Phone\entry\build\default\intermediates\res\default\ResourceTable.txt cache by regenerate.
[2026-10-01T07:09:58.748] [DEBUG] debug-file - Update task entry:default@CompileArkTS input file:E:\BiliMusic\HarmonyOS-Phone\entry\build\default\intermediates\res\default\ark_module.json cache by regenerate.
[2026-10-01T07:09:58.748] [DEBUG] debug-file - Update task entry:default@CompileArkTS input file:E:\BiliMusic\HarmonyOS-Phone\entry\build\default\intermediates\res\default\resources\base\profile cache by regenerate.
[2026-10-01T07:09:58.749] [DEBUG] debug-file - Update task entry:default@CompileArkTS input file:E:\BiliMusic\HarmonyOS-Phone\entry\src\main\ets cache from map.
[2026-10-01T07:09:58.749] [DEBUG] debug-file - Update task entry:default@CompileArkTS input file:E:\BiliMusic\HarmonyOS-Phone\entry\build\default\intermediates\loader\default\pkgContextInfo.json cache by regenerate.
[2026-10-01T07:09:58.749] [DEBUG] debug-file - Update task entry:default@CompileArkTS input file:E:\BiliMusic\HarmonyOS-Phone\entry\build\default\generated\profile\default\BuildProfile.ets cache by regenerate.
[2026-10-01T07:09:58.750] [DEBUG] debug-file - Update task entry:default@CompileArkTS output file:E:\BiliMusic\HarmonyOS-Phone\entry\build\default\intermediates\loader_out\default\ets cache.
[2026-10-01T07:09:58.779] [DEBUG] debug-file - Incremental task entry:default@CompileArkTS post-execution cost:37 ms .
[2026-10-01T07:09:58.780] [DEBUG] debug-file - Update task entry:default@BuildJS input file:E:\BiliMusic\HarmonyOS-Phone\entry\build\default\intermediates\loader\default cache by regenerate.
[2026-10-01T07:09:58.781] [DEBUG] debug-file - Update task entry:default@BuildJS input file:E:\BiliMusic\HarmonyOS-Phone\entry\build\default\intermediates\res\default\ResourceTable.txt cache by regenerate.
[2026-10-01T07:09:58.781] [DEBUG] debug-file - Update task entry:default@BuildJS input file:E:\BiliMusic\HarmonyOS-Phone\entry\build\default\intermediates\res\default\ark_module.json cache by regenerate.
[2026-10-01T07:09:58.781] [DEBUG] debug-file - Update task entry:default@BuildJS input file:E:\BiliMusic\HarmonyOS-Phone\entry\build\default\intermediates\res\default\resources\base\profile cache by regenerate.
[2026-10-01T07:09:58.782] [DEBUG] debug-file - Update task entry:default@BuildJS input file:E:\BiliMusic\HarmonyOS-Phone\entry\build\default\intermediates\loader\default\pkgContextInfo.json cache by regenerate.
[2026-10-01T07:09:58.782] [DEBUG] debug-file - Update task entry:default@BuildJS output file:E:\BiliMusic\HarmonyOS-Phone\entry\build\default\intermediates\loader_out\default\js cache.
[2026-10-01T07:09:58.782] [DEBUG] debug-file - Incremental task entry:default@BuildJS post-execution cost:3 ms .
[2026-10-01T07:09:58.783] [DEBUG] debug-file - There is no need to refresh cache, since the incremental task entry:default@CacheNativeLibs is up-to-date.
[2026-10-01T07:09:58.783] [DEBUG] debug-file - There is no need to refresh cache, since the incremental task entry:default@GeneratePkgModuleJson is up-to-date.
[2026-10-01T07:09:58.784] [DEBUG] debug-file - Incremental task entry:default@ProcessCompiledResources post-execution cost:1 ms .
[2026-10-01T07:09:58.784] [DEBUG] debug-file - Update task entry:default@PackageHap input file:E:\BiliMusic\HarmonyOS-Phone\entry\build\default\outputs\default\pack.info cache by regenerate.
[2026-10-01T07:09:58.785] [DEBUG] debug-file - Update task entry:default@PackageHap input file:E:\BiliMusic\HarmonyOS-Phone\entry\build\default\intermediates\stripped_native_libs\default cache by regenerate.
[2026-10-01T07:09:58.785] [DEBUG] debug-file - Update task entry:default@PackageHap input file:E:\BiliMusic\HarmonyOS-Phone\entry\build\default\intermediates\res\default\module.json cache by regenerate.
[2026-10-01T07:09:58.786] [DEBUG] debug-file - Update task entry:default@PackageHap input file:E:\BiliMusic\HarmonyOS-Phone\entry\build\default\intermediates\res\default\resources cache by regenerate.
[2026-10-01T07:09:58.788] [DEBUG] debug-file - Update task entry:default@PackageHap input file:E:\BiliMusic\HarmonyOS-Phone\entry\build\default\intermediates\res\default\resources.index cache by regenerate.
[2026-10-01T07:09:58.788] [DEBUG] debug-file - Update task entry:default@PackageHap input file:E:\BiliMusic\HarmonyOS-Phone\entry\build\default\intermediates\loader_out\default\ets cache from map.
[2026-10-01T07:09:58.789] [DEBUG] debug-file - Update task entry:default@PackageHap input file:E:\BiliMusic\HarmonyOS-Phone\entry\build\default\intermediates\loader\default\pkgContextInfo.json cache by regenerate.
[2026-10-01T07:09:58.789] [DEBUG] debug-file - Update task entry:default@PackageHap input file:E:\BiliMusic\HarmonyOS-Phone\entry\build\default\intermediates\package\default\module.json cache by regenerate.
[2026-10-01T07:09:58.789] [DEBUG] debug-file - Update task entry:default@PackageHap input file:E:\BiliMusic\HarmonyOS-Phone\entry\build\default\intermediates\loader_out\default\ets\sourceMaps.map cache by regenerate.
[2026-10-01T07:09:58.789] [DEBUG] debug-file - Update task entry:default@PackageHap input file:E:\BiliMusic\HarmonyOS-Phone\entry\build\default\generated\profile\default\BuildProfile.ets cache by regenerate.
[2026-10-01T07:09:58.789] [DEBUG] debug-file - Update task entry:default@PackageHap output file:E:\BiliMusic\HarmonyOS-Phone\entry\build\default\outputs\default\entry-default-unsigned.hap cache.
[2026-10-01T07:09:58.790] [DEBUG] debug-file - Update task entry:default@PackageHap output file:E:\BiliMusic\HarmonyOS-Phone\entry\build\default\intermediates\source_map\default\sourceMaps.map cache.
[2026-10-01T07:09:58.790] [DEBUG] debug-file - Update task entry:default@PackageHap output file:E:\BiliMusic\HarmonyOS-Phone\entry\build\default\outputs\default\mapping\sourceMaps.map cache.
[2026-10-01T07:09:58.790] [DEBUG] debug-file - Incremental task entry:default@PackageHap post-execution cost:7 ms .
[2026-10-01T07:09:58.791] [DEBUG] debug-file - Update task entry:default@SignHap input file:E:\BiliMusic\HarmonyOS-Phone\entry\build\default\outputs\default\entry-default-unsigned.hap cache from map.
[2026-10-01T07:09:58.791] [DEBUG] debug-file - Update task entry:default@SignHap output file:E:\BiliMusic\HarmonyOS-Phone\entry\build\default\outputs\default\entry-default-signed.hap cache.
[2026-10-01T07:09:58.791] [DEBUG] debug-file - Incremental task entry:default@SignHap post-execution cost:1 ms .
[2026-10-01T07:09:58.791] [DEBUG] debug-file - Update task entry:default@CollectDebugSymbol input file:E:\BiliMusic\HarmonyOS-Phone\entry\build\default\intermediates\loader_out\default\ets\sourceMaps.map cache by regenerate.
[2026-10-01T07:09:58.791] [DEBUG] debug-file - Update task entry:default@CollectDebugSymbol input file:E:\BiliMusic\HarmonyOS-Phone\entry\build\default\intermediates\libs\default cache by regenerate.
[2026-10-01T07:09:58.792] [DEBUG] debug-file - Update task entry:default@CollectDebugSymbol output file:E:\BiliMusic\HarmonyOS-Phone\entry\build\default\outputs\default\symbol cache.
[2026-10-01T07:09:58.792] [DEBUG] debug-file - Incremental task entry:default@CollectDebugSymbol post-execution cost:1 ms .
[2026-10-01T07:09:58.830] [DEBUG] debug-file - Cleanup worker 0.
[2026-10-01T07:09:58.831] [DEBUG] debug-file - Cleanup worker 1.
[2026-10-01T07:09:58.831] [DEBUG] debug-file - Cleanup worker 10.
[2026-10-01T07:09:58.832] [DEBUG] debug-file - hvigor build process will be closed.
[2026-10-01T07:09:58.836] [DEBUG] debug-file - session manager: send message to worker process. WorkerThreadId: 0, data: {"type":"hvigor_failed","reason":"Server has disconnected."}
[2026-10-01T07:09:58.837] [DEBUG] debug-file - session manager: send message to worker process. WorkerThreadId: 0, data: {"type":"CloseWatch","reason":"Server has disconnected."}
[2026-10-01T07:09:58.836] [DEBUG] debug-file - watch worker: worker id should be larger than 0. Nothing will be sent to any worker thread.
[2026-10-01T07:09:58.837] [DEBUG] debug-file - ABORT_WORK sent to workers.
[2026-10-01T07:09:58.837] [DEBUG] debug-file - watch worker: worker id should be larger than 0. Nothing will be sent to any worker thread.
[2026-10-01T07:09:58.840] [DEBUG] debug-file - worker[10] exits with exit code 1.
[2026-10-01T07:09:58.841] [DEBUG] debug-file - Worker 10 has been cleaned up.
[2026-10-01T07:09:58.841] [DEBUG] debug-file - Current idle worker size: 1.
[2026-10-01T07:09:58.841] [DEBUG] debug-file - Current resident worker size: 3.
[2026-10-01T07:09:58.863] [DEBUG] debug-file - worker[1] exits with exit code 1.
[2026-10-01T07:09:58.863] [DEBUG] debug-file - Worker 1 has been cleaned up.
[2026-10-01T07:09:58.863] [DEBUG] debug-file - Current idle worker size: 1.
[2026-10-01T07:09:58.863] [DEBUG] debug-file - Current resident worker size: 2.
[2026-10-01T07:09:58.870] [DEBUG] debug-file - worker[0] exits with exit code 1.
[2026-10-01T07:09:58.871] [DEBUG] debug-file - Worker 0 has been cleaned up.
[2026-10-01T07:09:58.871] [DEBUG] debug-file - Current idle worker size: 1.
[2026-10-01T07:09:58.871] [DEBUG] debug-file - Current resident worker size: 1.
[2026-10-01T07:59:36.125] [DEBUG] debug-file - env: nodejsVersion=v24.14.1
[2026-10-01T07:59:36.139] [DEBUG] debug-file - env: daemon=true
[2026-10-01T07:59:36.126] [DEBUG] debug-file - env: hvigor-config.json5 content = {
  modelVersion: '26.0.0',
  dependencies: {},
  execution: {},
  logging: {},
  debugging: {},
  nodeOptions: {}
}
[2026-10-01T07:59:36.495] [DEBUG] debug-file - session manager: set active socket. socketId=X9uxYK5NMOUdU5awAAAD
[2026-10-01T07:59:36.499] [DEBUG] debug-file - watch worker: worker id should be larger than 0. Nothing will be sent to any worker thread.
[2026-10-01T07:59:36.501] [DEBUG] debug-file - Workers' log level updated to INFO
[2026-10-01T07:59:36.503] [DEBUG] debug-file - Hvigor init with startParameters:{
  hvigorfileTypeCheck: false,
  parallelExecution: true,
  incrementalExecution: true,
  printStackTrace: false,
  daemon: true,
  analyze: 0,
  logLevel: Level { level: 20000, levelStr: 'INFO', colour: 'green' },
  optimizationStrategy: 'memory',
  hotCompile: undefined,
  hotReloadBuild: undefined,
  customizedParam: undefined
}
[2026-10-01T07:59:36.506] [DEBUG] debug-file - Cache service initialization finished in 4 ms 
[2026-10-01T07:59:36.507] [DEBUG] debug-file - hvigorfile, resolving E:\BiliMusic\HarmonyOS-Phone\hvigorfile.ts
[2026-10-01T07:59:36.511] [DEBUG] debug-file - hvigorfile, require result:  { default: { plugins: [] } }
[2026-10-01T07:59:36.511] [DEBUG] debug-file - hvigorfile, binding system plugins null
[2026-10-01T07:59:36.511] [DEBUG] debug-file - Starting plugin build process
[2026-10-01T07:59:36.511] [DEBUG] debug-file - App plugin prepare start...
[2026-10-01T07:59:36.511] [DEBUG] debug-file - App plugin prepare end...
[2026-10-01T07:59:36.511] [DEBUG] debug-file - App plugin creating...
[2026-10-01T07:59:36.514] [DEBUG] debug-file - App plugin register hook start...
[2026-10-01T07:59:36.514] [DEBUG] debug-file - App plugin register hook end...
[2026-10-01T07:59:36.514] [DEBUG] debug-file - Plugin build process completed
[2026-10-01T07:59:36.514] [DEBUG] debug-file - Start initialize project's product build option map with build mode debug.
[2026-10-01T07:59:36.514] [DEBUG] debug-file - Picking option from product 'default' with build mode 'debug'.
[2026-10-01T07:59:36.514] [DEBUG] debug-file - Product 'default' build option initialized
[2026-10-01T07:59:36.514] [DEBUG] debug-file - End initialize project's product build option map with build mode 'debug'.
[2026-10-01T07:59:36.515] [DEBUG] debug-file - Obtain build option for product 'default'in this build.
[2026-10-01T07:59:36.515] [DEBUG] debug-file - No signingConfig found, initRemoteHspCache failed.
[2026-10-01T07:59:36.516] [DEBUG] debug-file - Start recording SDK configuration permission data.
[2026-10-01T07:59:36.545] [DEBUG] debug-file - Sdk init in 29 ms 
[2026-10-01T07:59:36.546] [DEBUG] debug-file - Project task initialization takes 1 ms 
[2026-10-01T07:59:36.546] [DEBUG] debug-file - hvigorfile, begin to bind custom plugins...
[2026-10-01T07:59:36.546] [DEBUG] debug-file - hvigorfile, no custom plugins were found in E:\BiliMusic\HarmonyOS-Phone\hvigorfile.ts
[2026-10-01T07:59:36.546] [DEBUG] debug-file - hvigorfile, resolve finished E:\BiliMusic\HarmonyOS-Phone\hvigorfile.ts
[2026-10-01T07:59:36.546] [DEBUG] debug-file - hvigorfile, resolving E:\BiliMusic\HarmonyOS-Phone\entry\hvigorfile.ts
[2026-10-01T07:59:36.549] [DEBUG] debug-file - hvigorfile, require result:  { default: { plugins: [] } }
[2026-10-01T07:59:36.549] [DEBUG] debug-file - hvigorfile, binding system plugins null
[2026-10-01T07:59:36.549] [DEBUG] debug-file - Starting plugin build process
[2026-10-01T07:59:36.549] [DEBUG] debug-file - Hap plugin creating...
[2026-10-01T07:59:36.550] [DEBUG] debug-file - failed to load cangjie to dynamically generate schemas: Error: Cannot find module '@ohos/cangjie-build-support/index'
Require stack:
- E:\Program Files\Huawei\DevEco Studio\tools\hvigor\hvigor-ohos-plugin\src\plugin\hooks\cangjie-register.js
- E:\Program Files\Huawei\DevEco Studio\tools\hvigor\hvigor-ohos-plugin\src\plugin\strategy\stage-init-strategy.js
- E:\Program Files\Huawei\DevEco Studio\tools\hvigor\hvigor-ohos-plugin\src\plugin\builder\abstract-plugin-builder.js
- E:\Program Files\Huawei\DevEco Studio\tools\hvigor\hvigor-ohos-plugin\src\plugin\builder\app-plugin-builder.js
- E:\Program Files\Huawei\DevEco Studio\tools\hvigor\hvigor-ohos-plugin\src\plugin\factory\plugin-factory.js
- E:\Program Files\Huawei\DevEco Studio\tools\hvigor\hvigor-ohos-plugin\index.js
- E:\BiliMusic\HarmonyOS-Phone\hvigorfile.ts
- E:\Program Files\Huawei\DevEco Studio\tools\hvigor\hvigor\src\base\internal\lifecycle\configuration.js
- E:\Program Files\Huawei\DevEco Studio\tools\hvigor\hvigor\src\base\boot\index.js
- E:\Program Files\Huawei\DevEco Studio\tools\hvigor\hvigor\src\base\daemon\cluster\worker-process-lifecycle.js
- E:\Program Files\Huawei\DevEco Studio\tools\hvigor\hvigor\src\base\daemon\process\daemon-process-boot-script.js
[2026-10-01T07:59:36.550] [DEBUG] debug-file - Start initialize module-target build option map, moduleName=entry, buildMode=debug
[2026-10-01T07:59:36.550] [DEBUG] debug-file - Target 'default' config initialized
[2026-10-01T07:59:36.551] [DEBUG] debug-file - Module 'entry' target 'default' build option initialized
[2026-10-01T07:59:36.551] [DEBUG] debug-file - End initialize module-target build option map, moduleName=entry
[2026-10-01T07:59:36.551] [DEBUG] debug-file - Start initialize module-target build option map, moduleName=entry, buildMode=release
[2026-10-01T07:59:36.551] [DEBUG] debug-file - Target 'default' config initialized
[2026-10-01T07:59:36.551] [DEBUG] debug-file - Module 'entry' target 'default' build option initialized
[2026-10-01T07:59:36.551] [DEBUG] debug-file - End initialize module-target build option map, moduleName=entry
[2026-10-01T07:59:36.551] [DEBUG] debug-file - Start initialize module-target build option map, moduleName=entry, buildMode=debug
[2026-10-01T07:59:36.551] [DEBUG] debug-file - Target 'default' config initialized
[2026-10-01T07:59:36.551] [DEBUG] debug-file - Module 'entry' target 'default' build option initialized
[2026-10-01T07:59:36.551] [DEBUG] debug-file - End initialize module-target build option map, moduleName=entry
[2026-10-01T07:59:36.551] [DEBUG] debug-file - Obtain build option for module 'entry' target 'default'in this build.
[2026-10-01T07:59:36.552] [DEBUG] debug-file - Module entry task initialization takes 1 ms 
[2026-10-01T07:59:36.552] [DEBUG] debug-file - Hap plugin register hook start...
[2026-10-01T07:59:36.552] [DEBUG] debug-file - Hap plugin register hook end...
[2026-10-01T07:59:36.552] [DEBUG] debug-file - Plugin build process completed
[2026-10-01T07:59:36.553] [DEBUG] debug-file - hvigorfile, begin to bind custom plugins...
[2026-10-01T07:59:36.553] [DEBUG] debug-file - hvigorfile, no custom plugins were found in E:\BiliMusic\HarmonyOS-Phone\entry\hvigorfile.ts
[2026-10-01T07:59:36.553] [DEBUG] debug-file - hvigorfile, resolve finished E:\BiliMusic\HarmonyOS-Phone\entry\hvigorfile.ts
[2026-10-01T07:59:36.571] [DEBUG] debug-file - hvigorfile, resolve hvigorfile dependencies in 19 ms 
[2026-10-01T07:59:36.571] [DEBUG] debug-file - project has submodules:entry
[2026-10-01T07:59:36.572] [DEBUG] debug-file - start to load updatedOhPackageInfo to the disk
[2026-10-01T07:59:36.573] [DEBUG] debug-file - load to the disk finished
[2026-10-01T07:59:36.574] [DEBUG] debug-file - Start to initialize dependency information.
[2026-10-01T07:59:36.577] [DEBUG] debug-file - Module HarmonyOS-Phone Collected Dependency: 
[2026-10-01T07:59:36.577] [DEBUG] debug-file - Module HarmonyOS-Phone's total dependency: 0
[2026-10-01T07:59:36.577] [DEBUG] debug-file - Start to initialize dependency information.
[2026-10-01T07:59:36.579] [DEBUG] debug-file - Module entry Collected Dependency: 
[2026-10-01T07:59:36.579] [DEBUG] debug-file - Module entry's total dependency: 0
[2026-10-01T07:59:36.580] [DEBUG] debug-file - Configuration phase cost:74 ms 
[2026-10-01T07:59:36.580] [DEBUG] debug-file - Configuration task cost before running: 80 ms 
[2026-10-01T07:59:36.582] [DEBUG] debug-file - Executing task :entry:default@PreBuild
[2026-10-01T07:59:36.584] [DEBUG] debug-file - Task 'entry:default@PreBuild' cost while wrapping incremental declarations: 1 ms 
[2026-10-01T07:59:36.586] [DEBUG] debug-file - Incremental task entry:default@PreBuild pre-execution cost: 2 ms .
[2026-10-01T07:59:36.586] [DEBUG] debug-file - entry : default@PreBuild cost memory 0.6153335571289062
[2026-10-01T07:59:36.587] [INFO] debug-file - UP-TO-DATE :entry:default@PreBuild...  
[2026-10-01T07:59:36.588] [DEBUG] debug-file - Executing task :entry:default@CreateModuleInfo
[2026-10-01T07:59:36.588] [DEBUG] debug-file - Task 'entry:default@CreateModuleInfo' cost while wrapping incremental declarations: 1 ms 
[2026-10-01T07:59:36.588] [DEBUG] debug-file - entry : default@CreateModuleInfo cost memory 0.04815673828125
[2026-10-01T07:59:36.589] [DEBUG] debug-file - runTaskFromQueue task cost before running: 88 ms 
[2026-10-01T07:59:36.589] [INFO] debug-file - Finished :entry:default@CreateModuleInfo... after 1 ms 
[2026-10-01T07:59:36.589] [DEBUG] debug-file - Executing task :entry:default@GenerateMetadata
[2026-10-01T07:59:36.590] [DEBUG] debug-file - Task 'entry:default@GenerateMetadata' cost while wrapping incremental declarations: 1 ms 
[2026-10-01T07:59:36.590] [DEBUG] debug-file - Incremental task entry:default@GenerateMetadata pre-execution cost: 1 ms .
[2026-10-01T07:59:36.590] [DEBUG] debug-file - entry : default@GenerateMetadata cost memory 0.07586669921875
[2026-10-01T07:59:36.590] [INFO] debug-file - UP-TO-DATE :entry:default@GenerateMetadata...  
[2026-10-01T07:59:36.591] [DEBUG] debug-file - Executing task :entry:default@ConfigureCmake
[2026-10-01T07:59:36.591] [DEBUG] debug-file - entry : default@ConfigureCmake cost memory 0.01461029052734375
[2026-10-01T07:59:36.591] [DEBUG] debug-file - runTaskFromQueue task cost before running: 91 ms 
[2026-10-01T07:59:36.591] [INFO] debug-file - Finished :entry:default@ConfigureCmake... after 1 ms 
[2026-10-01T07:59:36.592] [DEBUG] debug-file - Executing task :entry:default@MergeProfile
[2026-10-01T07:59:36.592] [DEBUG] debug-file - Task 'entry:default@MergeProfile' cost while wrapping incremental declarations: 1 ms 
[2026-10-01T07:59:36.593] [DEBUG] debug-file - Incremental task entry:default@MergeProfile pre-execution cost: 1 ms .
[2026-10-01T07:59:36.593] [DEBUG] debug-file - entry : default@MergeProfile cost memory 0.1280975341796875
[2026-10-01T07:59:36.593] [INFO] debug-file - UP-TO-DATE :entry:default@MergeProfile...  
[2026-10-01T07:59:36.593] [DEBUG] debug-file - Executing task :entry:default@CreateBuildProfile
[2026-10-01T07:59:36.594] [DEBUG] debug-file - Task 'entry:default@CreateBuildProfile' cost while wrapping incremental declarations: 1 ms 
[2026-10-01T07:59:36.594] [DEBUG] debug-file - Incremental task entry:default@CreateBuildProfile pre-execution cost: 1 ms .
[2026-10-01T07:59:36.594] [DEBUG] debug-file - entry : default@CreateBuildProfile cost memory 0.09458160400390625
[2026-10-01T07:59:36.594] [INFO] debug-file - UP-TO-DATE :entry:default@CreateBuildProfile...  
[2026-10-01T07:59:36.595] [DEBUG] debug-file - Executing task :entry:default@PreCheckSyscap
[2026-10-01T07:59:36.595] [DEBUG] debug-file - entry : default@PreCheckSyscap cost memory 0.0148773193359375
[2026-10-01T07:59:36.595] [DEBUG] debug-file - runTaskFromQueue task cost before running: 94 ms 
[2026-10-01T07:59:36.595] [INFO] debug-file - Finished :entry:default@PreCheckSyscap... after 1 ms 
[2026-10-01T07:59:36.595] [DEBUG] debug-file - Executing task :entry:default@GeneratePkgContextInfo
[2026-10-01T07:59:36.597] [DEBUG] debug-file - Task 'entry:default@GeneratePkgContextInfo' cost while wrapping incremental declarations: 1 ms 
[2026-10-01T07:59:36.597] [DEBUG] debug-file - Incremental task entry:default@GeneratePkgContextInfo pre-execution cost: 1 ms .
[2026-10-01T07:59:36.597] [DEBUG] debug-file - entry : default@GeneratePkgContextInfo cost memory 0.2178497314453125
[2026-10-01T07:59:36.598] [INFO] debug-file - UP-TO-DATE :entry:default@GeneratePkgContextInfo...  
[2026-10-01T07:59:36.598] [DEBUG] debug-file - Executing task :entry:default@GeneratePkgSdkInfo
[2026-10-01T07:59:36.599] [DEBUG] debug-file - Task 'entry:default@GeneratePkgSdkInfo' cost while wrapping incremental declarations: 1 ms 
[2026-10-01T07:59:36.600] [DEBUG] debug-file - entry : default@GeneratePkgSdkInfo cost memory 0.099700927734375
[2026-10-01T07:59:36.600] [DEBUG] debug-file - runTaskFromQueue task cost before running: 99 ms 
[2026-10-01T07:59:36.600] [INFO] debug-file - Finished :entry:default@GeneratePkgSdkInfo... after 2 ms 
[2026-10-01T07:59:36.601] [DEBUG] debug-file - Executing task :entry:default@ProcessIntegratedHsp
[2026-10-01T07:59:36.602] [DEBUG] debug-file - entry:default@ProcessIntegratedHsp is not up-to-date, since the output file 'E:\BiliMusic\HarmonyOS-Phone\build\cache\default\integrated_hsp\integratedHspCache.json' does not exist.
[2026-10-01T07:59:36.602] [DEBUG] debug-file - Incremental task entry:default@ProcessIntegratedHsp pre-execution cost: 1 ms .
[2026-10-01T07:59:36.602] [DEBUG] debug-file - entry : default@ProcessIntegratedHsp cost memory 0.0492706298828125
[2026-10-01T07:59:36.602] [DEBUG] debug-file - runTaskFromQueue task cost before running: 102 ms 
[2026-10-01T07:59:36.603] [INFO] debug-file - Finished :entry:default@ProcessIntegratedHsp... after 1 ms 
[2026-10-01T07:59:36.604] [DEBUG] debug-file - Executing task :entry:default@BuildNativeWithCmake
[2026-10-01T07:59:36.604] [DEBUG] debug-file - entry : default@BuildNativeWithCmake cost memory 0.01464080810546875
[2026-10-01T07:59:36.604] [DEBUG] debug-file - runTaskFromQueue task cost before running: 104 ms 
[2026-10-01T07:59:36.604] [INFO] debug-file - Finished :entry:default@BuildNativeWithCmake... after 1 ms 
[2026-10-01T07:59:36.608] [DEBUG] debug-file - Executing task :entry:default@MakePackInfo
[2026-10-01T07:59:36.610] [DEBUG] debug-file - Incremental task entry:default@MakePackInfo pre-execution cost: 2 ms .
[2026-10-01T07:59:36.610] [DEBUG] debug-file - entry : default@MakePackInfo cost memory 0.1026763916015625
[2026-10-01T07:59:36.610] [INFO] debug-file - UP-TO-DATE :entry:default@MakePackInfo...  
[2026-10-01T07:59:36.611] [DEBUG] debug-file - Executing task :entry:default@SyscapTransform
[2026-10-01T07:59:36.611] [DEBUG] debug-file - File: 'E:\BiliMusic\HarmonyOS-Phone\entry\src\main\syscap.json' from 'sysCapJsonPath' is not exists, just ignore.
[2026-10-01T07:59:36.611] [DEBUG] debug-file - Task 'entry:default@SyscapTransform' cost while wrapping incremental declarations: 1 ms 
[2026-10-01T07:59:36.612] [DEBUG] debug-file - entry:default@SyscapTransform is not up-to-date, since the output file 'E:\BiliMusic\HarmonyOS-Phone\entry\build\default\intermediates\syscap\default\rpcid.sc' does not exist.
[2026-10-01T07:59:36.612] [DEBUG] debug-file - Incremental task entry:default@SyscapTransform pre-execution cost: 1 ms .
[2026-10-01T07:59:36.612] [DEBUG] debug-file - entry : default@SyscapTransform cost memory 0.1184234619140625
[2026-10-01T07:59:36.612] [DEBUG] debug-file - runTaskFromQueue task cost before running: 112 ms 
[2026-10-01T07:59:36.612] [INFO] debug-file - Finished :entry:default@SyscapTransform... after 2 ms 
[2026-10-01T07:59:36.613] [DEBUG] debug-file - Executing task :entry:default@ProcessProfile
[2026-10-01T07:59:36.614] [DEBUG] debug-file - Task 'entry:default@ProcessProfile' cost while wrapping incremental declarations: 1 ms 
[2026-10-01T07:59:36.615] [DEBUG] debug-file - Incremental task entry:default@ProcessProfile pre-execution cost: 1 ms .
[2026-10-01T07:59:36.615] [DEBUG] debug-file - entry : default@ProcessProfile cost memory 0.12764739990234375
[2026-10-01T07:59:36.615] [INFO] debug-file - UP-TO-DATE :entry:default@ProcessProfile...  
[2026-10-01T07:59:36.616] [DEBUG] debug-file - Executing task :entry:default@ProcessRouterMap
[2026-10-01T07:59:36.618] [DEBUG] debug-file - Incremental task entry:default@ProcessRouterMap pre-execution cost: 2 ms .
[2026-10-01T07:59:36.618] [DEBUG] debug-file - entry : default@ProcessRouterMap cost memory 0.12834930419921875
[2026-10-01T07:59:36.619] [INFO] debug-file - UP-TO-DATE :entry:default@ProcessRouterMap...  
[2026-10-01T07:59:36.620] [DEBUG] debug-file - Executing task :entry:default@ProcessShareConfig
[2026-10-01T07:59:36.621] [DEBUG] debug-file - Incremental task entry:default@ProcessShareConfig pre-execution cost: 1 ms .
[2026-10-01T07:59:36.621] [DEBUG] debug-file - entry : default@ProcessShareConfig cost memory 0.10569000244140625
[2026-10-01T07:59:36.622] [INFO] debug-file - UP-TO-DATE :entry:default@ProcessShareConfig...  
[2026-10-01T07:59:36.622] [DEBUG] debug-file - Executing task :entry:default@ProcessStartupConfig
[2026-10-01T07:59:36.622] [DEBUG] debug-file - Task 'entry:default@ProcessStartupConfig' cost while wrapping incremental declarations: 1 ms 
[2026-10-01T07:59:36.624] [DEBUG] debug-file - entry:default@ProcessStartupConfig is not up-to-date, since the output file 'E:\BiliMusic\HarmonyOS-Phone\entry\build\default\intermediates\startup\default\startup_config.json' does not exist.
[2026-10-01T07:59:36.624] [DEBUG] debug-file - Incremental task entry:default@ProcessStartupConfig pre-execution cost: 2 ms .
[2026-10-01T07:59:36.625] [DEBUG] debug-file - entry : default@ProcessStartupConfig cost memory 0.116973876953125
[2026-10-01T07:59:36.625] [DEBUG] debug-file - runTaskFromQueue task cost before running: 124 ms 
[2026-10-01T07:59:36.625] [INFO] debug-file - Finished :entry:default@ProcessStartupConfig... after 3 ms 
[2026-10-01T07:59:36.626] [DEBUG] debug-file - Executing task :entry:default@BuildNativeWithNinja
[2026-10-01T07:59:36.626] [DEBUG] debug-file - entry : default@BuildNativeWithNinja cost memory 0.019378662109375
[2026-10-01T07:59:36.626] [DEBUG] debug-file - runTaskFromQueue task cost before running: 126 ms 
[2026-10-01T07:59:36.626] [INFO] debug-file - Finished :entry:default@BuildNativeWithNinja... after 1 ms 
[2026-10-01T07:59:36.627] [DEBUG] debug-file - restool module names: entry; moduleName=entry, taskName=default@ProcessResource
[2026-10-01T07:59:36.628] [DEBUG] debug-file - Executing task :entry:default@ProcessResource
[2026-10-01T07:59:36.628] [DEBUG] debug-file - Task 'entry:default@ProcessResource' cost while wrapping incremental declarations: 1 ms 
[2026-10-01T07:59:36.629] [DEBUG] debug-file - Incremental task entry:default@ProcessResource pre-execution cost: 1 ms .
[2026-10-01T07:59:36.629] [DEBUG] debug-file - entry : default@ProcessResource cost memory 0.11107635498046875
[2026-10-01T07:59:36.630] [INFO] debug-file - UP-TO-DATE :entry:default@ProcessResource...  
[2026-10-01T07:59:36.631] [DEBUG] debug-file - Executing task :entry:default@GenerateLoaderJson
[2026-10-01T07:59:36.632] [DEBUG] debug-file - Task 'entry:default@GenerateLoaderJson' cost while wrapping incremental declarations: 1 ms 
[2026-10-01T07:59:36.640] [DEBUG] debug-file - Incremental task entry:default@GenerateLoaderJson pre-execution cost: 3 ms .
[2026-10-01T07:59:36.640] [DEBUG] debug-file - entry : default@GenerateLoaderJson cost memory 0.32628631591796875
[2026-10-01T07:59:36.642] [INFO] debug-file - UP-TO-DATE :entry:default@GenerateLoaderJson...  
[2026-10-01T07:59:36.642] [DEBUG] debug-file - Executing task :entry:default@ProcessLibs
[2026-10-01T07:59:36.643] [DEBUG] debug-file - Task 'entry:default@ProcessLibs' cost while wrapping incremental declarations: 1 ms 
[2026-10-01T07:59:36.644] [DEBUG] debug-file - Incremental task entry:default@ProcessLibs pre-execution cost: 1 ms .
[2026-10-01T07:59:36.644] [DEBUG] debug-file - entry : default@ProcessLibs cost memory 0.09246826171875
[2026-10-01T07:59:36.644] [INFO] debug-file - UP-TO-DATE :entry:default@ProcessLibs...  
[2026-10-01T07:59:36.645] [DEBUG] debug-file - restool module names: entry; moduleName=entry, taskName=default@CompileResource
[2026-10-01T07:59:36.645] [DEBUG] debug-file - Executing task :entry:default@CompileResource
[2026-10-01T07:59:36.648] [DEBUG] debug-file - entry:default@CompileResource is not up-to-date, since the input file 'E:\BiliMusic\HarmonyOS-Phone\entry\src\main\resources' has been changed.
[2026-10-01T07:59:36.649] [DEBUG] debug-file - Incremental task entry:default@CompileResource pre-execution cost: 3 ms .
[2026-10-01T07:59:36.652] [DEBUG] debug-file - Use tool [E:\Program Files\Huawei\DevEco Studio\sdk\default\openharmony\toolchains\restool.exe]
 [
  'E:\\Program Files\\Huawei\\DevEco Studio\\sdk\\default\\openharmony\\toolchains\\restool.exe',
  '-l',
  'E:\\BiliMusic\\HarmonyOS-Phone\\entry\\build\\default\\intermediates\\res\\default\\resConfig.json'
]
[2026-10-01T07:59:36.653] [DEBUG] debug-file - current process  memoryUsage: {
  rss: 571785216,
  heapTotal: 130187264,
  heapUsed: 122338632,
  external: 3966230,
  arrayBuffers: 28513
} os memoryUsage :14.504989624023438
[2026-10-01T07:59:36.703] [DEBUG] debug-file - Info: Pack: normal pack mode

[2026-10-01T07:59:36.789] [DEBUG] debug-file - Info: hardware concurrency count is : 12
Info: thread count is : 12

[2026-10-01T07:59:36.789] [DEBUG] debug-file - Info: thread pool is started

[2026-10-01T07:59:36.790] [DEBUG] debug-file - Info: GenericCompiler::CompileFiles

[2026-10-01T07:59:36.795] [DEBUG] debug-file - Info: GenericCompiler::CompileFiles
Warning: 'E:\BiliMusic\HarmonyOS-Phone\entry\src\main\resources\base\media\app_icon.png' is defined repeatedly.

[2026-10-01T07:59:36.796] [DEBUG] debug-file - Info: GenericCompiler::CompileFiles

[2026-10-01T07:59:36.800] [DEBUG] debug-file - 10-01 07:59:36.801 20312 18680 I C01400/SvgDecodeUtils: SvgDecodeUtils::IsSvgFormat probe svg format, path:E:\BiliMusic\HarmonyOS-Phone\AppScope\resources\base\media\app_icon.png.

[2026-10-01T07:59:36.800] [DEBUG] debug-file - 10-01 07:59:36.801 20312 18680 E C01400/ImageTranscoderUtils: DecodeToRGBA IN
10-01 07:59:36.801 20312 18680 I C01400/SvgDecodeUtils: SvgDecodeUtils::IsSvgFormat probe svg format, path:E:\BiliMusic\HarmonyOS-Phone\AppScope\resources\base\media\app_icon.png.

[2026-10-01T07:59:36.801] [DEBUG] debug-file - 10-01 07:59:36.801 20312 18680 E C01400/ImageTranscoderUtils: ImageFilter IN E:\BiliMusic\HarmonyOS-Phone\AppScope\resources\base\media\app_icon.png

[2026-10-01T07:59:36.804] [DEBUG] debug-file - 10-01 07:59:36.805 20312 18680 E C01400/ImageTranscoder: TranscodeSLR Only zoom-out is supported.

[2026-10-01T07:59:36.805] [DEBUG] debug-file - Warning: ScaleImage failed, error message: INVALID_PARAMETERS, file path = E:\BiliMusic\HarmonyOS-Phone\AppScope\resources\base\media\app_icon.png

[2026-10-01T07:59:36.806] [DEBUG] debug-file - Warning: The width or height of the png file referenced by the icon exceeds the limit (41 pixels)
at E:\BiliMusic\HarmonyOS-Phone\AppScope\resources\base\media\app_icon.png

[2026-10-01T07:59:36.806] [DEBUG] debug-file - Warning: The width or height of the png file referenced by the startWindowIcon exceeds the limit (144 pixels)
at E:\BiliMusic\HarmonyOS-Phone\AppScope\resources\base\media\app_icon.png

[2026-10-01T07:59:36.808] [DEBUG] debug-file - Info: restool resources compile success.

[2026-10-01T07:59:36.808] [DEBUG] debug-file - Info: thread pool is stopped

[2026-10-01T07:59:36.873] [WARN] debug-file - Warning: 'EntryAbility_desc' conflict, first declared.
at E:\BiliMusic\HarmonyOS-Phone\AppScope\resources\base\element\string.json
but declared again.
at E:\BiliMusic\HarmonyOS-Phone\entry\src\main\resources\base\element\string.json
Warning: 'EntryAbility_label' conflict, first declared.
at E:\BiliMusic\HarmonyOS-Phone\AppScope\resources\base\element\string.json
but declared again.
at E:\BiliMusic\HarmonyOS-Phone\entry\src\main\resources\base\element\string.json
Warning: 'module_desc' conflict, first declared.
at E:\BiliMusic\HarmonyOS-Phone\AppScope\resources\base\element\string.json
but declared again.
at E:\BiliMusic\HarmonyOS-Phone\entry\src\main\resources\base\element\string.json

[2026-10-01T07:59:36.874] [DEBUG] debug-file - entry : default@CompileResource cost memory -0.8549957275390625
[2026-10-01T07:59:36.875] [DEBUG] debug-file - runTaskFromQueue task cost before running: 374 ms 
[2026-10-01T07:59:36.875] [INFO] debug-file - Finished :entry:default@CompileResource... after 230 ms 
[2026-10-01T07:59:36.876] [DEBUG] debug-file - Executing task :entry:default@DoNativeStrip
[2026-10-01T07:59:36.876] [DEBUG] debug-file - File: 'E:\BiliMusic\HarmonyOS-Phone\entry\build\default\intermediates\binxo\default' from 'doBinxoNativeLibs' is not exists, just ignore.
[2026-10-01T07:59:36.877] [DEBUG] debug-file - Task 'entry:default@DoNativeStrip' cost while wrapping incremental declarations: 1 ms 
[2026-10-01T07:59:36.877] [DEBUG] debug-file - Incremental task entry:default@DoNativeStrip pre-execution cost: 1 ms .
[2026-10-01T07:59:36.877] [DEBUG] debug-file - entry : default@DoNativeStrip cost memory 0.07470703125
[2026-10-01T07:59:36.878] [INFO] debug-file - UP-TO-DATE :entry:default@DoNativeStrip...  
[2026-10-01T07:59:36.878] [DEBUG] debug-file - Executing task :entry:default@CompileArkTS
[2026-10-01T07:59:36.879] [DEBUG] debug-file - obfuscationOptions: undefined
[2026-10-01T07:59:36.879] [DEBUG] debug-file - Task 'entry:default@CompileArkTS' cost while wrapping incremental declarations: 1 ms 
[2026-10-01T07:59:36.882] [DEBUG] debug-file - entry:default@CompileArkTS is not up-to-date, since the input file 'E:\BiliMusic\HarmonyOS-Phone\entry\build\default\intermediates\res\default\ResourceTable.txt' has been changed.
[2026-10-01T07:59:36.882] [DEBUG] debug-file - Incremental task entry:default@CompileArkTS pre-execution cost: 3 ms .
[2026-10-01T07:59:36.888] [DEBUG] debug-file - build config:
[2026-10-01T07:59:36.888] [DEBUG] debug-file - {
  moduleType: 'entry',
  perf: 0,
  targetName: '.default',
  packageManagerType: 'ohpm',
  localPropertiesPath: 'E:\\BiliMusic\\HarmonyOS-Phone\\local.properties',
  isPreview: false,
  isOhosTest: false,
  isLocalTest: false,
  buildMode: 'Debug',
  hotReloadBuild: undefined,
  watchMode: 'false',
  aceProfilePath: 'E:\\BiliMusic\\HarmonyOS-Phone\\entry\\build\\default\\intermediates\\res\\default\\resources\\base\\profile',
  etsLoaderPath: 'E:\\Program Files\\Huawei\\DevEco Studio\\sdk\\default\\openharmony\\ets\\build-tools\\ets-loader',
  modulePath: 'E:\\BiliMusic\\HarmonyOS-Phone\\entry',
  testFrameworkPar: {
    testMode: undefined,
    coveragePathFilter: undefined,
    coverageMode: undefined
  },
  needCoverageInsert: false,
  debugLine: false,
  projectTopDir: 'E:\\BiliMusic\\HarmonyOS-Phone',
  compileSdkVersion: 26,
  compatibleSdkVersion: 23,
  originCompatibleSdkVersion: '6.1.0(23)',
  compatibleSdkVersionStage: undefined,
  bundleName: 'c***c',
  etsLoaderVersion: '26.0.0.105',
  etsLoaderReleaseType: 'Release',
  aotCompileMode: 'type',
  apPath: 'E:\\BiliMusic\\HarmonyOS-Phone\\entry\\modules.ap',
  entryModuleName: 'entry',
  entryModuleVersion: '1.0.0',
  entryPackageName: 'entry',
  allModuleNameHash: '1fb86d416fab12e52c2c8a33b6437b4d1df774ceea39dccf98e38fe553734155',
  externalApiPaths: [
    'E:\\Program Files\\Huawei\\DevEco Studio\\sdk\\default\\hms\\ets'
  ],
  compilerTypes: [],
  isCrossplatform: false,
  hvigorPluginFile: undefined,
  compilePluginPath: undefined,
  buildGeneratedProfilePath: 'E:\\BiliMusic\\HarmonyOS-Phone\\entry\\build\\default\\generated\\profile\\default',
  bundleType: 'app',
  arkTSVersion: undefined,
  apiVersion: 26,
  needCompleteSourcesMap: false,
  isFaMode: false,
  buildDir: 'E:\\BiliMusic\\HarmonyOS-Phone\\entry\\build',
  buildCacheProjectDir: 'E:\\BiliMusic\\HarmonyOS-Phone',
  deviceTypes: [ 'phone' ],
  pkgContextInfo: {
    '@ohos/hypium': {
      packageName: '@ohos/hypium',
      bundleName: '*****',
      moduleName: '',
      version: '1.0.19',
      entryPath: 'index.js',
      isSO: false,
      dependencyAlias: ''
    },
    '@ohos/hamock': {
      packageName: '@ohos/hamock',
      bundleName: '*****',
      moduleName: '',
      version: '1.0.0',
      entryPath: 'index.ets',
      isSO: false,
      dependencyAlias: ''
    },
    entry: {
      packageName: 'entry',
      bundleName: '*****',
      moduleName: '',
      version: '',
      entryPath: 'src/main/',
      isSO: false,
      dependencyAlias: ''
    }
  },
  ohPackagePathMap: {},
  dependencyAliasMap: {},
  permission: {
    requestPermissions: [ [Object], [Object], [Object] ],
    definePermissions: undefined
  },
  useGetCurrentBundleName: false,
  projectArkOption: undefined,
  sourceMapDir: undefined,
  branchElimination: false,
  transformLib: undefined,
  tsImportSendable: false,
  resolveConflictMode: true,
  depName2RootPath: {},
  depName2DepInfo: {},
  depName2OhExports: {},
  rootPathSet: [ 'E:\\BiliMusic\\HarmonyOS-Phone' ],
  useNativeResolver: true,
  shouldEmitJs: true,
  useUnifiedAst: false,
  useTscResolve: false,
  singleFileEmit: false,
  userProjectConfig: {
    autoLazyImport: false,
    allowEmptyBundleName: false,
    reExportCheckMode: 'noCheck',
    executionMode: 'memory',
    usePathPlaceholder: false,
    writeRollupCache: true,
    isExpandImportEnabled: false,
    expandImportExclude: '',
    lazyImportExclude: '',
    lazyImportInclude: '',
    ignoreCrossplatformCheck: false,
    isHarDeduplicateEnabled: false,
    skipOhModulesLint: false,
    enableStrictCheckOHModule: false,
    disableSendableCheckRules: [],
    useDeclarationFileSignature: false,
    customizedOptions: undefined,
    integratedHsp: false,
    tsImportSoCheck: false,
    isPreloadSoEnabled: false
  },
  executionMode: 'memory',
  arkCompileCachePath: 'E:\\BiliMusic\\HarmonyOS-Phone\\entry\\build\\default\\cache\\default\\default@CompileArkTS\\esmodule',
  autoLazyFilter: undefined,
  isHarDeduplicateEnabled: false,
  intermediateHarDuplicateDirPath: 'E:\\BiliMusic\\HarmonyOS-Phone\\entry\\build\\default\\intermediates\\har_duplicate\\default',
  autoLazyImport: false,
  allowEmptyBundleName: false,
  reExportCheckMode: 'noCheck',
  usePathPlaceholder: false,
  writeRollupCache: true,
  isExpandImportEnabled: false,
  expandImportExclude: '',
  lazyImportExclude: '',
  lazyImportInclude: '',
  ignoreCrossplatformCheck: false,
  skipOhModulesLint: false,
  enableStrictCheckOHModule: false,
  disableSendableCheckRules: [],
  useDeclarationFileSignature: false,
  customizedOptions: undefined,
  integratedHsp: false,
  tsImportSoCheck: false,
  isPreloadSoEnabled: false,
  strictMode: {
    caseSensitiveCheck: true,
    useNormalizedOHMUrl: true,
    noExternalImportByPath: true
  },
  useNormalizedOHMUrl: true,
  caseSensitiveCheck: true,
  strictCheckerOnly: false,
  aceModuleJsonPath: 'E:\\BiliMusic\\HarmonyOS-Phone\\entry\\build\\default\\intermediates\\res\\default\\ark_module.json',
  appResource: 'E:\\BiliMusic\\HarmonyOS-Phone\\entry\\build\\default\\intermediates\\res\\default\\ResourceTable.txt',
  rawFileResource: 'E:\\BiliMusic\\HarmonyOS-Phone\\entry\\build\\default\\intermediates\\res\\default\\resources\\rawfile',
  resourceTableHash: 'fe470c88277afbf2c5059a77110b6767eceea53ca078e8e0aae0ebf1f15534fa',
  runtimeOS: 'HarmonyOS',
  sdkInfo: 'false:26:26.0.0.105:Release',
  aceModuleRoot: 'E:\\BiliMusic\\HarmonyOS-Phone\\entry\\src\\main\\ets',
  compileMode: 'esmodule',
  aceSuperVisualPath: 'E:\\BiliMusic\\HarmonyOS-Phone\\entry\\src\\main\\supervisual',
  aceBuildJson: 'E:\\BiliMusic\\HarmonyOS-Phone\\entry\\build\\default\\intermediates\\loader\\default\\loader.json',
  cachePath: 'E:\\BiliMusic\\HarmonyOS-Phone\\entry\\build\\default\\cache\\default\\default@CompileArkTS\\esmodule\\debug',
  aceModuleBuild: 'E:\\BiliMusic\\HarmonyOS-Phone\\entry\\build\\default\\intermediates\\loader_out\\default\\ets',
  supportChunks: true,
  declaredFilesPath: undefined,
  shouldCollectDirectImportees: false,
  isByteCodeHarOptimize: false,
  expandImportPath: undefined,
  resourceTableTs: 'E:\\BiliMusic\\HarmonyOS-Phone\\entry\\build\\default\\generated\\r\\default\\ResourceTable.ts',
  moduleMetaInfoFiles: [
    {
      filePath: 'E:\\BiliMusic\\HarmonyOS-Phone\\entry\\build\\default\\generated\\r\\default\\ResourceTable.ts',
      ohmurl: '&entry/build/generated/r/ResourceTable&'
    }
  ],
  pkgNameToPkgBriefInfo: {
    entry: {
      pkgRoot: 'E:\\BiliMusic\\HarmonyOS-Phone\\entry',
      originalSourceRoots: undefined,
      sourceRoots: [Array],
      pkgName: 'entry'
    }
  },
  projectModel: {
    'E:\\BiliMusic\\HarmonyOS-Phone\\entry\\src\\main': {
      moduleName: 'entry',
      modulePkgPath: 'E:\\BiliMusic\\HarmonyOS-Phone\\entry',
      belongProjectPath: 'E:\\BiliMusic\\HarmonyOS-Phone'
    },
    'E:\\BiliMusic\\HarmonyOS-Phone\\entry': {
      moduleName: 'entry',
      modulePkgPath: 'E:\\BiliMusic\\HarmonyOS-Phone\\entry',
      belongProjectPath: 'E:\\BiliMusic\\HarmonyOS-Phone'
    },
    'E:\\BiliMusic\\HarmonyOS-Phone': {
      moduleName: 'HarmonyOS-Phone',
      modulePkgPath: 'E:\\BiliMusic\\HarmonyOS-Phone',
      belongProjectPath: 'E:\\BiliMusic\\HarmonyOS-Phone'
    }
  },
  pkgJsonFileHash: 'a3d462a761ea7d0350a74ef0a1754da6bd9797b955aaf1e19b1dcad95c0dbc08',
  allModulePaths: [ 'E:\\BiliMusic\\HarmonyOS-Phone\\entry' ],
  routerMap: {},
  obfuscationOptions: undefined,
  byteCodeHarToDependencyKeys: undefined,
  compileBlockPkg: [],
  mockParams: {
    decorator: '@MockSetup',
    packageName: '@ohos/hamock',
    etsSourceRootPath: 'src/main/ets',
    mockConfigPath: undefined,
    mockConfigKey2ModuleInfo: {},
    source2ModuleIdMap: {}
  },
  copyCodeResourceEnable: true,
  copyCodeResourceExcludes: [],
  copyCodeResourceIncludes: undefined,
  uiTransformOptimization: false,
  sdkPath: 'E:/Program Files/Huawei/DevEco Studio/sdk',
  needPreloadSoFileSet: {},
  preloadSoFilePath: 'E:\\BiliMusic\\HarmonyOS-Phone\\entry\\build\\default\\intermediates\\preload\\default\\preload.json',
  useSourceHash: false,
  localModuleParamMap: {},
  otherPaths: {
    'entry/*': [
      '..\\*',
      '..\\..\\..\\build\\default\\generated\\profile\\default\\*'
    ]
  },
  collectImportersConfig: undefined
}
[2026-10-01T07:59:36.889] [DEBUG] debug-file - Compile arkts with external api path: E:\Program Files\Huawei\DevEco Studio\sdk\default\hms\ets
[2026-10-01T07:59:36.889] [DEBUG] debug-file - before submitting ArkTS compile task to worker pool, config.buildDir: E:\BiliMusic\HarmonyOS-Phone\entry\build
[2026-10-01T07:59:36.889] [DEBUG] debug-file - default@CompileArkTS work[3] is submitted.
[2026-10-01T07:59:36.889] [DEBUG] debug-file - default@CompileArkTS work[3] is pushed to ready queue.
[2026-10-01T07:59:36.890] [DEBUG] debug-file - A work dispatched to worker[11] failed because unable to get work from ready queue.
[2026-10-01T07:59:36.890] [DEBUG] debug-file - A work dispatched to worker[10] failed because unable to get work from ready queue.
[2026-10-01T07:59:36.890] [DEBUG] debug-file - A work dispatched to worker[9] failed because unable to get work from ready queue.
[2026-10-01T07:59:36.890] [DEBUG] debug-file - A work dispatched to worker[8] failed because unable to get work from ready queue.
[2026-10-01T07:59:36.890] [DEBUG] debug-file - A work dispatched to worker[7] failed because unable to get work from ready queue.
[2026-10-01T07:59:36.890] [DEBUG] debug-file - A work dispatched to worker[6] failed because unable to get work from ready queue.
[2026-10-01T07:59:36.890] [DEBUG] debug-file - A work dispatched to worker[5] failed because unable to get work from ready queue.
[2026-10-01T07:59:36.890] [DEBUG] debug-file - default@CompileArkTS work[3] has been dispatched to worker[4].
[2026-10-01T07:59:36.890] [DEBUG] debug-file - default@CompileArkTS work[3] is dispatched.
[2026-10-01T07:59:36.890] [DEBUG] debug-file - CopyResources startTime: 5808800805000
[2026-10-01T07:59:36.890] [DEBUG] debug-file - default@CompileArkTS work[4] is submitted.
[2026-10-01T07:59:36.890] [DEBUG] debug-file - default@CompileArkTS work[4] is pushed to ready queue.
[2026-10-01T07:59:36.890] [DEBUG] debug-file - A work dispatched to worker[11] failed because unable to get work from ready queue.
[2026-10-01T07:59:36.891] [DEBUG] debug-file - Create  resident worker with id: 10.
[2026-10-01T07:59:36.892] [DEBUG] debug-file - default@CompileArkTS work[4] has been dispatched to worker[10].
[2026-10-01T07:59:36.892] [DEBUG] debug-file - default@CompileArkTS work[4] is dispatched.
[2026-10-01T07:59:36.892] [DEBUG] debug-file - entry : default@CompileArkTS cost memory 1.104827880859375
[2026-10-01T07:59:36.893] [DEBUG] debug-file - Executing task :entry:default@BuildJS
[2026-10-01T07:59:36.893] [DEBUG] debug-file - Task 'entry:default@BuildJS' cost while wrapping incremental declarations: 1 ms 
[2026-10-01T07:59:36.894] [DEBUG] debug-file - entry : default@BuildJS cost memory 0.13421630859375
[2026-10-01T07:59:36.895] [DEBUG] debug-file - runTaskFromQueue task cost before running: 394 ms 
[2026-10-01T07:59:36.895] [INFO] debug-file - Finished :entry:default@BuildJS... after 2 ms 
[2026-10-01T07:59:36.896] [DEBUG] debug-file - Executing task :entry:default@CacheNativeLibs
[2026-10-01T07:59:36.896] [DEBUG] debug-file - File: 'E:\BiliMusic\HarmonyOS-Phone\entry\build\default\intermediates\binxo\default' from 'cacheBinxoNativeLibs' is not exists, just ignore.
[2026-10-01T07:59:36.896] [DEBUG] debug-file - Task 'entry:default@CacheNativeLibs' cost while wrapping incremental declarations: 1 ms 
[2026-10-01T07:59:36.897] [DEBUG] debug-file - Incremental task entry:default@CacheNativeLibs pre-execution cost: 1 ms .
[2026-10-01T07:59:36.897] [DEBUG] debug-file - entry : default@CacheNativeLibs cost memory 0.08782958984375
[2026-10-01T07:59:36.898] [INFO] debug-file - UP-TO-DATE :entry:default@CacheNativeLibs...  
[2026-10-01T07:59:37.651] [DEBUG] debug-file - worker[10] has one work done.
[2026-10-01T07:59:37.651] [DEBUG] debug-file - CopyResources is end, endTime: 5809561503400
[2026-10-01T07:59:37.651] [DEBUG] debug-file - default@CompileArkTS work[4] done.
[2026-10-01T07:59:37.651] [DEBUG] debug-file - A work dispatched to worker[10] failed because unable to get work from ready queue.
[2026-10-01T07:59:44.989] [WARN] debug-file - [33mWARN: [33m[33mArkTS:WARN File: E:/BiliMusic/HarmonyOS-Phone/entry/src/main/ets/utils/MaterialCompat.ets:123:29
 Classes cannot be used as objects (arkts-no-classes-as-obj)
[39m[39m
[33mWARN: [33m[33mArkTS:WARN File: E:/BiliMusic/HarmonyOS-Phone/entry/src/main/ets/pages/Index.ets:375:31
 Classes cannot be used as objects (arkts-no-classes-as-obj)
[39m[39m
[33mWARN: [33m[33mArkTS:WARN: For details about ArkTS syntax errors, see FAQs[39m[39m
[33mWARN: [33m[33mArkTS:WARN File: E:/BiliMusic/HarmonyOS-Phone/entry/src/main/ets/preferences/AppPreferences.ts:32:39
 Function may throw exceptions. Special handling is required.
[39m[39m
[33mWARN: [33m[33mArkTS:WARN File: E:/BiliMusic/HarmonyOS-Phone/entry/src/main/ets/preferences/AppPreferences.ts:44:11
 Function may throw exceptions. Special handling is required.
[39m[39m
[33mWARN: [33m[33mArkTS:WARN File: E:/BiliMusic/HarmonyOS-Phone/entry/src/main/ets/preferences/AppPreferences.ts:45:11
 Function may throw exceptions. Special handling is required.
[39m[39m
[33mWARN: [33m[33mArkTS:WARN File: E:/BiliMusic/HarmonyOS-Phone/entry/src/main/ets/preferences/AppPreferences.ts:50:11
 Function may throw exceptions. Special handling is required.
[39m[39m
[33mWARN: [33m[33mArkTS:WARN File: E:/BiliMusic/HarmonyOS-Phone/entry/src/main/ets/preferences/AppPreferences.ts:51:11
 Function may throw exceptions. Special handling is required.
[39m[39m
[33mWARN: [33m[33mArkTS:WARN File: E:/BiliMusic/HarmonyOS-Phone/entry/src/main/ets/preferences/AppPreferences.ts:56:11
 Function may throw exceptions. Special handling is required.
[39m[39m
[33mWARN: [33m[33mArkTS:WARN File: E:/BiliMusic/HarmonyOS-Phone/entry/src/main/ets/preferences/AppPreferences.ts:57:11
 Function may throw exceptions. Special handling is required.
[39m[39m
[33mWARN: [33m[33mArkTS:WARN File: E:/BiliMusic/HarmonyOS-Phone/entry/src/main/ets/preferences/AppPreferences.ts:61:19
 Function may throw exceptions. Special handling is required.
[39m[39m
[33mWARN: [33m[33mArkTS:WARN File: E:/BiliMusic/HarmonyOS-Phone/entry/src/main/ets/preferences/AppPreferences.ts:65:19
 Function may throw exceptions. Special handling is required.
[39m[39m
[33mWARN: [33m[33mArkTS:WARN File: E:/BiliMusic/HarmonyOS-Phone/entry/src/main/ets/preferences/AppPreferences.ts:69:32
 Function may throw exceptions. Special handling is required.
[39m[39m
[33mWARN: [33m[33mArkTS:WARN File: E:/BiliMusic/HarmonyOS-Phone/entry/src/main/ets/preferences/AppPreferences.ts:82:11
 Function may throw exceptions. Special handling is required.
[39m[39m
[33mWARN: [33m[33mArkTS:WARN File: E:/BiliMusic/HarmonyOS-Phone/entry/src/main/ets/preferences/AppPreferences.ts:83:11
 Function may throw exceptions. Special handling is required.
[39m[39m
[33mWARN: [33m[33mArkTS:WARN File: E:/BiliMusic/HarmonyOS-Phone/entry/src/main/ets/preferences/AppPreferences.ts:150:25
 Function may throw exceptions. Special handling is required.
[39m[39m
[33mWARN: [33m[33mArkTS:WARN File: E:/BiliMusic/HarmonyOS-Phone/entry/src/main/ets/preferences/AppPreferences.ts:151:11
 Function may throw exceptions. Special handling is required.
[39m[39m
[33mWARN: [33m[33mArkTS:WARN File: E:/BiliMusic/HarmonyOS-Phone/entry/src/main/ets/preferences/AppPreferences.ts:152:11
 Function may throw exceptions. Special handling is required.
[39m[39m
[33mWARN: [33m[33mArkTS:WARN File: E:/BiliMusic/HarmonyOS-Phone/entry/src/main/ets/database/RdbHelper.ts:24:33
 Function may throw exceptions. Special handling is required.
[39m[39m
[33mWARN: [33m[33mArkTS:WARN File: E:/BiliMusic/HarmonyOS-Phone/entry/src/main/ets/database/RdbHelper.ts:26:17
 Function may throw exceptions. Special handling is required.
[39m[39m
[33mWARN: [33m[33mArkTS:WARN File: E:/BiliMusic/HarmonyOS-Phone/entry/src/main/ets/database/RdbHelper.ts:28:17
 Function may throw exceptions. Special handling is required.
[39m[39m
[33mWARN: [33m[33mArkTS:WARN File: E:/BiliMusic/HarmonyOS-Phone/entry/src/main/ets/utils/HttpUtil.ts:73:49
 Function may throw exceptions. Special handling is required.
[39m[39m
[33mWARN: [33m[33mArkTS:WARN File: E:/BiliMusic/HarmonyOS-Phone/entry/src/main/ets/player/MusicPlayer.ts:123:54
 Function may throw exceptions. Special handling is required.
[39m[39m
[33mWARN: [33m[33mArkTS:WARN File: E:/BiliMusic/HarmonyOS-Phone/entry/src/main/ets/player/MusicPlayer.ts:771:29
 The system capacity of this api 'audio' is not supported on all devices
[39m[39m
[33mWARN: [33m[33mArkTS:WARN File: E:/BiliMusic/HarmonyOS-Phone/entry/src/main/ets/player/MusicPlayer.ts:773:14
 The system capacity of this api 'audio' is not supported on all devices
[39m[39m
[33mWARN: [33m[33mArkTS:WARN File: E:/BiliMusic/HarmonyOS-Phone/entry/src/main/ets/player/MusicPlayer.ts:780:14
 The system capacity of this api 'audio' is not supported on all devices
[39m[39m
[33mWARN: [33m[33mArkTS:WARN File: E:/BiliMusic/HarmonyOS-Phone/entry/src/main/ets/player/MusicPlayer.ts:787:14
 The system capacity of this api 'audio' is not supported on all devices
[39m[39m
[33mWARN: [33m[33mArkTS:WARN File: E:/BiliMusic/HarmonyOS-Phone/entry/src/main/ets/player/MusicPlayer.ts:792:36
 The system capacity of this api 'audio' is not supported on all devices
[39m[39m
[33mWARN: [33m[33mArkTS:WARN File: E:/BiliMusic/HarmonyOS-Phone/entry/src/main/ets/player/MusicPlayer.ts:794:14
 The system capacity of this api 'audio' is not supported on all devices
[39m[39m
[33mWARN: [33m[33mArkTS:WARN File: E:/BiliMusic/HarmonyOS-Phone/entry/src/main/ets/player/MusicPlayer.ts:800:14
 The system capacity of this api 'audio' is not supported on all devices
[39m[39m
[33mWARN: [33m[33mArkTS:WARN File: E:/BiliMusic/HarmonyOS-Phone/entry/src/main/ets/player/MusicPlayer.ts:999:16
 The system capacity of this api 'media' is not supported on all devices
[39m[39m
[33mWARN: [33m[33mArkTS:WARN File: E:/BiliMusic/HarmonyOS-Phone/entry/src/main/ets/player/MusicPlayer.ts:1152:18
 The system capacity of this api 'audio' is not supported on all devices
[39m[39m
[33mWARN: [33m[33mArkTS:WARN File: E:/BiliMusic/HarmonyOS-Phone/entry/src/main/ets/player/MusicPlayer.ts:1152:24
 'ContentType' has been deprecated.
[39m[39m
[33mWARN: [33m[33mArkTS:WARN File: E:/BiliMusic/HarmonyOS-Phone/entry/src/main/ets/player/MusicPlayer.ts:1152:36
 'CONTENT_TYPE_MUSIC' has been deprecated.
[39m[39m
[33mWARN: [33m[33mArkTS:WARN File: E:/BiliMusic/HarmonyOS-Phone/entry/src/main/ets/player/MusicPlayer.ts:1153:16
 The system capacity of this api 'audio' is not supported on all devices
[39m[39m
[33mWARN: [33m[33mArkTS:WARN File: E:/BiliMusic/HarmonyOS-Phone/entry/src/main/ets/pages/Index.ets:375:31
 The 'HdsBarLayoutMode' API is supported since SDK version 6.1.1(24). However, the current compatible SDK version is 6.1.0(23).
 It is recommended to use apiAvailable to safeguard API compatibility.
[39m[39m
[33mWARN: [33m[33mArkTS:WARN File: E:/BiliMusic/HarmonyOS-Phone/entry/src/main/ets/pages/Index.ets:375:66
 The 'HdsBarLayoutMode' API is supported since SDK version 6.1.1(24). However, the current compatible SDK version is 6.1.0(23).
 It is recommended to use apiAvailable to safeguard API compatibility.
[39m[39m
[33mWARN: [33m[33mArkTS:WARN File: E:/BiliMusic/HarmonyOS-Phone/entry/src/main/ets/pages/Index.ets:375:83
 The 'HORIZONTAL' API is supported since SDK version 6.1.1(24). However, the current compatible SDK version is 6.1.0(23).
 It is recommended to use apiAvailable to safeguard API compatibility.
[39m[39m

[2026-10-01T07:59:44.989] [DEBUG] debug-file - Ark compile task finished.finished time is 5816899641200
[2026-10-01T07:59:45.015] [DEBUG] debug-file - worker[4] has one work done.
[2026-10-01T07:59:45.019] [DEBUG] debug-file - default@CompileArkTS work[3] done.
[2026-10-01T07:59:45.022] [INFO] debug-file - Finished :entry:default@CompileArkTS... after 8 s 111 ms 
[2026-10-01T07:59:45.023] [DEBUG] debug-file - Executing task :entry:default@GeneratePkgModuleJson
[2026-10-01T07:59:45.023] [DEBUG] debug-file - File: 'E:\BiliMusic\HarmonyOS-Phone\entry\build\default\intermediates\preload\default\preload.json' from 'preloadSoJsonPath' is not exists, just ignore.
[2026-10-01T07:59:45.023] [DEBUG] debug-file - Error occurs while handling @Input 'shouldDeduplicateHar': The "data" argument must be of type string or an instance of Buffer, TypedArray, or DataView. Received undefined
[2026-10-01T07:59:45.023] [DEBUG] debug-file - Task 'entry:default@GeneratePkgModuleJson' cost while wrapping incremental declarations: 1 ms 
[2026-10-01T07:59:45.023] [DEBUG] debug-file - entry:default@GeneratePkgModuleJson is not up-to-date, since the input file 'E:\BiliMusic\HarmonyOS-Phone\entry\build\default\intermediates\res\default\module.json' has been changed.
[2026-10-01T07:59:45.023] [DEBUG] debug-file - Incremental task entry:default@GeneratePkgModuleJson pre-execution cost: 1 ms .
[2026-10-01T07:59:45.025] [DEBUG] debug-file - entry : default@GeneratePkgModuleJson cost memory 0.15691375732421875
[2026-10-01T07:59:45.025] [DEBUG] debug-file - runTaskFromQueue task cost before running: 8 s 525 ms 
[2026-10-01T07:59:45.025] [INFO] debug-file - Finished :entry:default@GeneratePkgModuleJson... after 3 ms 
[2026-10-01T07:59:45.026] [DEBUG] debug-file - Executing task :entry:default@ProcessCompiledResources
[2026-10-01T07:59:45.026] [DEBUG] debug-file - File: 'E:\BiliMusic\HarmonyOS-Phone\entry\build\default\intermediates\preload\default\preload.json' from 'preloadSoJsonPath' is not exists, just ignore.
[2026-10-01T07:59:45.027] [DEBUG] debug-file - Task 'entry:default@ProcessCompiledResources' cost while wrapping incremental declarations: 1 ms 
[2026-10-01T07:59:45.027] [DEBUG] debug-file - entry : default@ProcessCompiledResources cost memory 0.05565643310546875
[2026-10-01T07:59:45.027] [DEBUG] debug-file - runTaskFromQueue task cost before running: 8 s 527 ms 
[2026-10-01T07:59:45.027] [INFO] debug-file - Finished :entry:default@ProcessCompiledResources... after 1 ms 
[2026-10-01T07:59:45.028] [DEBUG] debug-file - Executing task :entry:default@PackageHap
[2026-10-01T07:59:45.031] [DEBUG] debug-file - entry:default@PackageHap is not up-to-date, since the input file 'E:\BiliMusic\HarmonyOS-Phone\entry\build\default\intermediates\res\default\module.json' has been changed.
[2026-10-01T07:59:45.032] [DEBUG] debug-file - Incremental task entry:default@PackageHap pre-execution cost: 3 ms .
[2026-10-01T07:59:45.033] [DEBUG] debug-file - Use tool [E:\Program Files\Huawei\DevEco Studio\sdk\default\openharmony\toolchains\lib\app_packing_tool.jar]
 [
  'java',
  '-Dfile.encoding=GBK',
  '-jar',
  'E:\\Program Files\\Huawei\\DevEco Studio\\sdk\\default\\openharmony\\toolchains\\lib\\app_packing_tool.jar',
  '--mode',
  'hap',
  '--force',
  'true',
  '--lib-path',
  'E:\\BiliMusic\\HarmonyOS-Phone\\entry\\build\\default\\intermediates\\stripped_native_libs\\default',
  '--json-path',
  'E:\\BiliMusic\\HarmonyOS-Phone\\entry\\build\\default\\intermediates\\package\\default\\module.json',
  '--resources-path',
  'E:\\BiliMusic\\HarmonyOS-Phone\\entry\\build\\default\\intermediates\\res\\default\\resources',
  '--index-path',
  'E:\\BiliMusic\\HarmonyOS-Phone\\entry\\build\\default\\intermediates\\res\\default\\resources.index',
  '--pack-info-path',
  'E:\\BiliMusic\\HarmonyOS-Phone\\entry\\build\\default\\outputs\\default\\pack.info',
  '--out-path',
  'E:\\BiliMusic\\HarmonyOS-Phone\\entry\\build\\default\\outputs\\default\\entry-default-unsigned.hap',
  '--ets-path',
  'E:\\BiliMusic\\HarmonyOS-Phone\\entry\\build\\default\\intermediates\\loader_out\\default\\ets',
  '--pkg-context-path',
  'E:\\BiliMusic\\HarmonyOS-Phone\\entry\\build\\default\\intermediates\\loader\\default\\pkgContextInfo.json'
]
[2026-10-01T07:59:45.035] [DEBUG] debug-file - default@PackageHap work[5] is submitted.
[2026-10-01T07:59:45.035] [DEBUG] debug-file - default@PackageHap work[5] is pushed to ready queue.
[2026-10-01T07:59:45.035] [DEBUG] debug-file - default@PackageHap work[5] is not dispatched.
[2026-10-01T07:59:45.038] [DEBUG] debug-file - entry : default@PackageHap cost memory 0.24195098876953125
[2026-10-01T07:59:45.267] [DEBUG] debug-file - A work dispatched to worker[11] failed because unable to get work from ready queue.
[2026-10-01T07:59:45.267] [DEBUG] debug-file - default@PackageHap work[5] has been dispatched to worker[10].
[2026-10-01T07:59:45.496] [DEBUG] debug-file - current process  memoryUsage: {
  rss: 738889728,
  heapTotal: 80429056,
  heapUsed: 55013880,
  external: 3960113,
  arrayBuffers: 18671
} os memoryUsage :14.777523040771484
[2026-10-01T07:59:46.058] [DEBUG] debug-file - A work dispatched to worker[4] failed because unable to get work from ready queue.
[2026-10-01T07:59:46.449] [DEBUG] debug-file - worker[10] has one work done.
[2026-10-01T07:59:46.449] [DEBUG] debug-file - default@PackageHap work[5] done.
[2026-10-01T07:59:46.450] [INFO] debug-file - Finished :entry:default@PackageHap... after 961 ms 
[2026-10-01T07:59:46.451] [DEBUG] debug-file - Executing task :entry:default@PackingCheck
[2026-10-01T07:59:46.455] [DEBUG] debug-file - entry : default@PackingCheck cost memory 0.264251708984375
[2026-10-01T07:59:46.455] [DEBUG] debug-file - runTaskFromQueue task cost before running: 9 s 955 ms 
[2026-10-01T07:59:46.456] [INFO] debug-file - Finished :entry:default@PackingCheck... after 5 ms 
[2026-10-01T07:59:46.457] [DEBUG] debug-file - Executing task :entry:default@SignHap
[2026-10-01T07:59:46.457] [WARN] debug-file - No signingConfig found for product default
[2026-10-01T07:59:46.458] [DEBUG] debug-file - entry:default@SignHap is not up-to-date, since the input file 'E:\BiliMusic\HarmonyOS-Phone\entry\build\default\outputs\default\entry-default-unsigned.hap' has been changed.
[2026-10-01T07:59:46.458] [DEBUG] debug-file - Incremental task entry:default@SignHap pre-execution cost: 1 ms .
[2026-10-01T07:59:46.459] [DEBUG] debug-file - entry : default@SignHap cost memory 0.071014404296875
[2026-10-01T07:59:46.459] [DEBUG] debug-file - runTaskFromQueue task cost before running: 9 s 958 ms 
[2026-10-01T07:59:46.459] [INFO] debug-file - Finished :entry:default@SignHap... after 2 ms 
[2026-10-01T07:59:46.460] [DEBUG] debug-file - Executing task :entry:default@CollectDebugSymbol
[2026-10-01T07:59:46.460] [DEBUG] debug-file - entry : default@CollectDebugSymbol cost memory 0.07810211181640625
[2026-10-01T07:59:46.461] [DEBUG] debug-file - runTaskFromQueue task cost before running: 9 s 960 ms 
[2026-10-01T07:59:46.461] [INFO] debug-file - Finished :entry:default@CollectDebugSymbol... after 1 ms 
[2026-10-01T07:59:46.462] [DEBUG] debug-file - Executing task :entry:assembleHap
[2026-10-01T07:59:46.462] [DEBUG] debug-file - entry : assembleHap cost memory -0.6407699584960938
[2026-10-01T07:59:46.462] [DEBUG] debug-file - runTaskFromQueue task cost before running: 9 s 962 ms 
[2026-10-01T07:59:46.462] [INFO] debug-file - Finished :entry:assembleHap... after 2 ms 
[2026-10-01T07:59:46.463] [INFO] debug-file - BUILD SUCCESSFUL in 9 s 962 ms 
[2026-10-01T07:59:46.463] [DEBUG] debug-file - There is no need to refresh cache, since the incremental task entry:default@PreBuild is up-to-date.
[2026-10-01T07:59:46.463] [DEBUG] debug-file - Update task entry:default@CreateModuleInfo output file:E:\BiliMusic\HarmonyOS-Phone\entry\build\default\generated\profile\default\ModuleInfo.ts cache.
[2026-10-01T07:59:46.463] [DEBUG] debug-file - Incremental task entry:default@CreateModuleInfo post-execution cost:1 ms .
[2026-10-01T07:59:46.463] [DEBUG] debug-file - There is no need to refresh cache, since the incremental task entry:default@GenerateMetadata is up-to-date.
[2026-10-01T07:59:46.464] [DEBUG] debug-file - There is no need to refresh cache, since the incremental task entry:default@MergeProfile is up-to-date.
[2026-10-01T07:59:46.464] [DEBUG] debug-file - There is no need to refresh cache, since the incremental task entry:default@CreateBuildProfile is up-to-date.
[2026-10-01T07:59:46.464] [DEBUG] debug-file - There is no need to refresh cache, since the incremental task entry:default@GeneratePkgContextInfo is up-to-date.
[2026-10-01T07:59:46.464] [DEBUG] debug-file - Update task entry:default@GeneratePkgSdkInfo output file:E:\BiliMusic\HarmonyOS-Phone\entry\build\default\intermediates\loader\default\pkgSdkInfo.json cache.
[2026-10-01T07:59:46.464] [DEBUG] debug-file - Incremental task entry:default@GeneratePkgSdkInfo post-execution cost:1 ms .
[2026-10-01T07:59:46.464] [DEBUG] debug-file - Update task entry:default@ProcessIntegratedHsp output file:E:\BiliMusic\HarmonyOS-Phone\build\cache\default\integrated_hsp\integratedHspCache.json cache.
[2026-10-01T07:59:46.465] [DEBUG] debug-file - Incremental task entry:default@ProcessIntegratedHsp post-execution cost:1 ms .
[2026-10-01T07:59:46.465] [DEBUG] debug-file - There is no need to refresh cache, since the incremental task entry:default@MakePackInfo is up-to-date.
[2026-10-01T07:59:46.465] [DEBUG] debug-file - Update task entry:default@SyscapTransform input file:E:\Program Files\Huawei\DevEco Studio\sdk\default\openharmony\toolchains\syscap_tool.exe cache by regenerate.
[2026-10-01T07:59:46.465] [DEBUG] debug-file - Update task entry:default@SyscapTransform input file:E:\Program Files\Huawei\DevEco Studio\sdk\default\openharmony\ets\api\device-define cache by regenerate.
[2026-10-01T07:59:46.466] [DEBUG] debug-file - Update task entry:default@SyscapTransform output file:E:\BiliMusic\HarmonyOS-Phone\entry\build\default\intermediates\syscap\default\rpcid.sc cache.
[2026-10-01T07:59:46.466] [DEBUG] debug-file - Incremental task entry:default@SyscapTransform post-execution cost:2 ms .
[2026-10-01T07:59:46.466] [DEBUG] debug-file - There is no need to refresh cache, since the incremental task entry:default@ProcessProfile is up-to-date.
[2026-10-01T07:59:46.466] [DEBUG] debug-file - There is no need to refresh cache, since the incremental task entry:default@ProcessRouterMap is up-to-date.
[2026-10-01T07:59:46.466] [DEBUG] debug-file - There is no need to refresh cache, since the incremental task entry:default@ProcessShareConfig is up-to-date.
[2026-10-01T07:59:46.466] [DEBUG] debug-file - Update task entry:default@ProcessStartupConfig input file:E:\BiliMusic\HarmonyOS-Phone\entry\build\default\intermediates\loader\default\pkgContextInfo.json cache by regenerate.
[2026-10-01T07:59:46.467] [DEBUG] debug-file - Update task entry:default@ProcessStartupConfig output file:E:\BiliMusic\HarmonyOS-Phone\entry\build\default\intermediates\startup\default\startup_config.json cache.
[2026-10-01T07:59:46.467] [DEBUG] debug-file - Incremental task entry:default@ProcessStartupConfig post-execution cost:1 ms .
[2026-10-01T07:59:46.467] [DEBUG] debug-file - There is no need to refresh cache, since the incremental task entry:default@ProcessResource is up-to-date.
[2026-10-01T07:59:46.467] [DEBUG] debug-file - There is no need to refresh cache, since the incremental task entry:default@GenerateLoaderJson is up-to-date.
[2026-10-01T07:59:46.467] [DEBUG] debug-file - There is no need to refresh cache, since the incremental task entry:default@ProcessLibs is up-to-date.
[2026-10-01T07:59:46.468] [DEBUG] debug-file - Update task entry:default@CompileResource input file:E:\BiliMusic\HarmonyOS-Phone\entry\src\main\resources cache from map.
[2026-10-01T07:59:46.468] [DEBUG] debug-file - Update task entry:default@CompileResource input file:E:\BiliMusic\HarmonyOS-Phone\AppScope\resources cache by regenerate.
[2026-10-01T07:59:46.469] [DEBUG] debug-file - Update task entry:default@CompileResource input file:E:\BiliMusic\HarmonyOS-Phone\entry\build\default\intermediates\process_profile\default\module.json cache by regenerate.
[2026-10-01T07:59:46.469] [DEBUG] debug-file - Update task entry:default@CompileResource input file:E:\BiliMusic\HarmonyOS-Phone\entry\build\default\intermediates\res\default\resConfig.json cache by regenerate.
[2026-10-01T07:59:46.469] [DEBUG] debug-file - Update task entry:default@CompileResource output file:E:\BiliMusic\HarmonyOS-Phone\entry\build\default\intermediates\res\default cache.
[2026-10-01T07:59:46.471] [DEBUG] debug-file - Update task entry:default@CompileResource output file:E:\BiliMusic\HarmonyOS-Phone\entry\build\default\generated\r\default\ResourceTable.h cache.
[2026-10-01T07:59:46.471] [DEBUG] debug-file - Update task entry:default@CompileResource output file:E:\BiliMusic\HarmonyOS-Phone\entry\build\default\generated\r\default\ResourceTable.ts cache.
[2026-10-01T07:59:46.471] [DEBUG] debug-file - Update task entry:default@CompileResource output file:E:\BiliMusic\HarmonyOS-Phone\entry\build\default\generated\r\default cache.
[2026-10-01T07:59:46.472] [DEBUG] debug-file - Incremental task entry:default@CompileResource post-execution cost:5 ms .
[2026-10-01T07:59:46.472] [DEBUG] debug-file - There is no need to refresh cache, since the incremental task entry:default@DoNativeStrip is up-to-date.
[2026-10-01T07:59:46.473] [DEBUG] debug-file - Update task entry:default@CompileArkTS input file:E:\BiliMusic\HarmonyOS-Phone\entry\build\default\intermediates\loader\default cache by regenerate.
[2026-10-01T07:59:46.475] [DEBUG] debug-file - Update task entry:default@CompileArkTS input file:E:\BiliMusic\HarmonyOS-Phone\entry\build\default\intermediates\res\default\ResourceTable.txt cache from map.
[2026-10-01T07:59:46.475] [DEBUG] debug-file - Update task entry:default@CompileArkTS input file:E:\BiliMusic\HarmonyOS-Phone\entry\build\default\intermediates\res\default\ark_module.json cache by regenerate.
[2026-10-01T07:59:46.475] [DEBUG] debug-file - Update task entry:default@CompileArkTS input file:E:\BiliMusic\HarmonyOS-Phone\entry\build\default\intermediates\res\default\resources\base\profile cache by regenerate.
[2026-10-01T07:59:46.475] [DEBUG] debug-file - Update task entry:default@CompileArkTS input file:E:\BiliMusic\HarmonyOS-Phone\entry\src\main\ets cache by regenerate.
[2026-10-01T07:59:46.481] [DEBUG] debug-file - Update task entry:default@CompileArkTS input file:E:\BiliMusic\HarmonyOS-Phone\entry\build\default\intermediates\loader\default\pkgContextInfo.json cache by regenerate.
[2026-10-01T07:59:46.482] [DEBUG] debug-file - Update task entry:default@CompileArkTS input file:E:\BiliMusic\HarmonyOS-Phone\entry\build\default\generated\profile\default\BuildProfile.ets cache by regenerate.
[2026-10-01T07:59:46.482] [DEBUG] debug-file - Update task entry:default@CompileArkTS output file:E:\BiliMusic\HarmonyOS-Phone\entry\build\default\intermediates\loader_out\default\ets cache.
[2026-10-01T07:59:46.482] [DEBUG] debug-file - Incremental task entry:default@CompileArkTS post-execution cost:10 ms .
[2026-10-01T07:59:46.483] [DEBUG] debug-file - Update task entry:default@BuildJS input file:E:\BiliMusic\HarmonyOS-Phone\entry\build\default\intermediates\loader\default cache by regenerate.
[2026-10-01T07:59:46.484] [DEBUG] debug-file - Update task entry:default@BuildJS input file:E:\BiliMusic\HarmonyOS-Phone\entry\build\default\intermediates\res\default\ResourceTable.txt cache by regenerate.
[2026-10-01T07:59:46.484] [DEBUG] debug-file - Update task entry:default@BuildJS input file:E:\BiliMusic\HarmonyOS-Phone\entry\build\default\intermediates\res\default\ark_module.json cache by regenerate.
[2026-10-01T07:59:46.484] [DEBUG] debug-file - Update task entry:default@BuildJS input file:E:\BiliMusic\HarmonyOS-Phone\entry\build\default\intermediates\res\default\resources\base\profile cache by regenerate.
[2026-10-01T07:59:46.492] [DEBUG] debug-file - Update task entry:default@BuildJS input file:E:\BiliMusic\HarmonyOS-Phone\entry\build\default\intermediates\loader\default\pkgContextInfo.json cache by regenerate.
[2026-10-01T07:59:46.492] [DEBUG] debug-file - Update task entry:default@BuildJS output file:E:\BiliMusic\HarmonyOS-Phone\entry\build\default\intermediates\loader_out\default\js cache.
[2026-10-01T07:59:46.493] [DEBUG] debug-file - Incremental task entry:default@BuildJS post-execution cost:11 ms .
[2026-10-01T07:59:46.493] [DEBUG] debug-file - There is no need to refresh cache, since the incremental task entry:default@CacheNativeLibs is up-to-date.
[2026-10-01T07:59:46.493] [DEBUG] debug-file - Update task entry:default@GeneratePkgModuleJson input file:E:\BiliMusic\HarmonyOS-Phone\entry\build\default\intermediates\res\default\module.json cache from map.
[2026-10-01T07:59:46.493] [DEBUG] debug-file - Update task entry:default@GeneratePkgModuleJson output file:E:\BiliMusic\HarmonyOS-Phone\entry\build\default\intermediates\package\default\module.json cache.
[2026-10-01T07:59:46.493] [DEBUG] debug-file - Incremental task entry:default@GeneratePkgModuleJson post-execution cost:1 ms .
[2026-10-01T07:59:46.493] [DEBUG] debug-file - Incremental task entry:default@ProcessCompiledResources post-execution cost:1 ms .
[2026-10-01T07:59:46.494] [DEBUG] debug-file - Update task entry:default@PackageHap input file:E:\BiliMusic\HarmonyOS-Phone\entry\build\default\outputs\default\pack.info cache by regenerate.
[2026-10-01T07:59:46.494] [DEBUG] debug-file - Update task entry:default@PackageHap input file:E:\BiliMusic\HarmonyOS-Phone\entry\build\default\intermediates\stripped_native_libs\default cache by regenerate.
[2026-10-01T07:59:46.494] [DEBUG] debug-file - Update task entry:default@PackageHap input file:E:\BiliMusic\HarmonyOS-Phone\entry\build\default\intermediates\res\default\module.json cache from map.
[2026-10-01T07:59:46.494] [DEBUG] debug-file - Update task entry:default@PackageHap input file:E:\BiliMusic\HarmonyOS-Phone\entry\build\default\intermediates\res\default\resources cache by regenerate.
[2026-10-01T07:59:46.496] [DEBUG] debug-file - Update task entry:default@PackageHap input file:E:\BiliMusic\HarmonyOS-Phone\entry\build\default\intermediates\res\default\resources.index cache by regenerate.
[2026-10-01T07:59:46.496] [DEBUG] debug-file - Update task entry:default@PackageHap input file:E:\BiliMusic\HarmonyOS-Phone\entry\build\default\intermediates\loader_out\default\ets cache by regenerate.
[2026-10-01T07:59:46.496] [DEBUG] debug-file - Update task entry:default@PackageHap input file:E:\BiliMusic\HarmonyOS-Phone\entry\build\default\intermediates\loader\default\pkgContextInfo.json cache by regenerate.
[2026-10-01T07:59:46.496] [DEBUG] debug-file - Update task entry:default@PackageHap input file:E:\BiliMusic\HarmonyOS-Phone\entry\build\default\intermediates\package\default\module.json cache by regenerate.
[2026-10-01T07:59:46.496] [DEBUG] debug-file - Update task entry:default@PackageHap input file:E:\BiliMusic\HarmonyOS-Phone\entry\build\default\intermediates\loader_out\default\ets\sourceMaps.map cache by regenerate.
[2026-10-01T07:59:46.497] [DEBUG] debug-file - Update task entry:default@PackageHap input file:E:\BiliMusic\HarmonyOS-Phone\entry\build\default\generated\profile\default\BuildProfile.ets cache by regenerate.
[2026-10-01T07:59:46.497] [DEBUG] debug-file - Update task entry:default@PackageHap output file:E:\BiliMusic\HarmonyOS-Phone\entry\build\default\outputs\default\entry-default-unsigned.hap cache.
[2026-10-01T07:59:46.497] [DEBUG] debug-file - Update task entry:default@PackageHap output file:E:\BiliMusic\HarmonyOS-Phone\entry\build\default\intermediates\source_map\default\sourceMaps.map cache.
[2026-10-01T07:59:46.497] [DEBUG] debug-file - Update task entry:default@PackageHap output file:E:\BiliMusic\HarmonyOS-Phone\entry\build\default\outputs\default\mapping\sourceMaps.map cache.
[2026-10-01T07:59:46.497] [DEBUG] debug-file - Incremental task entry:default@PackageHap post-execution cost:5 ms .
[2026-10-01T07:59:46.498] [DEBUG] debug-file - Update task entry:default@SignHap input file:E:\BiliMusic\HarmonyOS-Phone\entry\build\default\outputs\default\entry-default-unsigned.hap cache from map.
[2026-10-01T07:59:46.498] [DEBUG] debug-file - Update task entry:default@SignHap output file:E:\BiliMusic\HarmonyOS-Phone\entry\build\default\outputs\default\entry-default-signed.hap cache.
[2026-10-01T07:59:46.498] [DEBUG] debug-file - Incremental task entry:default@SignHap post-execution cost:1 ms .
[2026-10-01T07:59:46.498] [DEBUG] debug-file - Update task entry:default@CollectDebugSymbol input file:E:\BiliMusic\HarmonyOS-Phone\entry\build\default\intermediates\loader_out\default\ets\sourceMaps.map cache by regenerate.
[2026-10-01T07:59:46.499] [DEBUG] debug-file - Update task entry:default@CollectDebugSymbol input file:E:\BiliMusic\HarmonyOS-Phone\entry\build\default\intermediates\libs\default cache by regenerate.
[2026-10-01T07:59:46.499] [DEBUG] debug-file - Update task entry:default@CollectDebugSymbol output file:E:\BiliMusic\HarmonyOS-Phone\entry\build\default\outputs\default\symbol cache.
[2026-10-01T07:59:46.500] [DEBUG] debug-file - Incremental task entry:default@CollectDebugSymbol post-execution cost:2 ms .
[2026-10-01T07:59:46.510] [DEBUG] debug-file - Cleanup worker 10.
[2026-10-01T07:59:46.510] [DEBUG] debug-file - hvigor build process will be closed.
[2026-10-01T07:59:46.515] [DEBUG] debug-file - session manager: send message to worker process. WorkerThreadId: 0, data: {"type":"hvigor_failed","reason":"Server has disconnected."}
[2026-10-01T07:59:46.516] [DEBUG] debug-file - session manager: send message to worker process. WorkerThreadId: 0, data: {"type":"CloseWatch","reason":"Server has disconnected."}
[2026-10-01T07:59:46.516] [DEBUG] debug-file - watch worker: worker id should be larger than 0. Nothing will be sent to any worker thread.
[2026-10-01T07:59:46.516] [DEBUG] debug-file - ABORT_WORK sent to workers.
[2026-10-01T07:59:46.516] [DEBUG] debug-file - watch worker: worker id should be larger than 0. Nothing will be sent to any worker thread.
[2026-10-01T07:59:46.520] [DEBUG] debug-file - worker[10] exits with exit code 1.
[2026-10-01T07:59:46.521] [DEBUG] debug-file - Worker 10 has been cleaned up.
[2026-10-01T07:59:46.521] [DEBUG] debug-file - Current idle worker size: 1.
[2026-10-01T07:59:46.521] [DEBUG] debug-file - Current resident worker size: 1.
[2026-10-01T12:04:22.394] [DEBUG] debug-file - env: nodejsVersion=v24.14.1
[2026-10-01T12:04:22.420] [DEBUG] debug-file - env: daemon=true
[2026-10-01T12:04:22.395] [DEBUG] debug-file - env: hvigor-config.json5 content = {
  modelVersion: '26.0.0',
  dependencies: {},
  execution: {},
  logging: {},
  debugging: {},
  nodeOptions: {}
}
[2026-10-01T12:04:22.888] [DEBUG] debug-file - hvigor java daemon: Starting java daemon. jvmXmxValue=512m, jarPath=E:\Program Files\Huawei\DevEco Studio\tools\hvigor\hvigor\lib\hvigor-java-daemon.jar
[2026-10-01T12:04:22.889] [DEBUG] debug-file - hvigor java daemon: Read cache file, 
    port=45050, pid=2504, sessionId exists=true
[2026-10-01T12:04:22.920] [DEBUG] debug-file - hvigor java daemon: tryConnect failed, Error: connect ECONNREFUSED 127.0.0.1:45050, will start new daemon
[2026-10-01T12:04:22.930] [DEBUG] debug-file - java daemon started at port 45050 pid 17752
[2026-10-01T12:04:22.955] [DEBUG] debug-file - session manager: set active socket. socketId=ZJDNwwL1e6SDPhxAAAAB
[2026-10-01T12:04:23.504] [DEBUG] debug-file - watch worker: worker id should be larger than 0. Nothing will be sent to any worker thread.
[2026-10-01T12:04:23.508] [DEBUG] debug-file - Since there is no instance or instance is terminated, create a new worker pool.
[2026-10-01T12:04:23.509] [DEBUG] debug-file - Worker pool is initialized with config:  {
  minPoolNum: 2,
  maxPoolNum: undefined,
  maxCoreSize: undefined,
  cacheCapacity: undefined,
  cacheTtl: undefined
}
[2026-10-01T12:04:23.510] [DEBUG] debug-file - Create  resident worker with id: 0.
[2026-10-01T12:04:23.512] [DEBUG] debug-file - Create  resident worker with id: 1.
[2026-10-01T12:04:23.514] [DEBUG] debug-file - Workers' log level updated to INFO
[2026-10-01T12:04:23.523] [DEBUG] debug-file - Hvigor init with startParameters:{
  hvigorfileTypeCheck: false,
  parallelExecution: true,
  incrementalExecution: true,
  printStackTrace: false,
  daemon: true,
  analyze: 0,
  logLevel: Level { level: 20000, levelStr: 'INFO', colour: 'green' },
  optimizationStrategy: 'memory',
  hotCompile: undefined,
  hotReloadBuild: undefined,
  customizedParam: undefined
}
[2026-10-01T12:04:23.532] [DEBUG] debug-file - Cache service initialization finished in 9 ms 
[2026-10-01T12:04:23.534] [DEBUG] debug-file - hvigorfile, resolving E:\BiliMusic\HarmonyOS-Phone\hvigorfile.ts
[2026-10-01T12:04:25.004] [DEBUG] debug-file - hvigorfile, require result:  { default: { plugins: [] } }
[2026-10-01T12:04:25.004] [DEBUG] debug-file - hvigorfile, binding system plugins null
[2026-10-01T12:04:25.005] [DEBUG] debug-file - Starting plugin build process
[2026-10-01T12:04:25.005] [DEBUG] debug-file - App plugin prepare start...
[2026-10-01T12:04:25.005] [DEBUG] debug-file - App plugin prepare end...
[2026-10-01T12:04:25.005] [DEBUG] debug-file - App plugin creating...
[2026-10-01T12:04:25.150] [DEBUG] debug-file - App plugin register hook start...
[2026-10-01T12:04:25.150] [DEBUG] debug-file - App plugin register hook end...
[2026-10-01T12:04:25.150] [DEBUG] debug-file - Plugin build process completed
[2026-10-01T12:04:25.151] [DEBUG] debug-file - Start initialize project's product build option map with build mode debug.
[2026-10-01T12:04:25.151] [DEBUG] debug-file - Picking option from product 'default' with build mode 'debug'.
[2026-10-01T12:04:25.151] [DEBUG] debug-file - Product 'default' build option initialized
[2026-10-01T12:04:25.152] [DEBUG] debug-file - End initialize project's product build option map with build mode 'debug'.
[2026-10-01T12:04:25.153] [DEBUG] debug-file - Obtain build option for product 'default'in this build.
[2026-10-01T12:04:25.155] [DEBUG] debug-file - No signingConfig found, initRemoteHspCache failed.
[2026-10-01T12:04:25.156] [DEBUG] debug-file - Local scan or download HarmonyOS sdk components toolchains,ets,js,native,previewer
[2026-10-01T12:04:25.158] [DEBUG] debug-file - Local scan or download hmscore sdk components toolchains,ets,native
[2026-10-01T12:04:25.160] [DEBUG] debug-file - Start recording SDK configuration permission data.
[2026-10-01T12:04:25.189] [DEBUG] debug-file - Sdk init in 34 ms 
[2026-10-01T12:04:25.194] [DEBUG] debug-file - Project task initialization takes 4 ms 
[2026-10-01T12:04:25.194] [DEBUG] debug-file - hvigorfile, begin to bind custom plugins...
[2026-10-01T12:04:25.194] [DEBUG] debug-file - hvigorfile, no custom plugins were found in E:\BiliMusic\HarmonyOS-Phone\hvigorfile.ts
[2026-10-01T12:04:25.194] [DEBUG] debug-file - hvigorfile, resolve finished E:\BiliMusic\HarmonyOS-Phone\hvigorfile.ts
[2026-10-01T12:04:25.195] [DEBUG] debug-file - hvigorfile, resolving E:\BiliMusic\HarmonyOS-Phone\entry\hvigorfile.ts
[2026-10-01T12:04:25.199] [DEBUG] debug-file - hvigorfile, require result:  { default: { plugins: [] } }
[2026-10-01T12:04:25.199] [DEBUG] debug-file - hvigorfile, binding system plugins null
[2026-10-01T12:04:25.200] [DEBUG] debug-file - Starting plugin build process
[2026-10-01T12:04:25.200] [DEBUG] debug-file - Hap plugin creating...
[2026-10-01T12:04:25.200] [DEBUG] debug-file - failed to load cangjie to dynamically generate schemas: Error: Cannot find module '@ohos/cangjie-build-support/index'
Require stack:
- E:\Program Files\Huawei\DevEco Studio\tools\hvigor\hvigor-ohos-plugin\src\plugin\hooks\cangjie-register.js
- E:\Program Files\Huawei\DevEco Studio\tools\hvigor\hvigor-ohos-plugin\src\plugin\strategy\stage-init-strategy.js
- E:\Program Files\Huawei\DevEco Studio\tools\hvigor\hvigor-ohos-plugin\src\plugin\builder\abstract-plugin-builder.js
- E:\Program Files\Huawei\DevEco Studio\tools\hvigor\hvigor-ohos-plugin\src\plugin\builder\app-plugin-builder.js
- E:\Program Files\Huawei\DevEco Studio\tools\hvigor\hvigor-ohos-plugin\src\plugin\factory\plugin-factory.js
- E:\Program Files\Huawei\DevEco Studio\tools\hvigor\hvigor-ohos-plugin\index.js
- E:\BiliMusic\HarmonyOS-Phone\hvigorfile.ts
- E:\Program Files\Huawei\DevEco Studio\tools\hvigor\hvigor\src\base\internal\lifecycle\configuration.js
- E:\Program Files\Huawei\DevEco Studio\tools\hvigor\hvigor\src\base\boot\index.js
- E:\Program Files\Huawei\DevEco Studio\tools\hvigor\hvigor\src\base\daemon\cluster\worker-process-lifecycle.js
- E:\Program Files\Huawei\DevEco Studio\tools\hvigor\hvigor\src\base\daemon\process\daemon-process-boot-script.js
[2026-10-01T12:04:25.208] [DEBUG] debug-file - Start initialize module-target build option map, moduleName=entry, buildMode=debug
[2026-10-01T12:04:25.209] [DEBUG] debug-file - Target 'default' config initialized
[2026-10-01T12:04:25.209] [DEBUG] debug-file - Module 'entry' target 'default' build option initialized
[2026-10-01T12:04:25.209] [DEBUG] debug-file - End initialize module-target build option map, moduleName=entry
[2026-10-01T12:04:25.209] [DEBUG] debug-file - Start initialize module-target build option map, moduleName=entry, buildMode=release
[2026-10-01T12:04:25.210] [DEBUG] debug-file - Target 'default' config initialized
[2026-10-01T12:04:25.210] [DEBUG] debug-file - Module 'entry' target 'default' build option initialized
[2026-10-01T12:04:25.210] [DEBUG] debug-file - End initialize module-target build option map, moduleName=entry
[2026-10-01T12:04:25.210] [DEBUG] debug-file - Start initialize module-target build option map, moduleName=entry, buildMode=debug
[2026-10-01T12:04:25.210] [DEBUG] debug-file - Target 'default' config initialized
[2026-10-01T12:04:25.211] [DEBUG] debug-file - Module 'entry' target 'default' build option initialized
[2026-10-01T12:04:25.211] [DEBUG] debug-file - End initialize module-target build option map, moduleName=entry
[2026-10-01T12:04:25.211] [DEBUG] debug-file - Obtain build option for module 'entry' target 'default'in this build.
[2026-10-01T12:04:25.216] [DEBUG] debug-file - Module entry task initialization takes 5 ms 
[2026-10-01T12:04:25.216] [DEBUG] debug-file - Hap plugin register hook start...
[2026-10-01T12:04:25.216] [DEBUG] debug-file - Hap plugin register hook end...
[2026-10-01T12:04:25.216] [DEBUG] debug-file - Plugin build process completed
[2026-10-01T12:04:25.216] [DEBUG] debug-file - hvigorfile, begin to bind custom plugins...
[2026-10-01T12:04:25.216] [DEBUG] debug-file - hvigorfile, no custom plugins were found in E:\BiliMusic\HarmonyOS-Phone\entry\hvigorfile.ts
[2026-10-01T12:04:25.216] [DEBUG] debug-file - hvigorfile, resolve finished E:\BiliMusic\HarmonyOS-Phone\entry\hvigorfile.ts
[2026-10-01T12:04:25.236] [DEBUG] debug-file - hvigorfile, resolve hvigorfile dependencies in 20 ms 
[2026-10-01T12:04:25.236] [DEBUG] debug-file - project has submodules:entry
[2026-10-01T12:04:25.238] [DEBUG] debug-file - start to load updatedOhPackageInfo to the disk
[2026-10-01T12:04:25.239] [DEBUG] debug-file - load to the disk finished
[2026-10-01T12:04:25.240] [DEBUG] debug-file - Start to initialize dependency information.
[2026-10-01T12:04:25.245] [DEBUG] debug-file - Module HarmonyOS-Phone Collected Dependency: 
[2026-10-01T12:04:25.245] [DEBUG] debug-file - Module HarmonyOS-Phone's total dependency: 0
[2026-10-01T12:04:25.246] [DEBUG] debug-file - Start to initialize dependency information.
[2026-10-01T12:04:25.248] [DEBUG] debug-file - Module entry Collected Dependency: 
[2026-10-01T12:04:25.248] [DEBUG] debug-file - Module entry's total dependency: 0
[2026-10-01T12:04:25.251] [DEBUG] debug-file - Configuration phase cost:1 s 719 ms 
[2026-10-01T12:04:25.252] [DEBUG] debug-file - Configuration task cost before running: 1 s 738 ms 
[2026-10-01T12:04:25.253] [DEBUG] debug-file - Executing task :entry:clean
[2026-10-01T12:04:25.253] [DEBUG] debug-file - clean: Worker pool is inactive.
[2026-10-01T12:04:25.333] [DEBUG] debug-file - entry : clean cost memory 1.0501251220703125
[2026-10-01T12:04:25.333] [DEBUG] debug-file - runTaskFromQueue task cost before running: 1 s 819 ms 
[2026-10-01T12:04:25.334] [INFO] debug-file - Finished :entry:clean... after 81 ms 
[2026-10-01T12:04:25.338] [DEBUG] debug-file - Executing task :entry:default@PreBuild
[2026-10-01T12:04:25.341] [DEBUG] debug-file - Task 'entry:default@PreBuild' cost while wrapping incremental declarations: 1 ms 
[2026-10-01T12:04:25.347] [DEBUG] debug-file - Incremental task entry:default@PreBuild pre-execution cost: 4 ms .
[2026-10-01T12:04:25.347] [DEBUG] debug-file - entry : default@PreBuild cost memory 0.857208251953125
[2026-10-01T12:04:25.348] [INFO] debug-file - UP-TO-DATE :entry:default@PreBuild...  
[2026-10-01T12:04:25.348] [DEBUG] debug-file - Executing task :entry:default@CreateModuleInfo
[2026-10-01T12:04:25.349] [DEBUG] debug-file - Task 'entry:default@CreateModuleInfo' cost while wrapping incremental declarations: 1 ms 
[2026-10-01T12:04:25.349] [DEBUG] debug-file - entry : default@CreateModuleInfo cost memory 0.0623016357421875
[2026-10-01T12:04:25.349] [DEBUG] debug-file - runTaskFromQueue task cost before running: 1 s 835 ms 
[2026-10-01T12:04:25.349] [INFO] debug-file - Finished :entry:default@CreateModuleInfo... after 1 ms 
[2026-10-01T12:04:25.350] [DEBUG] debug-file - Executing task :entry:default@GenerateMetadata
[2026-10-01T12:04:25.351] [DEBUG] debug-file - Task 'entry:default@GenerateMetadata' cost while wrapping incremental declarations: 1 ms 
[2026-10-01T12:04:25.351] [DEBUG] debug-file - entry:default@GenerateMetadata is not up-to-date, since the output file 'E:\BiliMusic\HarmonyOS-Phone\entry\build\default\intermediates\hap_metadata\default\output_metadata.json' does not exist.
[2026-10-01T12:04:25.351] [DEBUG] debug-file - Incremental task entry:default@GenerateMetadata pre-execution cost: 1 ms .
[2026-10-01T12:04:25.353] [DEBUG] debug-file - entry : default@GenerateMetadata cost memory 0.1411590576171875
[2026-10-01T12:04:25.353] [DEBUG] debug-file - runTaskFromQueue task cost before running: 1 s 839 ms 
[2026-10-01T12:04:25.353] [INFO] debug-file - Finished :entry:default@GenerateMetadata... after 3 ms 
[2026-10-01T12:04:25.354] [DEBUG] debug-file - Executing task :entry:default@ConfigureCmake
[2026-10-01T12:04:25.354] [DEBUG] debug-file - entry : default@ConfigureCmake cost memory 0.01874542236328125
[2026-10-01T12:04:25.354] [DEBUG] debug-file - runTaskFromQueue task cost before running: 1 s 840 ms 
[2026-10-01T12:04:25.354] [INFO] debug-file - Finished :entry:default@ConfigureCmake... after 1 ms 
[2026-10-01T12:04:25.355] [DEBUG] debug-file - Executing task :entry:default@MergeProfile
[2026-10-01T12:04:25.356] [DEBUG] debug-file - Task 'entry:default@MergeProfile' cost while wrapping incremental declarations: 1 ms 
[2026-10-01T12:04:25.356] [DEBUG] debug-file - entry:default@MergeProfile is not up-to-date, since the output file 'E:\BiliMusic\HarmonyOS-Phone\entry\build\default\intermediates\merge_profile\default\module.json' does not exist.
[2026-10-01T12:04:25.357] [DEBUG] debug-file - Incremental task entry:default@MergeProfile pre-execution cost: 1 ms .
[2026-10-01T12:04:25.357] [DEBUG] debug-file - Change app api release type with 'Release'
[2026-10-01T12:04:25.357] [DEBUG] debug-file - Change app compile API version with '26.0.0.105'
[2026-10-01T12:04:25.357] [DEBUG] debug-file - Change app target API version with '260000026'
[2026-10-01T12:04:25.357] [DEBUG] debug-file - Change app minimum API version with '60100023'
[2026-10-01T12:04:25.357] [DEBUG] debug-file - Use cli appEnvironment
[2026-10-01T12:04:25.380] [DEBUG] debug-file - entry : default@MergeProfile cost memory 7.7092132568359375
[2026-10-01T12:04:25.381] [DEBUG] debug-file - runTaskFromQueue task cost before running: 1 s 866 ms 
[2026-10-01T12:04:25.381] [INFO] debug-file - Finished :entry:default@MergeProfile... after 26 ms 
[2026-10-01T12:04:25.382] [DEBUG] debug-file - Executing task :entry:default@CreateBuildProfile
[2026-10-01T12:04:25.382] [DEBUG] debug-file - Task 'entry:default@CreateBuildProfile' cost while wrapping incremental declarations: 1 ms 
[2026-10-01T12:04:25.383] [DEBUG] debug-file - entry:default@CreateBuildProfile is not up-to-date, since the output file 'E:\BiliMusic\HarmonyOS-Phone\entry\build\default\generated\profile\default\BuildProfile.ets' does not exist.
[2026-10-01T12:04:25.383] [DEBUG] debug-file - Incremental task entry:default@CreateBuildProfile pre-execution cost: 1 ms .
[2026-10-01T12:04:25.384] [DEBUG] debug-file - entry : default@CreateBuildProfile cost memory 0.11203765869140625
[2026-10-01T12:04:25.384] [DEBUG] debug-file - runTaskFromQueue task cost before running: 1 s 870 ms 
[2026-10-01T12:04:25.385] [INFO] debug-file - Finished :entry:default@CreateBuildProfile... after 3 ms 
[2026-10-01T12:04:25.385] [DEBUG] debug-file - Executing task :entry:default@PreCheckSyscap
[2026-10-01T12:04:25.386] [DEBUG] debug-file - entry : default@PreCheckSyscap cost memory 0.02075958251953125
[2026-10-01T12:04:25.386] [DEBUG] debug-file - runTaskFromQueue task cost before running: 1 s 871 ms 
[2026-10-01T12:04:25.386] [INFO] debug-file - Finished :entry:default@PreCheckSyscap... after 1 ms 
[2026-10-01T12:04:25.387] [DEBUG] debug-file - Executing task :entry:default@GeneratePkgContextInfo
[2026-10-01T12:04:25.394] [DEBUG] debug-file - Task 'entry:default@GeneratePkgContextInfo' cost while wrapping incremental declarations: 1 ms 
[2026-10-01T12:04:25.395] [DEBUG] debug-file - entry:default@GeneratePkgContextInfo is not up-to-date, since the output file 'E:\BiliMusic\HarmonyOS-Phone\entry\build\default\intermediates\loader\default\pkgContextInfo.json' does not exist.
[2026-10-01T12:04:25.395] [DEBUG] debug-file - Incremental task entry:default@GeneratePkgContextInfo pre-execution cost: 1 ms .
[2026-10-01T12:04:25.395] [DEBUG] debug-file - entry : default@GeneratePkgContextInfo cost memory 0.4255218505859375
[2026-10-01T12:04:25.395] [DEBUG] debug-file - runTaskFromQueue task cost before running: 1 s 881 ms 
[2026-10-01T12:04:25.396] [INFO] debug-file - Finished :entry:default@GeneratePkgContextInfo... after 9 ms 
[2026-10-01T12:04:25.396] [DEBUG] debug-file - Executing task :entry:default@GeneratePkgSdkInfo
[2026-10-01T12:04:25.398] [DEBUG] debug-file - Task 'entry:default@GeneratePkgSdkInfo' cost while wrapping incremental declarations: 1 ms 
[2026-10-01T12:04:25.398] [DEBUG] debug-file - entry : default@GeneratePkgSdkInfo cost memory 0.15532684326171875
[2026-10-01T12:04:25.398] [DEBUG] debug-file - runTaskFromQueue task cost before running: 1 s 884 ms 
[2026-10-01T12:04:25.399] [INFO] debug-file - Finished :entry:default@GeneratePkgSdkInfo... after 2 ms 
[2026-10-01T12:04:25.401] [DEBUG] debug-file - Executing task :entry:default@ProcessIntegratedHsp
[2026-10-01T12:04:25.401] [DEBUG] debug-file - entry:default@ProcessIntegratedHsp is not up-to-date, since the output file 'E:\BiliMusic\HarmonyOS-Phone\build\cache\default\integrated_hsp\integratedHspCache.json' does not exist.
[2026-10-01T12:04:25.401] [DEBUG] debug-file - Incremental task entry:default@ProcessIntegratedHsp pre-execution cost: 1 ms .
[2026-10-01T12:04:25.401] [DEBUG] debug-file - entry : default@ProcessIntegratedHsp cost memory 0.06072235107421875
[2026-10-01T12:04:25.401] [DEBUG] debug-file - runTaskFromQueue task cost before running: 1 s 887 ms 
[2026-10-01T12:04:25.401] [INFO] debug-file - Finished :entry:default@ProcessIntegratedHsp... after 1 ms 
[2026-10-01T12:04:25.402] [DEBUG] debug-file - Executing task :entry:default@BuildNativeWithCmake
[2026-10-01T12:04:25.402] [DEBUG] debug-file - entry : default@BuildNativeWithCmake cost memory 0.0190582275390625
[2026-10-01T12:04:25.402] [DEBUG] debug-file - runTaskFromQueue task cost before running: 1 s 888 ms 
[2026-10-01T12:04:25.403] [INFO] debug-file - Finished :entry:default@BuildNativeWithCmake... after 1 ms 
[2026-10-01T12:04:25.403] [DEBUG] debug-file - Executing task :entry:default@MakePackInfo
[2026-10-01T12:04:25.404] [DEBUG] debug-file - entry:default@MakePackInfo is not up-to-date, since the output file 'E:\BiliMusic\HarmonyOS-Phone\entry\build\default\outputs\default\pack.info' does not exist.
[2026-10-01T12:04:25.404] [DEBUG] debug-file - Incremental task entry:default@MakePackInfo pre-execution cost: 1 ms .
[2026-10-01T12:04:25.405] [DEBUG] debug-file - Module Pack Info:  {
  summary: {
    app: { bundleName: 'c***c', bundleType: 'app', version: [Object] },
    modules: [ [Object] ]
  },
  packages: [
    {
      deviceType: [Array],
      moduleType: 'entry',
      deliveryWithInstall: true,
      name: 'entry-default'
    }
  ]
}
[2026-10-01T12:04:25.406] [DEBUG] debug-file - entry : default@MakePackInfo cost memory 0.18036651611328125
[2026-10-01T12:04:25.406] [DEBUG] debug-file - runTaskFromQueue task cost before running: 1 s 892 ms 
[2026-10-01T12:04:25.406] [INFO] debug-file - Finished :entry:default@MakePackInfo... after 3 ms 
[2026-10-01T12:04:25.407] [DEBUG] debug-file - Executing task :entry:default@SyscapTransform
[2026-10-01T12:04:25.407] [DEBUG] debug-file - File: 'E:\BiliMusic\HarmonyOS-Phone\entry\src\main\syscap.json' from 'sysCapJsonPath' is not exists, just ignore.
[2026-10-01T12:04:25.408] [DEBUG] debug-file - Task 'entry:default@SyscapTransform' cost while wrapping incremental declarations: 1 ms 
[2026-10-01T12:04:25.416] [DEBUG] debug-file - entry:default@SyscapTransform is not up-to-date, since the output file 'E:\BiliMusic\HarmonyOS-Phone\entry\build\default\intermediates\syscap\default\rpcid.sc' does not exist.
[2026-10-01T12:04:25.416] [DEBUG] debug-file - Incremental task entry:default@SyscapTransform pre-execution cost: 9 ms .
[2026-10-01T12:04:25.417] [DEBUG] debug-file - entry : default@SyscapTransform cost memory 0.15515899658203125
[2026-10-01T12:04:25.417] [DEBUG] debug-file - runTaskFromQueue task cost before running: 1 s 903 ms 
[2026-10-01T12:04:25.417] [INFO] debug-file - Finished :entry:default@SyscapTransform... after 10 ms 
[2026-10-01T12:04:25.419] [DEBUG] debug-file - Executing task :entry:default@ProcessProfile
[2026-10-01T12:04:25.420] [DEBUG] debug-file - Task 'entry:default@ProcessProfile' cost while wrapping incremental declarations: 1 ms 
[2026-10-01T12:04:25.420] [DEBUG] debug-file - entry:default@ProcessProfile is not up-to-date, since the input file 'E:\BiliMusic\HarmonyOS-Phone\entry\build\default\intermediates\merge_profile\default\module.json' has been changed.
[2026-10-01T12:04:25.420] [DEBUG] debug-file - Incremental task entry:default@ProcessProfile pre-execution cost: 1 ms .
[2026-10-01T12:04:25.421] [DEBUG] debug-file - [
  'E:\\Program Files\\Huawei\\DevEco Studio\\tools\\node\\node.exe',
  'E:\\Program Files\\Huawei\\DevEco Studio\\sdk\\default\\openharmony\\ets\\build-tools\\ets-loader\\bin\\ark\\ts2abc.js',
  '--target-api-version',
  '23'
]
[2026-10-01T12:04:25.526] [DEBUG] debug-file - 13.0.1.0
[2026-10-01T12:04:25.528] [DEBUG] debug-file - No need to add fake ui ability because of not in preview process.
[2026-10-01T12:04:25.529] [DEBUG] debug-file - entry : default@ProcessProfile cost memory 1.6816024780273438
[2026-10-01T12:04:25.529] [DEBUG] debug-file - runTaskFromQueue task cost before running: 2 s 15 ms 
[2026-10-01T12:04:25.529] [INFO] debug-file - Finished :entry:default@ProcessProfile... after 110 ms 
[2026-10-01T12:04:25.530] [DEBUG] debug-file - Executing task :entry:default@ProcessRouterMap
[2026-10-01T12:04:25.531] [DEBUG] debug-file - entry:default@ProcessRouterMap is not up-to-date, since the input file 'E:\BiliMusic\HarmonyOS-Phone\entry\build\default\intermediates\loader\default\pkgContextInfo.json' has been changed.
[2026-10-01T12:04:25.531] [DEBUG] debug-file - Incremental task entry:default@ProcessRouterMap pre-execution cost: 1 ms .
[2026-10-01T12:04:25.533] [DEBUG] debug-file - entry : default@ProcessRouterMap cost memory 0.1491546630859375
[2026-10-01T12:04:25.533] [DEBUG] debug-file - runTaskFromQueue task cost before running: 2 s 19 ms 
[2026-10-01T12:04:25.533] [INFO] debug-file - Finished :entry:default@ProcessRouterMap... after 3 ms 
[2026-10-01T12:04:25.536] [DEBUG] debug-file - Executing task :entry:default@ProcessShareConfig
[2026-10-01T12:04:25.537] [DEBUG] debug-file - entry:default@ProcessShareConfig is not up-to-date, since the input file 'E:\BiliMusic\HarmonyOS-Phone\entry\build\default\intermediates\loader\default\pkgContextInfo.json' has been changed.
[2026-10-01T12:04:25.537] [DEBUG] debug-file - Incremental task entry:default@ProcessShareConfig pre-execution cost: 1 ms .
[2026-10-01T12:04:25.538] [DEBUG] debug-file - entry : default@ProcessShareConfig cost memory 0.141815185546875
[2026-10-01T12:04:25.538] [DEBUG] debug-file - runTaskFromQueue task cost before running: 2 s 24 ms 
[2026-10-01T12:04:25.538] [INFO] debug-file - Finished :entry:default@ProcessShareConfig... after 3 ms 
[2026-10-01T12:04:25.539] [DEBUG] debug-file - Executing task :entry:default@ProcessStartupConfig
[2026-10-01T12:04:25.539] [DEBUG] debug-file - Task 'entry:default@ProcessStartupConfig' cost while wrapping incremental declarations: 1 ms 
[2026-10-01T12:04:25.540] [DEBUG] debug-file - entry:default@ProcessStartupConfig is not up-to-date, since the input file 'E:\BiliMusic\HarmonyOS-Phone\entry\build\default\intermediates\loader\default\pkgContextInfo.json' has been changed.
[2026-10-01T12:04:25.540] [DEBUG] debug-file - Incremental task entry:default@ProcessStartupConfig pre-execution cost: 1 ms .
[2026-10-01T12:04:25.540] [DEBUG] debug-file - entry : default@ProcessStartupConfig cost memory 0.133544921875
[2026-10-01T12:04:25.540] [DEBUG] debug-file - runTaskFromQueue task cost before running: 2 s 26 ms 
[2026-10-01T12:04:25.541] [INFO] debug-file - Finished :entry:default@ProcessStartupConfig... after 2 ms 
[2026-10-01T12:04:25.541] [DEBUG] debug-file - Executing task :entry:default@BuildNativeWithNinja
[2026-10-01T12:04:25.543] [DEBUG] debug-file - entry : default@BuildNativeWithNinja cost memory 0.03043365478515625
[2026-10-01T12:04:25.543] [DEBUG] debug-file - runTaskFromQueue task cost before running: 2 s 29 ms 
[2026-10-01T12:04:25.544] [INFO] debug-file - Finished :entry:default@BuildNativeWithNinja... after 2 ms 
[2026-10-01T12:04:25.546] [DEBUG] debug-file - restool module names: entry; moduleName=entry, taskName=default@ProcessResource
[2026-10-01T12:04:25.547] [DEBUG] debug-file - Executing task :entry:default@ProcessResource
[2026-10-01T12:04:25.547] [DEBUG] debug-file - Task 'entry:default@ProcessResource' cost while wrapping incremental declarations: 1 ms 
[2026-10-01T12:04:25.548] [DEBUG] debug-file - entry:default@ProcessResource is not up-to-date, since the output file 'E:\BiliMusic\HarmonyOS-Phone\entry\build\default\intermediates\res\default\resConfig.json' does not exist.
[2026-10-01T12:04:25.548] [DEBUG] debug-file - Incremental task entry:default@ProcessResource pre-execution cost: 1 ms .
[2026-10-01T12:04:25.550] [DEBUG] debug-file - entry : default@ProcessResource cost memory 0.1428985595703125
[2026-10-01T12:04:25.550] [DEBUG] debug-file - runTaskFromQueue task cost before running: 2 s 36 ms 
[2026-10-01T12:04:25.551] [INFO] debug-file - Finished :entry:default@ProcessResource... after 4 ms 
[2026-10-01T12:04:25.552] [DEBUG] debug-file - Executing task :entry:default@GenerateLoaderJson
[2026-10-01T12:04:25.553] [DEBUG] debug-file - Task 'entry:default@GenerateLoaderJson' cost while wrapping incremental declarations: 1 ms 
[2026-10-01T12:04:25.556] [DEBUG] debug-file - entry:default@GenerateLoaderJson is not up-to-date, since the input file 'E:\BiliMusic\HarmonyOS-Phone\entry\build\default\intermediates\loader\default\pkgContextInfo.json' has been changed.
[2026-10-01T12:04:25.556] [DEBUG] debug-file - Incremental task entry:default@GenerateLoaderJson pre-execution cost: 2 ms .
[2026-10-01T12:04:25.558] [DEBUG] debug-file - entry : default@GenerateLoaderJson cost memory 0.9516525268554688
[2026-10-01T12:04:25.558] [DEBUG] debug-file - runTaskFromQueue task cost before running: 2 s 44 ms 
[2026-10-01T12:04:25.560] [INFO] debug-file - Finished :entry:default@GenerateLoaderJson... after 7 ms 
[2026-10-01T12:04:25.561] [DEBUG] debug-file - Executing task :entry:default@ProcessLibs
[2026-10-01T12:04:25.561] [DEBUG] debug-file - Task 'entry:default@ProcessLibs' cost while wrapping incremental declarations: 1 ms 
[2026-10-01T12:04:25.562] [DEBUG] debug-file - entry:default@ProcessLibs is not up-to-date, since the output file 'E:\BiliMusic\HarmonyOS-Phone\entry\build\default\intermediates\libs\default' does not exist.
[2026-10-01T12:04:25.562] [DEBUG] debug-file - Incremental task entry:default@ProcessLibs pre-execution cost: 1 ms .
[2026-10-01T12:04:25.565] [DEBUG] debug-file - Worker dispatch failed, running processLibs on main thread.
[2026-10-01T12:04:25.566] [DEBUG] debug-file - entry : default@ProcessLibs cost memory 0.44248199462890625
[2026-10-01T12:04:25.566] [DEBUG] debug-file - runTaskFromQueue task cost before running: 2 s 51 ms 
[2026-10-01T12:04:25.566] [INFO] debug-file - Finished :entry:default@ProcessLibs... after 6 ms 
[2026-10-01T12:04:25.567] [DEBUG] debug-file - restool module names: entry; moduleName=entry, taskName=default@CompileResource
[2026-10-01T12:04:25.567] [DEBUG] debug-file - Executing task :entry:default@CompileResource
[2026-10-01T12:04:25.570] [DEBUG] debug-file - entry:default@CompileResource is not up-to-date, since the input file 'E:\BiliMusic\HarmonyOS-Phone\entry\build\default\intermediates\process_profile\default\module.json' has been changed.
[2026-10-01T12:04:25.570] [DEBUG] debug-file - Incremental task entry:default@CompileResource pre-execution cost: 3 ms .
[2026-10-01T12:04:25.573] [DEBUG] debug-file - Use tool [E:\Program Files\Huawei\DevEco Studio\sdk\default\openharmony\toolchains\restool.exe]
 [
  'E:\\Program Files\\Huawei\\DevEco Studio\\sdk\\default\\openharmony\\toolchains\\restool.exe',
  '-l',
  'E:\\BiliMusic\\HarmonyOS-Phone\\entry\\build\\default\\intermediates\\res\\default\\resConfig.json'
]
[2026-10-01T12:04:25.574] [DEBUG] debug-file - current process  memoryUsage: {
  rss: 296501248,
  heapTotal: 167211008,
  heapUsed: 137639456,
  external: 3968400,
  arrayBuffers: 32217
} os memoryUsage :14.732540130615234
[2026-10-01T12:04:25.611] [DEBUG] debug-file - Info: Pack: normal pack mode

[2026-10-01T12:04:25.677] [DEBUG] debug-file - Info: hardware concurrency count is : 12
Info: thread count is : 12

[2026-10-01T12:04:25.677] [DEBUG] debug-file - Info: thread pool is started

[2026-10-01T12:04:25.678] [DEBUG] debug-file - Info: GenericCompiler::CompileFiles

[2026-10-01T12:04:25.682] [DEBUG] debug-file - Info: GenericCompiler::CompileFiles

[2026-10-01T12:04:25.682] [DEBUG] debug-file - Warning: 'E:\BiliMusic\HarmonyOS-Phone\entry\src\main\resources\base\media\app_icon.png' is defined repeatedly.

[2026-10-01T12:04:25.683] [DEBUG] debug-file - Info: GenericCompiler::CompileFiles

[2026-10-01T12:04:25.688] [DEBUG] debug-file - 10-01 12:04:25.688 19212 19080 I C01400/SvgDecodeUtils: SvgDecodeUtils::IsSvgFormat probe svg format, path:E:\BiliMusic\HarmonyOS-Phone\AppScope\resources\base\media\app_icon.png.

[2026-10-01T12:04:25.688] [DEBUG] debug-file - 10-01 12:04:25.688 19212 19080 E C01400/ImageTranscoderUtils: DecodeToRGBA IN

[2026-10-01T12:04:25.688] [DEBUG] debug-file - 10-01 12:04:25.688 19212 19080 I C01400/SvgDecodeUtils: SvgDecodeUtils::IsSvgFormat probe svg format, path:E:\BiliMusic\HarmonyOS-Phone\AppScope\resources\base\media\app_icon.png.
10-01 12:04:25.688 19212 19080 E C01400/ImageTranscoderUtils: ImageFilter IN E:\BiliMusic\HarmonyOS-Phone\AppScope\resources\base\media\app_icon.png

[2026-10-01T12:04:25.692] [DEBUG] debug-file - 10-01 12:04:25.692 19212 19080 E C01400/ImageTranscoder: TranscodeSLR Only zoom-out is supported.

[2026-10-01T12:04:25.692] [DEBUG] debug-file - Warning: ScaleImage failed, error message: INVALID_PARAMETERS, file path = E:\BiliMusic\HarmonyOS-Phone\AppScope\resources\base\media\app_icon.png

[2026-10-01T12:04:25.693] [DEBUG] debug-file - Warning: The width or height of the png file referenced by the icon exceeds the limit (41 pixels)
at E:\BiliMusic\HarmonyOS-Phone\AppScope\resources\base\media\app_icon.png

[2026-10-01T12:04:25.693] [DEBUG] debug-file - Warning: The width or height of the png file referenced by the startWindowIcon exceeds the limit (144 pixels)
at E:\BiliMusic\HarmonyOS-Phone\AppScope\resources\base\media\app_icon.png

[2026-10-01T12:04:25.694] [DEBUG] debug-file - Info: restool resources compile success.

[2026-10-01T12:04:25.695] [DEBUG] debug-file - Info: thread pool is stopped

[2026-10-01T12:04:25.768] [WARN] debug-file - Warning: 'EntryAbility_desc' conflict, first declared.
at E:\BiliMusic\HarmonyOS-Phone\AppScope\resources\base\element\string.json
but declared again.
at E:\BiliMusic\HarmonyOS-Phone\entry\src\main\resources\base\element\string.json
Warning: 'EntryAbility_label' conflict, first declared.
at E:\BiliMusic\HarmonyOS-Phone\AppScope\resources\base\element\string.json
but declared again.
at E:\BiliMusic\HarmonyOS-Phone\entry\src\main\resources\base\element\string.json
Warning: 'module_desc' conflict, first declared.
at E:\BiliMusic\HarmonyOS-Phone\AppScope\resources\base\element\string.json
but declared again.
at E:\BiliMusic\HarmonyOS-Phone\entry\src\main\resources\base\element\string.json

[2026-10-01T12:04:25.769] [DEBUG] debug-file - entry : default@CompileResource cost memory 0.9563446044921875
[2026-10-01T12:04:25.770] [DEBUG] debug-file - runTaskFromQueue task cost before running: 2 s 255 ms 
[2026-10-01T12:04:25.770] [INFO] debug-file - Finished :entry:default@CompileResource... after 203 ms 
[2026-10-01T12:04:25.771] [DEBUG] debug-file - Executing task :entry:default@DoNativeStrip
[2026-10-01T12:04:25.771] [DEBUG] debug-file - File: 'E:\BiliMusic\HarmonyOS-Phone\entry\build\default\intermediates\binxo\default' from 'doBinxoNativeLibs' is not exists, just ignore.
[2026-10-01T12:04:25.772] [DEBUG] debug-file - Task 'entry:default@DoNativeStrip' cost while wrapping incremental declarations: 1 ms 
[2026-10-01T12:04:25.772] [DEBUG] debug-file - entry:default@DoNativeStrip is not up-to-date, since the output file 'E:\BiliMusic\HarmonyOS-Phone\entry\build\default\intermediates\stripped_native_libs\default' does not exist.
[2026-10-01T12:04:25.772] [DEBUG] debug-file - Incremental task entry:default@DoNativeStrip pre-execution cost: 1 ms .
[2026-10-01T12:04:25.774] [DEBUG] debug-file - entry : default@DoNativeStrip cost memory 0.09610748291015625
[2026-10-01T12:04:25.774] [DEBUG] debug-file - runTaskFromQueue task cost before running: 2 s 259 ms 
[2026-10-01T12:04:25.774] [INFO] debug-file - Finished :entry:default@DoNativeStrip... after 3 ms 
[2026-10-01T12:04:25.776] [DEBUG] debug-file - Executing task :entry:default@CompileArkTS
[2026-10-01T12:04:25.778] [DEBUG] debug-file - obfuscationOptions: undefined
[2026-10-01T12:04:25.779] [DEBUG] debug-file - Task 'entry:default@CompileArkTS' cost while wrapping incremental declarations: 1 ms 
[2026-10-01T12:04:25.782] [DEBUG] debug-file - entry:default@CompileArkTS is not up-to-date, since the input file 'E:\BiliMusic\HarmonyOS-Phone\entry\build\default\intermediates\loader\default' has been changed.
[2026-10-01T12:04:25.782] [DEBUG] debug-file - Incremental task entry:default@CompileArkTS pre-execution cost: 2 ms .
[2026-10-01T12:04:25.789] [DEBUG] debug-file - build config:
[2026-10-01T12:04:25.789] [DEBUG] debug-file - {
  moduleType: 'entry',
  perf: 0,
  targetName: '.default',
  packageManagerType: 'ohpm',
  localPropertiesPath: 'E:\\BiliMusic\\HarmonyOS-Phone\\local.properties',
  isPreview: false,
  isOhosTest: false,
  isLocalTest: false,
  buildMode: 'Debug',
  hotReloadBuild: undefined,
  watchMode: 'false',
  aceProfilePath: 'E:\\BiliMusic\\HarmonyOS-Phone\\entry\\build\\default\\intermediates\\res\\default\\resources\\base\\profile',
  etsLoaderPath: 'E:\\Program Files\\Huawei\\DevEco Studio\\sdk\\default\\openharmony\\ets\\build-tools\\ets-loader',
  modulePath: 'E:\\BiliMusic\\HarmonyOS-Phone\\entry',
  testFrameworkPar: {
    testMode: undefined,
    coveragePathFilter: undefined,
    coverageMode: undefined
  },
  needCoverageInsert: false,
  debugLine: false,
  projectTopDir: 'E:\\BiliMusic\\HarmonyOS-Phone',
  compileSdkVersion: 26,
  compatibleSdkVersion: 23,
  originCompatibleSdkVersion: '6.1.0(23)',
  compatibleSdkVersionStage: undefined,
  bundleName: 'c***c',
  etsLoaderVersion: '26.0.0.105',
  etsLoaderReleaseType: 'Release',
  aotCompileMode: 'type',
  apPath: 'E:\\BiliMusic\\HarmonyOS-Phone\\entry\\modules.ap',
  entryModuleName: 'entry',
  entryModuleVersion: '1.0.0',
  entryPackageName: 'entry',
  allModuleNameHash: '1fb86d416fab12e52c2c8a33b6437b4d1df774ceea39dccf98e38fe553734155',
  externalApiPaths: [
    'E:\\Program Files\\Huawei\\DevEco Studio\\sdk\\default\\hms\\ets'
  ],
  compilerTypes: [],
  isCrossplatform: false,
  hvigorPluginFile: undefined,
  compilePluginPath: undefined,
  buildGeneratedProfilePath: 'E:\\BiliMusic\\HarmonyOS-Phone\\entry\\build\\default\\generated\\profile\\default',
  bundleType: 'app',
  arkTSVersion: undefined,
  apiVersion: 26,
  needCompleteSourcesMap: false,
  isFaMode: false,
  buildDir: 'E:\\BiliMusic\\HarmonyOS-Phone\\entry\\build',
  buildCacheProjectDir: 'E:\\BiliMusic\\HarmonyOS-Phone',
  deviceTypes: [ 'phone' ],
  pkgContextInfo: {
    '@ohos/hypium': {
      packageName: '@ohos/hypium',
      bundleName: '*****',
      moduleName: '',
      version: '1.0.19',
      entryPath: 'index.js',
      isSO: false,
      dependencyAlias: ''
    },
    '@ohos/hamock': {
      packageName: '@ohos/hamock',
      bundleName: '*****',
      moduleName: '',
      version: '1.0.0',
      entryPath: 'index.ets',
      isSO: false,
      dependencyAlias: ''
    },
    entry: {
      packageName: 'entry',
      bundleName: '*****',
      moduleName: '',
      version: '',
      entryPath: 'src/main/',
      isSO: false,
      dependencyAlias: ''
    }
  },
  ohPackagePathMap: {},
  dependencyAliasMap: {},
  permission: {
    requestPermissions: [ [Object], [Object], [Object] ],
    definePermissions: undefined
  },
  useGetCurrentBundleName: false,
  projectArkOption: undefined,
  sourceMapDir: undefined,
  branchElimination: false,
  transformLib: undefined,
  tsImportSendable: false,
  resolveConflictMode: true,
  depName2RootPath: {},
  depName2DepInfo: {},
  depName2OhExports: {},
  rootPathSet: [ 'E:\\BiliMusic\\HarmonyOS-Phone' ],
  useNativeResolver: true,
  shouldEmitJs: true,
  useUnifiedAst: false,
  useTscResolve: false,
  singleFileEmit: false,
  userProjectConfig: {
    autoLazyImport: false,
    allowEmptyBundleName: false,
    reExportCheckMode: 'noCheck',
    executionMode: 'memory',
    usePathPlaceholder: false,
    writeRollupCache: true,
    isExpandImportEnabled: false,
    expandImportExclude: '',
    lazyImportExclude: '',
    lazyImportInclude: '',
    ignoreCrossplatformCheck: false,
    isHarDeduplicateEnabled: false,
    skipOhModulesLint: false,
    enableStrictCheckOHModule: false,
    disableSendableCheckRules: [],
    useDeclarationFileSignature: false,
    customizedOptions: undefined,
    integratedHsp: false,
    tsImportSoCheck: false,
    isPreloadSoEnabled: false
  },
  executionMode: 'memory',
  arkCompileCachePath: 'E:\\BiliMusic\\HarmonyOS-Phone\\entry\\build\\default\\cache\\default\\default@CompileArkTS\\esmodule',
  autoLazyFilter: undefined,
  isHarDeduplicateEnabled: false,
  intermediateHarDuplicateDirPath: 'E:\\BiliMusic\\HarmonyOS-Phone\\entry\\build\\default\\intermediates\\har_duplicate\\default',
  autoLazyImport: false,
  allowEmptyBundleName: false,
  reExportCheckMode: 'noCheck',
  usePathPlaceholder: false,
  writeRollupCache: true,
  isExpandImportEnabled: false,
  expandImportExclude: '',
  lazyImportExclude: '',
  lazyImportInclude: '',
  ignoreCrossplatformCheck: false,
  skipOhModulesLint: false,
  enableStrictCheckOHModule: false,
  disableSendableCheckRules: [],
  useDeclarationFileSignature: false,
  customizedOptions: undefined,
  integratedHsp: false,
  tsImportSoCheck: false,
  isPreloadSoEnabled: false,
  strictMode: {
    caseSensitiveCheck: true,
    useNormalizedOHMUrl: true,
    noExternalImportByPath: true
  },
  useNormalizedOHMUrl: true,
  caseSensitiveCheck: true,
  strictCheckerOnly: false,
  aceModuleJsonPath: 'E:\\BiliMusic\\HarmonyOS-Phone\\entry\\build\\default\\intermediates\\res\\default\\ark_module.json',
  appResource: 'E:\\BiliMusic\\HarmonyOS-Phone\\entry\\build\\default\\intermediates\\res\\default\\ResourceTable.txt',
  rawFileResource: 'E:\\BiliMusic\\HarmonyOS-Phone\\entry\\build\\default\\intermediates\\res\\default\\resources\\rawfile',
  resourceTableHash: 'bd120a11862e0500e4541667a30320451a790a0fdfe926953fe0a46d9d064c41',
  runtimeOS: 'HarmonyOS',
  sdkInfo: 'false:26:26.0.0.105:Release',
  aceModuleRoot: 'E:\\BiliMusic\\HarmonyOS-Phone\\entry\\src\\main\\ets',
  compileMode: 'esmodule',
  aceSuperVisualPath: 'E:\\BiliMusic\\HarmonyOS-Phone\\entry\\src\\main\\supervisual',
  aceBuildJson: 'E:\\BiliMusic\\HarmonyOS-Phone\\entry\\build\\default\\intermediates\\loader\\default\\loader.json',
  cachePath: 'E:\\BiliMusic\\HarmonyOS-Phone\\entry\\build\\default\\cache\\default\\default@CompileArkTS\\esmodule\\debug',
  aceModuleBuild: 'E:\\BiliMusic\\HarmonyOS-Phone\\entry\\build\\default\\intermediates\\loader_out\\default\\ets',
  supportChunks: true,
  declaredFilesPath: undefined,
  shouldCollectDirectImportees: false,
  isByteCodeHarOptimize: false,
  expandImportPath: undefined,
  resourceTableTs: 'E:\\BiliMusic\\HarmonyOS-Phone\\entry\\build\\default\\generated\\r\\default\\ResourceTable.ts',
  moduleMetaInfoFiles: [
    {
      filePath: 'E:\\BiliMusic\\HarmonyOS-Phone\\entry\\build\\default\\generated\\r\\default\\ResourceTable.ts',
      ohmurl: '&entry/build/generated/r/ResourceTable&'
    }
  ],
  pkgNameToPkgBriefInfo: {
    entry: {
      pkgRoot: 'E:\\BiliMusic\\HarmonyOS-Phone\\entry',
      originalSourceRoots: undefined,
      sourceRoots: [Array],
      pkgName: 'entry'
    }
  },
  projectModel: {
    'E:\\BiliMusic\\HarmonyOS-Phone\\entry\\src\\main': {
      moduleName: 'entry',
      modulePkgPath: 'E:\\BiliMusic\\HarmonyOS-Phone\\entry',
      belongProjectPath: 'E:\\BiliMusic\\HarmonyOS-Phone'
    },
    'E:\\BiliMusic\\HarmonyOS-Phone\\entry': {
      moduleName: 'entry',
      modulePkgPath: 'E:\\BiliMusic\\HarmonyOS-Phone\\entry',
      belongProjectPath: 'E:\\BiliMusic\\HarmonyOS-Phone'
    },
    'E:\\BiliMusic\\HarmonyOS-Phone': {
      moduleName: 'HarmonyOS-Phone',
      modulePkgPath: 'E:\\BiliMusic\\HarmonyOS-Phone',
      belongProjectPath: 'E:\\BiliMusic\\HarmonyOS-Phone'
    }
  },
  pkgJsonFileHash: 'a3d462a761ea7d0350a74ef0a1754da6bd9797b955aaf1e19b1dcad95c0dbc08',
  allModulePaths: [ 'E:\\BiliMusic\\HarmonyOS-Phone\\entry' ],
  routerMap: {},
  obfuscationOptions: undefined,
  byteCodeHarToDependencyKeys: undefined,
  compileBlockPkg: [],
  mockParams: {
    decorator: '@MockSetup',
    packageName: '@ohos/hamock',
    etsSourceRootPath: 'src/main/ets',
    mockConfigPath: undefined,
    mockConfigKey2ModuleInfo: {},
    source2ModuleIdMap: {}
  },
  copyCodeResourceEnable: true,
  copyCodeResourceExcludes: [],
  copyCodeResourceIncludes: undefined,
  uiTransformOptimization: false,
  sdkPath: 'E:/Program Files/Huawei/DevEco Studio/sdk',
  needPreloadSoFileSet: {},
  preloadSoFilePath: 'E:\\BiliMusic\\HarmonyOS-Phone\\entry\\build\\default\\intermediates\\preload\\default\\preload.json',
  useSourceHash: false,
  localModuleParamMap: {},
  otherPaths: {
    'entry/*': [
      '..\\*',
      '..\\..\\..\\build\\default\\generated\\profile\\default\\*'
    ]
  },
  collectImportersConfig: undefined
}
[2026-10-01T12:04:25.790] [DEBUG] debug-file - Compile arkts with external api path: E:\Program Files\Huawei\DevEco Studio\sdk\default\hms\ets
[2026-10-01T12:04:25.791] [DEBUG] debug-file - before submitting ArkTS compile task to worker pool, config.buildDir: E:\BiliMusic\HarmonyOS-Phone\entry\build
[2026-10-01T12:04:25.791] [DEBUG] debug-file - default@CompileArkTS work[0] is submitted.
[2026-10-01T12:04:25.791] [DEBUG] debug-file - default@CompileArkTS work[0] is pushed to ready queue.
[2026-10-01T12:04:25.791] [DEBUG] debug-file - A work dispatched to worker[11] failed because unable to get work from ready queue.
[2026-10-01T12:04:25.791] [DEBUG] debug-file - A work dispatched to worker[10] failed because unable to get work from ready queue.
[2026-10-01T12:04:25.792] [DEBUG] debug-file - A work dispatched to worker[9] failed because unable to get work from ready queue.
[2026-10-01T12:04:25.792] [DEBUG] debug-file - A work dispatched to worker[8] failed because unable to get work from ready queue.
[2026-10-01T12:04:25.792] [DEBUG] debug-file - A work dispatched to worker[7] failed because unable to get work from ready queue.
[2026-10-01T12:04:25.792] [DEBUG] debug-file - A work dispatched to worker[6] failed because unable to get work from ready queue.
[2026-10-01T12:04:25.792] [DEBUG] debug-file - A work dispatched to worker[5] failed because unable to get work from ready queue.
[2026-10-01T12:04:25.792] [DEBUG] debug-file - Create  resident worker with id: 4.
[2026-10-01T12:04:25.793] [DEBUG] debug-file - default@CompileArkTS work[0] has been dispatched to worker[4].
[2026-10-01T12:04:25.794] [DEBUG] debug-file - default@CompileArkTS work[0] is dispatched.
[2026-10-01T12:04:25.794] [DEBUG] debug-file - CopyResources startTime: 20497795821100
[2026-10-01T12:04:25.794] [DEBUG] debug-file - default@CompileArkTS work[1] is submitted.
[2026-10-01T12:04:25.794] [DEBUG] debug-file - default@CompileArkTS work[1] is pushed to ready queue.
[2026-10-01T12:04:25.794] [DEBUG] debug-file - A work dispatched to worker[11] failed because unable to get work from ready queue.
[2026-10-01T12:04:25.794] [DEBUG] debug-file - Create  resident worker with id: 10.
[2026-10-01T12:04:25.795] [DEBUG] debug-file - default@CompileArkTS work[1] has been dispatched to worker[10].
[2026-10-01T12:04:25.795] [DEBUG] debug-file - default@CompileArkTS work[1] is dispatched.
[2026-10-01T12:04:25.795] [DEBUG] debug-file - entry : default@CompileArkTS cost memory 1.528656005859375
[2026-10-01T12:04:25.796] [DEBUG] debug-file - Executing task :entry:default@BuildJS
[2026-10-01T12:04:25.797] [DEBUG] debug-file - Task 'entry:default@BuildJS' cost while wrapping incremental declarations: 1 ms 
[2026-10-01T12:04:25.798] [DEBUG] debug-file - entry : default@BuildJS cost memory 0.17412567138671875
[2026-10-01T12:04:25.798] [DEBUG] debug-file - runTaskFromQueue task cost before running: 2 s 284 ms 
[2026-10-01T12:04:25.798] [INFO] debug-file - Finished :entry:default@BuildJS... after 2 ms 
[2026-10-01T12:04:25.799] [DEBUG] debug-file - Executing task :entry:default@CacheNativeLibs
[2026-10-01T12:04:25.799] [DEBUG] debug-file - File: 'E:\BiliMusic\HarmonyOS-Phone\entry\build\default\intermediates\binxo\default' from 'cacheBinxoNativeLibs' is not exists, just ignore.
[2026-10-01T12:04:25.799] [DEBUG] debug-file - Task 'entry:default@CacheNativeLibs' cost while wrapping incremental declarations: 1 ms 
[2026-10-01T12:04:25.800] [DEBUG] debug-file - entry:default@CacheNativeLibs is not up-to-date, since the output file 'E:\BiliMusic\HarmonyOS-Phone\entry\build\default\intermediates\patch\default\base_native_libs.json' does not exist.
[2026-10-01T12:04:25.800] [DEBUG] debug-file - Incremental task entry:default@CacheNativeLibs pre-execution cost: 1 ms .
[2026-10-01T12:04:25.800] [DEBUG] debug-file - default@CacheNativeLibs work[2] is submitted.
[2026-10-01T12:04:25.800] [DEBUG] debug-file - default@CacheNativeLibs work[2] is pushed to ready queue.
[2026-10-01T12:04:25.800] [DEBUG] debug-file - A work dispatched to worker[11] failed because unable to get work from ready queue.
[2026-10-01T12:04:25.800] [DEBUG] debug-file - A work dispatched to worker[10] failed because of worker busy.
[2026-10-01T12:04:25.800] [DEBUG] debug-file - Create  resident worker with id: 9.
[2026-10-01T12:04:25.801] [DEBUG] debug-file - default@CacheNativeLibs work[2] has been dispatched to worker[9].
[2026-10-01T12:04:25.801] [DEBUG] debug-file - default@CacheNativeLibs work[2] is dispatched.
[2026-10-01T12:04:25.801] [DEBUG] debug-file - entry : default@CacheNativeLibs cost memory 0.21148681640625
[2026-10-01T12:04:26.365] [DEBUG] debug-file - worker[10] has one work done.
[2026-10-01T12:04:26.366] [DEBUG] debug-file - CopyResources is end, endTime: 20498367801100
[2026-10-01T12:04:26.366] [DEBUG] debug-file - default@CompileArkTS work[1] done.
[2026-10-01T12:04:26.366] [DEBUG] debug-file - A work dispatched to worker[10] failed because unable to get work from ready queue.
[2026-10-01T12:04:26.421] [DEBUG] debug-file - worker[9] has one work done.
[2026-10-01T12:04:26.421] [DEBUG] debug-file - default@CacheNativeLibs work[2] done.
[2026-10-01T12:04:26.421] [DEBUG] debug-file - A work dispatched to worker[9] failed because unable to get work from ready queue.
[2026-10-01T12:04:26.421] [INFO] debug-file - Finished :entry:default@CacheNativeLibs... after 8 ms 
[2026-10-01T12:04:35.529] [WARN] debug-file - [33mWARN: [33m[33mArkTS:WARN File: E:/BiliMusic/HarmonyOS-Phone/entry/src/main/ets/utils/MaterialCompat.ets:123:29
 Classes cannot be used as objects (arkts-no-classes-as-obj)
[39m[39m
[33mWARN: [33m[33mArkTS:WARN File: E:/BiliMusic/HarmonyOS-Phone/entry/src/main/ets/pages/Index.ets:375:31
 Classes cannot be used as objects (arkts-no-classes-as-obj)
[39m[39m
[33mWARN: [33m[33mArkTS:WARN: For details about ArkTS syntax errors, see FAQs[39m[39m
[33mWARN: [33m[33mArkTS:WARN File: E:/BiliMusic/HarmonyOS-Phone/entry/src/main/ets/preferences/AppPreferences.ts:32:39
 Function may throw exceptions. Special handling is required.
[39m[39m
[33mWARN: [33m[33mArkTS:WARN File: E:/BiliMusic/HarmonyOS-Phone/entry/src/main/ets/preferences/AppPreferences.ts:44:11
 Function may throw exceptions. Special handling is required.
[39m[39m
[33mWARN: [33m[33mArkTS:WARN File: E:/BiliMusic/HarmonyOS-Phone/entry/src/main/ets/preferences/AppPreferences.ts:45:11
 Function may throw exceptions. Special handling is required.
[39m[39m
[33mWARN: [33m[33mArkTS:WARN File: E:/BiliMusic/HarmonyOS-Phone/entry/src/main/ets/preferences/AppPreferences.ts:50:11
 Function may throw exceptions. Special handling is required.
[39m[39m
[33mWARN: [33m[33mArkTS:WARN File: E:/BiliMusic/HarmonyOS-Phone/entry/src/main/ets/preferences/AppPreferences.ts:51:11
 Function may throw exceptions. Special handling is required.
[39m[39m
[33mWARN: [33m[33mArkTS:WARN File: E:/BiliMusic/HarmonyOS-Phone/entry/src/main/ets/preferences/AppPreferences.ts:56:11
 Function may throw exceptions. Special handling is required.
[39m[39m
[33mWARN: [33m[33mArkTS:WARN File: E:/BiliMusic/HarmonyOS-Phone/entry/src/main/ets/preferences/AppPreferences.ts:57:11
 Function may throw exceptions. Special handling is required.
[39m[39m
[33mWARN: [33m[33mArkTS:WARN File: E:/BiliMusic/HarmonyOS-Phone/entry/src/main/ets/preferences/AppPreferences.ts:61:19
 Function may throw exceptions. Special handling is required.
[39m[39m
[33mWARN: [33m[33mArkTS:WARN File: E:/BiliMusic/HarmonyOS-Phone/entry/src/main/ets/preferences/AppPreferences.ts:65:19
 Function may throw exceptions. Special handling is required.
[39m[39m
[33mWARN: [33m[33mArkTS:WARN File: E:/BiliMusic/HarmonyOS-Phone/entry/src/main/ets/preferences/AppPreferences.ts:69:32
 Function may throw exceptions. Special handling is required.
[39m[39m
[33mWARN: [33m[33mArkTS:WARN File: E:/BiliMusic/HarmonyOS-Phone/entry/src/main/ets/preferences/AppPreferences.ts:82:11
 Function may throw exceptions. Special handling is required.
[39m[39m
[33mWARN: [33m[33mArkTS:WARN File: E:/BiliMusic/HarmonyOS-Phone/entry/src/main/ets/preferences/AppPreferences.ts:83:11
 Function may throw exceptions. Special handling is required.
[39m[39m
[33mWARN: [33m[33mArkTS:WARN File: E:/BiliMusic/HarmonyOS-Phone/entry/src/main/ets/preferences/AppPreferences.ts:150:25
 Function may throw exceptions. Special handling is required.
[39m[39m
[33mWARN: [33m[33mArkTS:WARN File: E:/BiliMusic/HarmonyOS-Phone/entry/src/main/ets/preferences/AppPreferences.ts:151:11
 Function may throw exceptions. Special handling is required.
[39m[39m
[33mWARN: [33m[33mArkTS:WARN File: E:/BiliMusic/HarmonyOS-Phone/entry/src/main/ets/preferences/AppPreferences.ts:152:11
 Function may throw exceptions. Special handling is required.
[39m[39m
[33mWARN: [33m[33mArkTS:WARN File: E:/BiliMusic/HarmonyOS-Phone/entry/src/main/ets/database/RdbHelper.ts:24:33
 Function may throw exceptions. Special handling is required.
[39m[39m
[33mWARN: [33m[33mArkTS:WARN File: E:/BiliMusic/HarmonyOS-Phone/entry/src/main/ets/database/RdbHelper.ts:26:17
 Function may throw exceptions. Special handling is required.
[39m[39m
[33mWARN: [33m[33mArkTS:WARN File: E:/BiliMusic/HarmonyOS-Phone/entry/src/main/ets/database/RdbHelper.ts:28:17
 Function may throw exceptions. Special handling is required.
[39m[39m
[33mWARN: [33m[33mArkTS:WARN File: E:/BiliMusic/HarmonyOS-Phone/entry/src/main/ets/utils/HttpUtil.ts:73:49
 Function may throw exceptions. Special handling is required.
[39m[39m
[33mWARN: [33m[33mArkTS:WARN File: E:/BiliMusic/HarmonyOS-Phone/entry/src/main/ets/player/MusicPlayer.ts:123:54
 Function may throw exceptions. Special handling is required.
[39m[39m
[33mWARN: [33m[33mArkTS:WARN File: E:/BiliMusic/HarmonyOS-Phone/entry/src/main/ets/player/MusicPlayer.ts:771:29
 The system capacity of this api 'audio' is not supported on all devices
[39m[39m
[33mWARN: [33m[33mArkTS:WARN File: E:/BiliMusic/HarmonyOS-Phone/entry/src/main/ets/player/MusicPlayer.ts:773:14
 The system capacity of this api 'audio' is not supported on all devices
[39m[39m
[33mWARN: [33m[33mArkTS:WARN File: E:/BiliMusic/HarmonyOS-Phone/entry/src/main/ets/player/MusicPlayer.ts:780:14
 The system capacity of this api 'audio' is not supported on all devices
[39m[39m
[33mWARN: [33m[33mArkTS:WARN File: E:/BiliMusic/HarmonyOS-Phone/entry/src/main/ets/player/MusicPlayer.ts:787:14
 The system capacity of this api 'audio' is not supported on all devices
[39m[39m
[33mWARN: [33m[33mArkTS:WARN File: E:/BiliMusic/HarmonyOS-Phone/entry/src/main/ets/player/MusicPlayer.ts:792:36
 The system capacity of this api 'audio' is not supported on all devices
[39m[39m
[33mWARN: [33m[33mArkTS:WARN File: E:/BiliMusic/HarmonyOS-Phone/entry/src/main/ets/player/MusicPlayer.ts:794:14
 The system capacity of this api 'audio' is not supported on all devices
[39m[39m
[33mWARN: [33m[33mArkTS:WARN File: E:/BiliMusic/HarmonyOS-Phone/entry/src/main/ets/player/MusicPlayer.ts:800:14
 The system capacity of this api 'audio' is not supported on all devices
[39m[39m
[33mWARN: [33m[33mArkTS:WARN File: E:/BiliMusic/HarmonyOS-Phone/entry/src/main/ets/player/MusicPlayer.ts:999:16
 The system capacity of this api 'media' is not supported on all devices
[39m[39m
[33mWARN: [33m[33mArkTS:WARN File: E:/BiliMusic/HarmonyOS-Phone/entry/src/main/ets/player/MusicPlayer.ts:1152:18
 The system capacity of this api 'audio' is not supported on all devices
[39m[39m
[33mWARN: [33m[33mArkTS:WARN File: E:/BiliMusic/HarmonyOS-Phone/entry/src/main/ets/player/MusicPlayer.ts:1152:24
 'ContentType' has been deprecated.
[39m[39m
[33mWARN: [33m[33mArkTS:WARN File: E:/BiliMusic/HarmonyOS-Phone/entry/src/main/ets/player/MusicPlayer.ts:1152:36
 'CONTENT_TYPE_MUSIC' has been deprecated.
[39m[39m
[33mWARN: [33m[33mArkTS:WARN File: E:/BiliMusic/HarmonyOS-Phone/entry/src/main/ets/player/MusicPlayer.ts:1153:16
 The system capacity of this api 'audio' is not supported on all devices
[39m[39m
[33mWARN: [33m[33mArkTS:WARN File: E:/BiliMusic/HarmonyOS-Phone/entry/src/main/ets/pages/Index.ets:375:31
 The 'HdsBarLayoutMode' API is supported since SDK version 6.1.1(24). However, the current compatible SDK version is 6.1.0(23).
 It is recommended to use apiAvailable to safeguard API compatibility.
[39m[39m
[33mWARN: [33m[33mArkTS:WARN File: E:/BiliMusic/HarmonyOS-Phone/entry/src/main/ets/pages/Index.ets:375:66
 The 'HdsBarLayoutMode' API is supported since SDK version 6.1.1(24). However, the current compatible SDK version is 6.1.0(23).
 It is recommended to use apiAvailable to safeguard API compatibility.
[39m[39m
[33mWARN: [33m[33mArkTS:WARN File: E:/BiliMusic/HarmonyOS-Phone/entry/src/main/ets/pages/Index.ets:375:83
 The 'HORIZONTAL' API is supported since SDK version 6.1.1(24). However, the current compatible SDK version is 6.1.0(23).
 It is recommended to use apiAvailable to safeguard API compatibility.
[39m[39m

[2026-10-01T12:04:35.530] [DEBUG] debug-file - Ark compile task finished.finished time is 20507531979400
[2026-10-01T12:04:35.530] [DEBUG] debug-file - worker[4] has one work done.
[2026-10-01T12:04:35.532] [DEBUG] debug-file - default@CompileArkTS work[0] done.
[2026-10-01T12:04:35.532] [DEBUG] debug-file - A work dispatched to worker[4] failed because unable to get work from ready queue.
[2026-10-01T12:04:35.533] [INFO] debug-file - Finished :entry:default@CompileArkTS... after 8 s 125 ms 
[2026-10-01T12:04:35.534] [DEBUG] debug-file - Executing task :entry:default@GeneratePkgModuleJson
[2026-10-01T12:04:35.534] [DEBUG] debug-file - File: 'E:\BiliMusic\HarmonyOS-Phone\entry\build\default\intermediates\preload\default\preload.json' from 'preloadSoJsonPath' is not exists, just ignore.
[2026-10-01T12:04:35.534] [DEBUG] debug-file - Error occurs while handling @Input 'shouldDeduplicateHar': The "data" argument must be of type string or an instance of Buffer, TypedArray, or DataView. Received undefined
[2026-10-01T12:04:35.534] [DEBUG] debug-file - Task 'entry:default@GeneratePkgModuleJson' cost while wrapping incremental declarations: 1 ms 
[2026-10-01T12:04:35.534] [DEBUG] debug-file - entry:default@GeneratePkgModuleJson is not up-to-date, since the input file 'E:\BiliMusic\HarmonyOS-Phone\entry\build\default\intermediates\res\default\module.json' has been changed.
[2026-10-01T12:04:35.535] [DEBUG] debug-file - Incremental task entry:default@GeneratePkgModuleJson pre-execution cost: 1 ms .
[2026-10-01T12:04:35.537] [DEBUG] debug-file - entry : default@GeneratePkgModuleJson cost memory 0.17647552490234375
[2026-10-01T12:04:35.537] [DEBUG] debug-file - runTaskFromQueue task cost before running: 12 s 22 ms 
[2026-10-01T12:04:35.537] [INFO] debug-file - Finished :entry:default@GeneratePkgModuleJson... after 3 ms 
[2026-10-01T12:04:35.537] [DEBUG] debug-file - Executing task :entry:default@ProcessCompiledResources
[2026-10-01T12:04:35.538] [DEBUG] debug-file - File: 'E:\BiliMusic\HarmonyOS-Phone\entry\build\default\intermediates\preload\default\preload.json' from 'preloadSoJsonPath' is not exists, just ignore.
[2026-10-01T12:04:35.538] [DEBUG] debug-file - Task 'entry:default@ProcessCompiledResources' cost while wrapping incremental declarations: 1 ms 
[2026-10-01T12:04:35.538] [DEBUG] debug-file - entry : default@ProcessCompiledResources cost memory 0.05251312255859375
[2026-10-01T12:04:35.538] [DEBUG] debug-file - runTaskFromQueue task cost before running: 12 s 24 ms 
[2026-10-01T12:04:35.538] [INFO] debug-file - Finished :entry:default@ProcessCompiledResources... after 1 ms 
[2026-10-01T12:04:35.540] [DEBUG] debug-file - Executing task :entry:default@PackageHap
[2026-10-01T12:04:35.542] [DEBUG] debug-file - entry:default@PackageHap is not up-to-date, since the input file 'E:\BiliMusic\HarmonyOS-Phone\entry\build\default\outputs\default\pack.info' has been changed.
[2026-10-01T12:04:35.542] [DEBUG] debug-file - Incremental task entry:default@PackageHap pre-execution cost: 2 ms .
[2026-10-01T12:04:35.543] [DEBUG] debug-file - Use tool [E:\Program Files\Huawei\DevEco Studio\sdk\default\openharmony\toolchains\lib\app_packing_tool.jar]
 [
  'java',
  '-Dfile.encoding=GBK',
  '-jar',
  'E:\\Program Files\\Huawei\\DevEco Studio\\sdk\\default\\openharmony\\toolchains\\lib\\app_packing_tool.jar',
  '--mode',
  'hap',
  '--force',
  'true',
  '--lib-path',
  'E:\\BiliMusic\\HarmonyOS-Phone\\entry\\build\\default\\intermediates\\stripped_native_libs\\default',
  '--json-path',
  'E:\\BiliMusic\\HarmonyOS-Phone\\entry\\build\\default\\intermediates\\package\\default\\module.json',
  '--resources-path',
  'E:\\BiliMusic\\HarmonyOS-Phone\\entry\\build\\default\\intermediates\\res\\default\\resources',
  '--index-path',
  'E:\\BiliMusic\\HarmonyOS-Phone\\entry\\build\\default\\intermediates\\res\\default\\resources.index',
  '--pack-info-path',
  'E:\\BiliMusic\\HarmonyOS-Phone\\entry\\build\\default\\outputs\\default\\pack.info',
  '--out-path',
  'E:\\BiliMusic\\HarmonyOS-Phone\\entry\\build\\default\\outputs\\default\\entry-default-unsigned.hap',
  '--ets-path',
  'E:\\BiliMusic\\HarmonyOS-Phone\\entry\\build\\default\\intermediates\\loader_out\\default\\ets',
  '--pkg-context-path',
  'E:\\BiliMusic\\HarmonyOS-Phone\\entry\\build\\default\\intermediates\\loader\\default\\pkgContextInfo.json'
]
[2026-10-01T12:04:35.545] [DEBUG] debug-file - default@PackageHap work[3] is submitted.
[2026-10-01T12:04:35.545] [DEBUG] debug-file - default@PackageHap work[3] is pushed to ready queue.
[2026-10-01T12:04:35.545] [DEBUG] debug-file - A work dispatched to worker[11] failed because unable to get work from ready queue.
[2026-10-01T12:04:35.545] [DEBUG] debug-file - default@PackageHap work[3] has been dispatched to worker[10].
[2026-10-01T12:04:35.545] [DEBUG] debug-file - default@PackageHap work[3] is dispatched.
[2026-10-01T12:04:35.548] [DEBUG] debug-file - entry : default@PackageHap cost memory -0.46490478515625
[2026-10-01T12:04:35.652] [DEBUG] debug-file - current process  memoryUsage: {
  rss: 802697216,
  heapTotal: 56836096,
  heapUsed: 50583320,
  external: 3958577,
  arrayBuffers: 18671
} os memoryUsage :14.672344207763672
[2026-10-01T12:04:36.064] [DEBUG] debug-file - worker[10] has one work done.
[2026-10-01T12:04:36.064] [DEBUG] debug-file - default@PackageHap work[3] done.
[2026-10-01T12:04:36.064] [DEBUG] debug-file - A work dispatched to worker[10] failed because unable to get work from ready queue.
[2026-10-01T12:04:36.065] [INFO] debug-file - Finished :entry:default@PackageHap... after 423 ms 
[2026-10-01T12:04:36.065] [DEBUG] debug-file - Executing task :entry:default@PackingCheck
[2026-10-01T12:04:36.069] [DEBUG] debug-file - entry : default@PackingCheck cost memory 0.47829437255859375
[2026-10-01T12:04:36.069] [DEBUG] debug-file - runTaskFromQueue task cost before running: 12 s 555 ms 
[2026-10-01T12:04:36.069] [INFO] debug-file - Finished :entry:default@PackingCheck... after 4 ms 
[2026-10-01T12:04:36.070] [DEBUG] debug-file - Executing task :entry:default@SignHap
[2026-10-01T12:04:36.070] [WARN] debug-file - No signingConfig found for product default
[2026-10-01T12:04:36.071] [DEBUG] debug-file - entry:default@SignHap is not up-to-date, since the input file 'E:\BiliMusic\HarmonyOS-Phone\entry\build\default\outputs\default\entry-default-unsigned.hap' has been changed.
[2026-10-01T12:04:36.071] [DEBUG] debug-file - Incremental task entry:default@SignHap pre-execution cost: 1 ms .
[2026-10-01T12:04:36.071] [DEBUG] debug-file - entry : default@SignHap cost memory 0.07979583740234375
[2026-10-01T12:04:36.071] [DEBUG] debug-file - runTaskFromQueue task cost before running: 12 s 557 ms 
[2026-10-01T12:04:36.072] [INFO] debug-file - Finished :entry:default@SignHap... after 2 ms 
[2026-10-01T12:04:36.073] [DEBUG] debug-file - Executing task :entry:default@CollectDebugSymbol
[2026-10-01T12:04:36.073] [DEBUG] debug-file - entry : default@CollectDebugSymbol cost memory 0.08386993408203125
[2026-10-01T12:04:36.073] [DEBUG] debug-file - runTaskFromQueue task cost before running: 12 s 559 ms 
[2026-10-01T12:04:36.073] [INFO] debug-file - Finished :entry:default@CollectDebugSymbol... after 1 ms 
[2026-10-01T12:04:36.074] [DEBUG] debug-file - Executing task :entry:assembleHap
[2026-10-01T12:04:36.074] [DEBUG] debug-file - entry : assembleHap cost memory 0.0132293701171875
[2026-10-01T12:04:36.074] [DEBUG] debug-file - runTaskFromQueue task cost before running: 12 s 559 ms 
[2026-10-01T12:04:36.074] [INFO] debug-file - Finished :entry:assembleHap... after 1 ms 
[2026-10-01T12:04:36.075] [INFO] debug-file - BUILD SUCCESSFUL in 12 s 561 ms 
[2026-10-01T12:04:36.076] [DEBUG] debug-file - There is no need to refresh cache, since the incremental task entry:default@PreBuild is up-to-date.
[2026-10-01T12:04:36.076] [DEBUG] debug-file - Update task entry:default@CreateModuleInfo output file:E:\BiliMusic\HarmonyOS-Phone\entry\build\default\generated\profile\default\ModuleInfo.ts cache.
[2026-10-01T12:04:36.076] [DEBUG] debug-file - Incremental task entry:default@CreateModuleInfo post-execution cost:1 ms .
[2026-10-01T12:04:36.076] [DEBUG] debug-file - Update task entry:default@GenerateMetadata input file:E:\BiliMusic\HarmonyOS-Phone\entry\src\main\module.json5 cache by regenerate.
[2026-10-01T12:04:36.076] [DEBUG] debug-file - Update task entry:default@GenerateMetadata output file:E:\BiliMusic\HarmonyOS-Phone\entry\build\default\intermediates\hap_metadata\default\output_metadata.json cache.
[2026-10-01T12:04:36.076] [DEBUG] debug-file - Incremental task entry:default@GenerateMetadata post-execution cost:1 ms .
[2026-10-01T12:04:36.076] [DEBUG] debug-file - Update task entry:default@MergeProfile input file:E:\BiliMusic\HarmonyOS-Phone\AppScope\app.json5 cache by regenerate.
[2026-10-01T12:04:36.077] [DEBUG] debug-file - Update task entry:default@MergeProfile input file:E:\BiliMusic\HarmonyOS-Phone\build-profile.json5 cache by regenerate.
[2026-10-01T12:04:36.077] [DEBUG] debug-file - Update task entry:default@MergeProfile input file:E:\BiliMusic\HarmonyOS-Phone\entry\src\main\module.json5 cache by regenerate.
[2026-10-01T12:04:36.077] [DEBUG] debug-file - Update task entry:default@MergeProfile output file:E:\BiliMusic\HarmonyOS-Phone\entry\build\default\intermediates\merge_profile\default\module.json cache.
[2026-10-01T12:04:36.077] [DEBUG] debug-file - Incremental task entry:default@MergeProfile post-execution cost:1 ms .
[2026-10-01T12:04:36.077] [DEBUG] debug-file - Update task entry:default@CreateBuildProfile input file:E:\BiliMusic\HarmonyOS-Phone\AppScope\app.json5 cache by regenerate.
[2026-10-01T12:04:36.077] [DEBUG] debug-file - Update task entry:default@CreateBuildProfile input file:E:\BiliMusic\HarmonyOS-Phone\build-profile.json5 cache by regenerate.
[2026-10-01T12:04:36.077] [DEBUG] debug-file - Update task entry:default@CreateBuildProfile output file:E:\BiliMusic\HarmonyOS-Phone\entry\build\default\generated\profile\default\BuildProfile.ets cache.
[2026-10-01T12:04:36.077] [DEBUG] debug-file - Incremental task entry:default@CreateBuildProfile post-execution cost:1 ms .
[2026-10-01T12:04:36.077] [DEBUG] debug-file - Update task entry:default@GeneratePkgContextInfo output file:E:\BiliMusic\HarmonyOS-Phone\entry\build\default\intermediates\loader\default\pkgContextInfo.json cache.
[2026-10-01T12:04:36.077] [DEBUG] debug-file - Incremental task entry:default@GeneratePkgContextInfo post-execution cost:1 ms .
[2026-10-01T12:04:36.077] [DEBUG] debug-file - Update task entry:default@GeneratePkgSdkInfo output file:E:\BiliMusic\HarmonyOS-Phone\entry\build\default\intermediates\loader\default\pkgSdkInfo.json cache.
[2026-10-01T12:04:36.077] [DEBUG] debug-file - Incremental task entry:default@GeneratePkgSdkInfo post-execution cost:1 ms .
[2026-10-01T12:04:36.078] [DEBUG] debug-file - Update task entry:default@ProcessIntegratedHsp output file:E:\BiliMusic\HarmonyOS-Phone\build\cache\default\integrated_hsp\integratedHspCache.json cache.
[2026-10-01T12:04:36.078] [DEBUG] debug-file - Incremental task entry:default@ProcessIntegratedHsp post-execution cost:1 ms .
[2026-10-01T12:04:36.078] [DEBUG] debug-file - Update task entry:default@MakePackInfo input file:E:\BiliMusic\HarmonyOS-Phone\AppScope\app.json5 cache by regenerate.
[2026-10-01T12:04:36.078] [DEBUG] debug-file - Update task entry:default@MakePackInfo input file:E:\BiliMusic\HarmonyOS-Phone\entry\src\main\module.json5 cache by regenerate.
[2026-10-01T12:04:36.078] [DEBUG] debug-file - Update task entry:default@MakePackInfo input file:E:\BiliMusic\HarmonyOS-Phone\build-profile.json5 cache by regenerate.
[2026-10-01T12:04:36.078] [DEBUG] debug-file - Update task entry:default@MakePackInfo output file:E:\BiliMusic\HarmonyOS-Phone\entry\build\default\outputs\default\pack.info cache.
[2026-10-01T12:04:36.078] [DEBUG] debug-file - Incremental task entry:default@MakePackInfo post-execution cost:1 ms .
[2026-10-01T12:04:36.078] [DEBUG] debug-file - Update task entry:default@SyscapTransform input file:E:\Program Files\Huawei\DevEco Studio\sdk\default\openharmony\toolchains\syscap_tool.exe cache by regenerate.
[2026-10-01T12:04:36.078] [DEBUG] debug-file - Update task entry:default@SyscapTransform input file:E:\Program Files\Huawei\DevEco Studio\sdk\default\openharmony\ets\api\device-define cache by regenerate.
[2026-10-01T12:04:36.079] [DEBUG] debug-file - Update task entry:default@SyscapTransform output file:E:\BiliMusic\HarmonyOS-Phone\entry\build\default\intermediates\syscap\default\rpcid.sc cache.
[2026-10-01T12:04:36.079] [DEBUG] debug-file - Incremental task entry:default@SyscapTransform post-execution cost:1 ms .
[2026-10-01T12:04:36.079] [DEBUG] debug-file - Update task entry:default@ProcessProfile input file:E:\BiliMusic\HarmonyOS-Phone\entry\build\default\intermediates\merge_profile\default\module.json cache from map.
[2026-10-01T12:04:36.079] [DEBUG] debug-file - Update task entry:default@ProcessProfile output file:E:\BiliMusic\HarmonyOS-Phone\entry\build\default\intermediates\process_profile\default\module.json cache.
[2026-10-01T12:04:36.079] [DEBUG] debug-file - Incremental task entry:default@ProcessProfile post-execution cost:1 ms .
[2026-10-01T12:04:36.079] [DEBUG] debug-file - Update task entry:default@ProcessRouterMap input file:E:\BiliMusic\HarmonyOS-Phone\entry\oh-package.json5 cache by regenerate.
[2026-10-01T12:04:36.079] [DEBUG] debug-file - Update task entry:default@ProcessRouterMap input file:E:\BiliMusic\HarmonyOS-Phone\oh-package.json5 cache by regenerate.
[2026-10-01T12:04:36.079] [DEBUG] debug-file - Update task entry:default@ProcessRouterMap input file:E:\BiliMusic\HarmonyOS-Phone\entry\src\main\module.json5 cache by regenerate.
[2026-10-01T12:04:36.079] [DEBUG] debug-file - Update task entry:default@ProcessRouterMap input file:E:\BiliMusic\HarmonyOS-Phone\entry\build\default\intermediates\loader\default\pkgContextInfo.json cache from map.
[2026-10-01T12:04:36.079] [DEBUG] debug-file - Update task entry:default@ProcessRouterMap output file:E:\BiliMusic\HarmonyOS-Phone\entry\build\default\intermediates\router_map\default\temp-router-map.json cache.
[2026-10-01T12:04:36.079] [DEBUG] debug-file - Update task entry:default@ProcessRouterMap output file:E:\BiliMusic\HarmonyOS-Phone\entry\build\default\intermediates\router_map\default\loader-router-map.json cache.
[2026-10-01T12:04:36.080] [DEBUG] debug-file - Incremental task entry:default@ProcessRouterMap post-execution cost:2 ms .
[2026-10-01T12:04:36.080] [DEBUG] debug-file - Update task entry:default@ProcessShareConfig input file:E:\BiliMusic\HarmonyOS-Phone\entry\oh-package.json5 cache by regenerate.
[2026-10-01T12:04:36.080] [DEBUG] debug-file - Update task entry:default@ProcessShareConfig input file:E:\BiliMusic\HarmonyOS-Phone\oh-package.json5 cache by regenerate.
[2026-10-01T12:04:36.081] [DEBUG] debug-file - Update task entry:default@ProcessShareConfig input file:E:\BiliMusic\HarmonyOS-Phone\entry\src\main\module.json5 cache by regenerate.
[2026-10-01T12:04:36.081] [DEBUG] debug-file - Update task entry:default@ProcessShareConfig input file:E:\BiliMusic\HarmonyOS-Phone\entry\build\default\intermediates\loader\default\pkgContextInfo.json cache from map.
[2026-10-01T12:04:36.081] [DEBUG] debug-file - Update task entry:default@ProcessShareConfig output file:E:\BiliMusic\HarmonyOS-Phone\entry\build\default\intermediates\share_config\default\temp-share-config.json cache.
[2026-10-01T12:04:36.081] [DEBUG] debug-file - Incremental task entry:default@ProcessShareConfig post-execution cost:1 ms .
[2026-10-01T12:04:36.081] [DEBUG] debug-file - Update task entry:default@ProcessStartupConfig input file:E:\BiliMusic\HarmonyOS-Phone\entry\build\default\intermediates\loader\default\pkgContextInfo.json cache from map.
[2026-10-01T12:04:36.081] [DEBUG] debug-file - Update task entry:default@ProcessStartupConfig output file:E:\BiliMusic\HarmonyOS-Phone\entry\build\default\intermediates\startup\default\startup_config.json cache.
[2026-10-01T12:04:36.081] [DEBUG] debug-file - Incremental task entry:default@ProcessStartupConfig post-execution cost:1 ms .
[2026-10-01T12:04:36.081] [DEBUG] debug-file - Update task entry:default@ProcessResource output file:E:\BiliMusic\HarmonyOS-Phone\entry\build\default\intermediates\res\default\resConfig.json cache.
[2026-10-01T12:04:36.081] [DEBUG] debug-file - Update task entry:default@ProcessResource output file:E:\BiliMusic\HarmonyOS-Phone\entry\build\default\intermediates\res\default\opt-compression.json cache.
[2026-10-01T12:04:36.081] [DEBUG] debug-file - Incremental task entry:default@ProcessResource post-execution cost:1 ms .
[2026-10-01T12:04:36.082] [DEBUG] debug-file - Update task entry:default@GenerateLoaderJson input file:E:\BiliMusic\HarmonyOS-Phone\entry\build\default\intermediates\loader\default\pkgContextInfo.json cache from map.
[2026-10-01T12:04:36.082] [DEBUG] debug-file - Update task entry:default@GenerateLoaderJson input file:E:\BiliMusic\HarmonyOS-Phone\entry\build\default\intermediates\router_map\default\temp-router-map.json cache by regenerate.
[2026-10-01T12:04:36.082] [DEBUG] debug-file - Update task entry:default@GenerateLoaderJson output file:E:\BiliMusic\HarmonyOS-Phone\entry\build\default\intermediates\loader\default\loader.json cache.
[2026-10-01T12:04:36.082] [DEBUG] debug-file - Incremental task entry:default@GenerateLoaderJson post-execution cost:1 ms .
[2026-10-01T12:04:36.082] [DEBUG] debug-file - Update task entry:default@ProcessLibs input file:E:\BiliMusic\HarmonyOS-Phone\build-profile.json5 cache by regenerate.
[2026-10-01T12:04:36.082] [DEBUG] debug-file - Update task entry:default@ProcessLibs input file:E:\BiliMusic\HarmonyOS-Phone\entry\build-profile.json5 cache by regenerate.
[2026-10-01T12:04:36.082] [DEBUG] debug-file - Update task entry:default@ProcessLibs output file:E:\BiliMusic\HarmonyOS-Phone\entry\build\default\intermediates\libs\default cache.
[2026-10-01T12:04:36.083] [DEBUG] debug-file - Incremental task entry:default@ProcessLibs post-execution cost:1 ms .
[2026-10-01T12:04:36.083] [DEBUG] debug-file - Update task entry:default@CompileResource input file:E:\BiliMusic\HarmonyOS-Phone\entry\src\main\resources cache by regenerate.
[2026-10-01T12:04:36.084] [DEBUG] debug-file - Update task entry:default@CompileResource input file:E:\BiliMusic\HarmonyOS-Phone\AppScope\resources cache by regenerate.
[2026-10-01T12:04:36.084] [DEBUG] debug-file - Update task entry:default@CompileResource input file:E:\BiliMusic\HarmonyOS-Phone\entry\build\default\intermediates\process_profile\default\module.json cache from map.
[2026-10-01T12:04:36.084] [DEBUG] debug-file - Update task entry:default@CompileResource input file:E:\BiliMusic\HarmonyOS-Phone\entry\build\default\intermediates\res\default\resConfig.json cache by regenerate.
[2026-10-01T12:04:36.085] [DEBUG] debug-file - Update task entry:default@CompileResource output file:E:\BiliMusic\HarmonyOS-Phone\entry\build\default\intermediates\res\default cache.
[2026-10-01T12:04:36.086] [DEBUG] debug-file - Update task entry:default@CompileResource output file:E:\BiliMusic\HarmonyOS-Phone\entry\build\default\generated\r\default\ResourceTable.h cache.
[2026-10-01T12:04:36.086] [DEBUG] debug-file - Update task entry:default@CompileResource output file:E:\BiliMusic\HarmonyOS-Phone\entry\build\default\generated\r\default\ResourceTable.ts cache.
[2026-10-01T12:04:36.086] [DEBUG] debug-file - Update task entry:default@CompileResource output file:E:\BiliMusic\HarmonyOS-Phone\entry\build\default\generated\r\default cache.
[2026-10-01T12:04:36.086] [DEBUG] debug-file - Incremental task entry:default@CompileResource post-execution cost:4 ms .
[2026-10-01T12:04:36.086] [DEBUG] debug-file - Update task entry:default@DoNativeStrip input file:E:\BiliMusic\HarmonyOS-Phone\entry\build\default\intermediates\libs\default cache by regenerate.
[2026-10-01T12:04:36.086] [DEBUG] debug-file - Update task entry:default@DoNativeStrip output file:E:\BiliMusic\HarmonyOS-Phone\entry\build\default\intermediates\stripped_native_libs\default cache.
[2026-10-01T12:04:36.087] [DEBUG] debug-file - Incremental task entry:default@DoNativeStrip post-execution cost:1 ms .
[2026-10-01T12:04:36.087] [DEBUG] debug-file - Update task entry:default@CompileArkTS input file:E:\BiliMusic\HarmonyOS-Phone\entry\build\default\intermediates\loader\default cache from map.
[2026-10-01T12:04:36.087] [DEBUG] debug-file - Update task entry:default@CompileArkTS input file:E:\BiliMusic\HarmonyOS-Phone\entry\build\default\intermediates\res\default\ResourceTable.txt cache by regenerate.
[2026-10-01T12:04:36.087] [DEBUG] debug-file - Update task entry:default@CompileArkTS input file:E:\BiliMusic\HarmonyOS-Phone\entry\build\default\intermediates\res\default\ark_module.json cache by regenerate.
[2026-10-01T12:04:36.087] [DEBUG] debug-file - Update task entry:default@CompileArkTS input file:E:\BiliMusic\HarmonyOS-Phone\entry\build\default\intermediates\res\default\resources\base\profile cache by regenerate.
[2026-10-01T12:04:36.088] [DEBUG] debug-file - Update task entry:default@CompileArkTS input file:E:\BiliMusic\HarmonyOS-Phone\entry\src\main\ets cache by regenerate.
[2026-10-01T12:04:36.091] [DEBUG] debug-file - Update task entry:default@CompileArkTS input file:E:\BiliMusic\HarmonyOS-Phone\entry\build\default\intermediates\loader\default\pkgContextInfo.json cache by regenerate.
[2026-10-01T12:04:36.091] [DEBUG] debug-file - Update task entry:default@CompileArkTS input file:E:\BiliMusic\HarmonyOS-Phone\entry\build\default\generated\profile\default\BuildProfile.ets cache by regenerate.
[2026-10-01T12:04:36.091] [DEBUG] debug-file - Update task entry:default@CompileArkTS output file:E:\BiliMusic\HarmonyOS-Phone\entry\build\default\intermediates\loader_out\default\ets cache.
[2026-10-01T12:04:36.092] [DEBUG] debug-file - Incremental task entry:default@CompileArkTS post-execution cost:5 ms .
[2026-10-01T12:04:36.092] [DEBUG] debug-file - Update task entry:default@BuildJS input file:E:\BiliMusic\HarmonyOS-Phone\entry\build\default\intermediates\loader\default cache by regenerate.
[2026-10-01T12:04:36.092] [DEBUG] debug-file - Update task entry:default@BuildJS input file:E:\BiliMusic\HarmonyOS-Phone\entry\build\default\intermediates\res\default\ResourceTable.txt cache by regenerate.
[2026-10-01T12:04:36.092] [DEBUG] debug-file - Update task entry:default@BuildJS input file:E:\BiliMusic\HarmonyOS-Phone\entry\build\default\intermediates\res\default\ark_module.json cache by regenerate.
[2026-10-01T12:04:36.092] [DEBUG] debug-file - Update task entry:default@BuildJS input file:E:\BiliMusic\HarmonyOS-Phone\entry\build\default\intermediates\res\default\resources\base\profile cache by regenerate.
[2026-10-01T12:04:36.093] [DEBUG] debug-file - Update task entry:default@BuildJS input file:E:\BiliMusic\HarmonyOS-Phone\entry\build\default\intermediates\loader\default\pkgContextInfo.json cache by regenerate.
[2026-10-01T12:04:36.093] [DEBUG] debug-file - Update task entry:default@BuildJS output file:E:\BiliMusic\HarmonyOS-Phone\entry\build\default\intermediates\loader_out\default\js cache.
[2026-10-01T12:04:36.093] [DEBUG] debug-file - Incremental task entry:default@BuildJS post-execution cost:2 ms .
[2026-10-01T12:04:36.093] [DEBUG] debug-file - Update task entry:default@CacheNativeLibs input file:E:\BiliMusic\HarmonyOS-Phone\entry\build\default\intermediates\stripped_native_libs\default cache by regenerate.
[2026-10-01T12:04:36.093] [DEBUG] debug-file - Update task entry:default@CacheNativeLibs input file:E:\BiliMusic\HarmonyOS-Phone\entry\build\default\intermediates\libs\default cache by regenerate.
[2026-10-01T12:04:36.093] [DEBUG] debug-file - Update task entry:default@CacheNativeLibs output file:E:\BiliMusic\HarmonyOS-Phone\entry\build\default\intermediates\patch\default\base_native_libs.json cache.
[2026-10-01T12:04:36.093] [DEBUG] debug-file - Update task entry:default@CacheNativeLibs output file:E:\BiliMusic\HarmonyOS-Phone\entry\build\default\intermediates\patch\default\binxo_native_libs.json cache.
[2026-10-01T12:04:36.094] [DEBUG] debug-file - Incremental task entry:default@CacheNativeLibs post-execution cost:1 ms .
[2026-10-01T12:04:36.094] [DEBUG] debug-file - Update task entry:default@GeneratePkgModuleJson input file:E:\BiliMusic\HarmonyOS-Phone\entry\build\default\intermediates\res\default\module.json cache from map.
[2026-10-01T12:04:36.094] [DEBUG] debug-file - Update task entry:default@GeneratePkgModuleJson output file:E:\BiliMusic\HarmonyOS-Phone\entry\build\default\intermediates\package\default\module.json cache.
[2026-10-01T12:04:36.094] [DEBUG] debug-file - Incremental task entry:default@GeneratePkgModuleJson post-execution cost:1 ms .
[2026-10-01T12:04:36.094] [DEBUG] debug-file - Incremental task entry:default@ProcessCompiledResources post-execution cost:1 ms .
[2026-10-01T12:04:36.094] [DEBUG] debug-file - Update task entry:default@PackageHap input file:E:\BiliMusic\HarmonyOS-Phone\entry\build\default\outputs\default\pack.info cache from map.
[2026-10-01T12:04:36.095] [DEBUG] debug-file - Update task entry:default@PackageHap input file:E:\BiliMusic\HarmonyOS-Phone\entry\build\default\intermediates\stripped_native_libs\default cache by regenerate.
[2026-10-01T12:04:36.095] [DEBUG] debug-file - Update task entry:default@PackageHap input file:E:\BiliMusic\HarmonyOS-Phone\entry\build\default\intermediates\res\default\module.json cache by regenerate.
[2026-10-01T12:04:36.095] [DEBUG] debug-file - Update task entry:default@PackageHap input file:E:\BiliMusic\HarmonyOS-Phone\entry\build\default\intermediates\res\default\resources cache by regenerate.
[2026-10-01T12:04:36.095] [DEBUG] debug-file - Update task entry:default@PackageHap input file:E:\BiliMusic\HarmonyOS-Phone\entry\build\default\intermediates\res\default\resources.index cache by regenerate.
[2026-10-01T12:04:36.095] [DEBUG] debug-file - Update task entry:default@PackageHap input file:E:\BiliMusic\HarmonyOS-Phone\entry\build\default\intermediates\loader_out\default\ets cache by regenerate.
[2026-10-01T12:04:36.096] [DEBUG] debug-file - Update task entry:default@PackageHap input file:E:\BiliMusic\HarmonyOS-Phone\entry\build\default\intermediates\loader\default\pkgContextInfo.json cache by regenerate.
[2026-10-01T12:04:36.096] [DEBUG] debug-file - Update task entry:default@PackageHap input file:E:\BiliMusic\HarmonyOS-Phone\entry\build\default\intermediates\package\default\module.json cache by regenerate.
[2026-10-01T12:04:36.096] [DEBUG] debug-file - Update task entry:default@PackageHap input file:E:\BiliMusic\HarmonyOS-Phone\entry\build\default\intermediates\loader_out\default\ets\sourceMaps.map cache by regenerate.
[2026-10-01T12:04:36.096] [DEBUG] debug-file - Update task entry:default@PackageHap input file:E:\BiliMusic\HarmonyOS-Phone\entry\build\default\generated\profile\default\BuildProfile.ets cache by regenerate.
[2026-10-01T12:04:36.096] [DEBUG] debug-file - Update task entry:default@PackageHap output file:E:\BiliMusic\HarmonyOS-Phone\entry\build\default\outputs\default\entry-default-unsigned.hap cache.
[2026-10-01T12:04:36.096] [DEBUG] debug-file - Update task entry:default@PackageHap output file:E:\BiliMusic\HarmonyOS-Phone\entry\build\default\intermediates\source_map\default\sourceMaps.map cache.
[2026-10-01T12:04:36.096] [DEBUG] debug-file - Update task entry:default@PackageHap output file:E:\BiliMusic\HarmonyOS-Phone\entry\build\default\outputs\default\mapping\sourceMaps.map cache.
[2026-10-01T12:04:36.097] [DEBUG] debug-file - Incremental task entry:default@PackageHap post-execution cost:3 ms .
[2026-10-01T12:04:36.097] [DEBUG] debug-file - Update task entry:default@SignHap input file:E:\BiliMusic\HarmonyOS-Phone\entry\build\default\outputs\default\entry-default-unsigned.hap cache from map.
[2026-10-01T12:04:36.097] [DEBUG] debug-file - Update task entry:default@SignHap output file:E:\BiliMusic\HarmonyOS-Phone\entry\build\default\outputs\default\entry-default-signed.hap cache.
[2026-10-01T12:04:36.097] [DEBUG] debug-file - Incremental task entry:default@SignHap post-execution cost:1 ms .
[2026-10-01T12:04:36.097] [DEBUG] debug-file - Update task entry:default@CollectDebugSymbol input file:E:\BiliMusic\HarmonyOS-Phone\entry\build\default\intermediates\loader_out\default\ets\sourceMaps.map cache by regenerate.
[2026-10-01T12:04:36.098] [DEBUG] debug-file - Update task entry:default@CollectDebugSymbol input file:E:\BiliMusic\HarmonyOS-Phone\entry\build\default\intermediates\libs\default cache by regenerate.
[2026-10-01T12:04:36.098] [DEBUG] debug-file - Update task entry:default@CollectDebugSymbol output file:E:\BiliMusic\HarmonyOS-Phone\entry\build\default\outputs\default\symbol cache.
[2026-10-01T12:04:36.098] [DEBUG] debug-file - Incremental task entry:default@CollectDebugSymbol post-execution cost:1 ms .
[2026-10-01T12:04:36.107] [DEBUG] debug-file - Cleanup worker 0.
[2026-10-01T12:04:36.107] [DEBUG] debug-file - Cleanup worker 1.
[2026-10-01T12:04:36.107] [DEBUG] debug-file - Cleanup worker 9.
[2026-10-01T12:04:36.108] [DEBUG] debug-file - Cleanup worker 10.
[2026-10-01T12:04:36.108] [DEBUG] debug-file - hvigor build process will be closed.
[2026-10-01T12:04:36.111] [DEBUG] debug-file - worker[1] exits with exit code 1.
[2026-10-01T12:04:36.112] [DEBUG] debug-file - session manager: send message to worker process. WorkerThreadId: 0, data: {"type":"hvigor_failed","reason":"Server has disconnected."}
[2026-10-01T12:04:36.112] [DEBUG] debug-file - session manager: send message to worker process. WorkerThreadId: 0, data: {"type":"CloseWatch","reason":"Server has disconnected."}
[2026-10-01T12:04:36.111] [DEBUG] debug-file - Worker 1 has been cleaned up.
[2026-10-01T12:04:36.111] [DEBUG] debug-file - Current idle worker size: 1.
[2026-10-01T12:04:36.111] [DEBUG] debug-file - Current resident worker size: 4.
[2026-10-01T12:04:36.111] [DEBUG] debug-file - worker[0] exits with exit code 1.
[2026-10-01T12:04:36.112] [DEBUG] debug-file - Worker 0 has been cleaned up.
[2026-10-01T12:04:36.112] [DEBUG] debug-file - Current idle worker size: 1.
[2026-10-01T12:04:36.112] [DEBUG] debug-file - Current resident worker size: 3.
[2026-10-01T12:04:36.113] [DEBUG] debug-file - worker[9] exits with exit code 1.
[2026-10-01T12:04:36.113] [DEBUG] debug-file - Worker 9 has been cleaned up.
[2026-10-01T12:04:36.113] [DEBUG] debug-file - Current idle worker size: 1.
[2026-10-01T12:04:36.113] [DEBUG] debug-file - Current resident worker size: 2.
[2026-10-01T12:04:36.113] [DEBUG] debug-file - worker[10] exits with exit code 1.
[2026-10-01T12:04:36.114] [DEBUG] debug-file - Worker 10 has been cleaned up.
[2026-10-01T12:04:36.114] [DEBUG] debug-file - Current idle worker size: 1.
[2026-10-01T12:04:36.114] [DEBUG] debug-file - Current resident worker size: 1.
[2026-10-01T12:04:36.114] [DEBUG] debug-file - watch worker: worker id should be larger than 0. Nothing will be sent to any worker thread.
[2026-10-01T12:04:36.114] [DEBUG] debug-file - ABORT_WORK sent to workers.
[2026-10-01T12:04:36.114] [DEBUG] debug-file - watch worker: worker id should be larger than 0. Nothing will be sent to any worker thread.
